precision,recall,threshold
0.3743030303030303,1.0,0.002830121200531721
0.37431815426885934,1.0,0.0030511824879795313
0.3743332794569258,1.0,0.003386978292837739
0.3743484058673779,1.0,0.00342864403501153
0.3743635335003637,1.0,0.0034293073695153
0.3743786623560315,1.0,0.0034370110370218754
0.3743937924345296,1.0,0.003631462110206485
0.37440892373600615,1.0,0.0037025620695203543
0.3744240562606095,1.0,0.0037257028743624687
0.3744391900084879,1.0,0.003740919753909111
0.3744543249797898,1.0,0.003803111845627427
0.3744694611746635,1.0,0.0038783594500273466
0.37448459859325733,1.0,0.0039560627192258835
0.3744997372357198,1.0,0.003966809716075659
0.3745148771021992,1.0,0.004016760736703873
0.37453001819284415,1.0,0.004073564428836107
0.374545160507803,1.0,0.004094879608601332
0.37456030404722435,1.0,0.0041239019483327866
0.37457544881125665,1.0,0.004132476169615984
0.3745905948000485,1.0,0.004161999095231295
0.37460574201374847,1.0,0.004199525341391563
0.37462089045250513,1.0,0.004213150590658188
0.3746360401164672,1.0,0.004230926278978586
0.37465119100578315,1.0,0.004254643339663744
0.3746663431206018,1.0,0.004275322891771793
0.3746814964610718,1.0,0.004283869173377752
0.37469665102734184,1.0,0.004318946972489357
0.37471180681956073,1.0,0.004333028104156256
0.3747269638378772,1.0,0.004385641776025295
0.37474212208244,1.0,0.004429093096405268
0.37475728155339805,1.0,0.004429574124515057
0.3747724422509001,1.0,0.004474185407161713
0.37478760417509505,1.0,0.0044768028892576694
0.3748027673261318,1.0,0.004495809320360422
0.3748179317041592,1.0,0.0045357998460531235
0.37483309730932635,1.0,0.0045424229465425014
0.37484826414178196,1.0,0.004559183493256569
0.37486343220167523,1.0,0.00455993227660656
0.3748786014891551,1.0,0.004569320473819971
0.3748937720043705,1.0,0.004603137727826834
0.37490894374747064,1.0,0.004622334148734808
0.37492411671860454,1.0,0.0046247635036706924
0.37493929091792133,1.0,0.004659951198846102
0.37495446634557006,1.0,0.0046621146611869335
0.3749696430017,1.0,0.004663311876356602
0.37498482088646024,1.0,0.004681751597672701
0.375,1.0,0.0047006430104374886
0.3750151803424685,1.0,0.004705446306616068
0.37503036191401506,1.0,0.004721957724541426
0.37504554471478885,1.0,0.004740913864225149
0.3750607287449393,1.0,0.004900187719613314
0.3750759140046156,1.0,0.004941243212670088
0.3750911004939671,1.0,0.004943536594510078
0.3751062882131433,1.0,0.004958632402122021
0.3751214771622935,1.0,0.004979712422937155
0.37513666734156714,1.0,0.004982697311788797
0.3751518587511136,1.0,0.004991530440747738
0.3751670513910825,1.0,0.005012600217014551
0.3751822452616232,1.0,0.005057180766016245
0.37519744036288527,1.0,0.005074701737612486
0.37521263669501825,1.0,0.005082826130092144
0.37522783425817163,1.0,0.005108268931508064
0.3752430330524951,1.0,0.0051127150654792786
0.37525823307813827,1.0,0.005139732733368874
0.37527343433525073,1.0,0.005192429292947054
0.37528863682398217,1.0,0.005200940649956465
0.37530384054448224,1.0,0.005223670043051243
0.3753190454969007,1.0,0.005233583506196737
0.37533425168138723,1.0,0.005241789855062962
0.37534945909809164,1.0,0.005254969000816345
0.3753646677471637,1.0,0.0052592079155147076
0.3753798776287532,1.0,0.005280021578073502
0.37539508874301,1.0,0.005311743821948767
0.3754103010900839,1.0,0.005312270484864712
0.3754255146701248,1.0,0.005326396785676479
0.37544072948328266,1.0,0.00540440808981657
0.3754559455297074,1.0,0.005433778278529644
0.3754711628095489,1.0,0.005434518214315176
0.3754863813229572,1.0,0.005517138168215752
0.3755016010700823,1.0,0.0055455551482737064
0.3755168220510742,1.0,0.005546825472265482
0.37553204426608294,1.0,0.005547420121729374
0.37554726771525865,1.0,0.005665081553161144
0.3755624923987514,1.0,0.0056863222271203995
0.3755777183167113,1.0,0.005688266362994909
0.37559294546928845,1.0,0.005694256629794836
0.37560817385663314,1.0,0.0057077715173363686
0.3756234034788955,1.0,0.005786154419183731
0.3756386343362258,1.0,0.0058078463189303875
0.3756538664287742,1.0,0.005850659683346748
0.375669099756691,1.0,0.005871066357940435
0.37568433432012655,1.0,0.005872418638318777
0.3756995701192311,1.0,0.005893101915717125
0.375714807154155,1.0,0.005956321023404598
0.3757300454250487,1.0,0.005993780680000782
0.37574528493206244,1.0,0.0060080536641180515
0.3757605256753468,1.0,0.006008415017277002
0.3757757676550521,1.0,0.006046329624950886
0.3757910108713289,1.0,0.006050730589777231
0.3758062553243276,1.0,0.006086200941354036
0.37582150101419876,1.0,0.006098671816289425
0.37583674794109295,1.0,0.006177338305860758
0.3758519961051607,1.0,0.00619493005797267
0.37586724550655254,1.0,0.00624897750094533
0.37588249614541913,1.0,0.006259017623960972
0.3758977480219111,1.0,0.0062591154128313065
0.3759130011361792,1.0,0.006274729035794735
0.375928255488374,1.0,0.0062957280315458775
0.3759435110786462,1.0,0.006296838168054819
0.3759587679071466,1.0,0.006313957739621401
0.37597402597402596,1.0,0.006360228173434734
0.37598928527943504,1.0,0.00636176485568285
0.37600454582352466,1.0,0.00636389059945941
0.3760198076064456,1.0,0.006370424758642912
0.37603507062834873,1.0,0.006389374379068613
0.376050334889385,1.0,0.006406464613974094
0.37606560038970527,1.0,0.0064256940968334675
0.3760808671294605,1.0,0.006480141542851925
0.3760961351088016,1.0,0.006519249640405178
0.3761114043278795,1.0,0.006535625550895929
0.3761266747868453,1.0,0.006536074914038181
0.37614194648585003,1.0,0.006583001464605331
0.37615721942504465,1.0,0.006587683223187923
0.3761724936045803,1.0,0.0066241188906133175
0.37618776902460815,1.0,0.006633988115936518
0.3762030456852792,1.0,0.006648442707955837
0.3762183235867446,1.0,0.006676007062196732
0.3762336027291557,1.0,0.006676225457340479
0.37624888311266347,1.0,0.006732302717864513
0.37626416473741925,1.0,0.006763075478374958
0.37627944760357435,1.0,0.0068252249620854855
0.3762947317112799,1.0,0.006829185411334038
0.3763100170606873,1.0,0.006881596986204386
0.37632530365194783,1.0,0.006913342047482729
0.37634059148521287,1.0,0.006983429193496704
0.37635588056063374,1.0,0.006990466266870499
0.3763711708783619,1.0,0.007003476843237877
0.37638646243854873,1.0,0.0070144059136509895
0.37640175524134567,1.0,0.007057489827275276
0.3764170492869042,1.0,0.007062026299536228
0.3764323445753759,1.0,0.007069104351103306
0.3764476411069121,1.0,0.007070868741720915
0.3764629388816645,1.0,0.007070939056575298
0.37647823789978463,1.0,0.00707434443756938
0.37649353816142406,1.0,0.0070943827740848064
0.37650883966673443,1.0,0.0071862381882965565
0.37652414241586735,1.0,0.007212663069367409
0.3765394464089745,1.0,0.007218069396913052
0.3765547516462076,1.0,0.0072432211600244045
0.3765700581277184,1.0,0.007247347384691238
0.37658536585365854,1.0,0.00729358522221446
0.37660067482417986,1.0,0.007309673819690943
0.3766159850394341,1.0,0.007323738653212786
0.3766312964995731,1.0,0.007349906489253044
0.37664660920474874,1.0,0.007402446586638689
0.3766619231551128,1.0,0.007454650476574898
0.3766772383508173,1.0,0.007457198575139046
0.37669255479201397,1.0,0.007489689160138369
0.3767078724788549,1.0,0.007495273370295763
0.376723191411492,1.0,0.007498675957322121
0.37673851159007726,1.0,0.007568740751594305
0.3767538330147627,1.0,0.0075749862007796764
0.37676915568570035,1.0,0.007577087264508009
0.37678447960304223,1.0,0.0076348683796823025
0.3767998047669405,1.0,0.007639443967491388
0.3768151311775473,1.0,0.007673452142626047
0.37683045883501465,1.0,0.007710189092904329
0.3768457877394948,1.0,0.007711941376328468
0.37686111789113985,1.0,0.007716262713074684
0.3768764492901021,1.0,0.007721331901848316
0.3768917819365338,1.0,0.007746460381895304
0.3769071158305871,1.0,0.007784144952893257
0.37692245097241434,1.0,0.007844531908631325
0.3769377873621679,1.0,0.007949041202664375
0.376953125,1.0,0.007958915084600449
0.3769684638860631,1.0,0.00796008575707674
0.37698380402050946,1.0,0.007964888587594032
0.37699914540349166,1.0,0.007989528588950634
0.37701448803516197,1.0,0.007996130734682083
0.37702983191567296,1.0,0.008029084652662277
0.37704517704517704,1.0,0.008037049323320389
0.3770605234238268,1.0,0.008117587305605412
0.37707587105177465,1.0,0.008170587942004204
0.37709121992917327,1.0,0.008244764991104603
0.3771065700561752,1.0,0.008263344876468182
0.37712192143293305,1.0,0.008281159214675426
0.3771372740595994,1.0,0.00830371119081974
0.377152627936327,1.0,0.008387021720409393
0.3771679830632685,1.0,0.00840656366199255
0.3771833394405765,1.0,0.008478374220430851
0.3771986970684039,1.0,0.008480602875351906
0.3772140559469034,1.0,0.008510940708220005
0.37722941607622773,1.0,0.00858196709305048
0.37724477745652973,1.0,0.008634829893708229
0.3772601400879622,1.0,0.008663608692586422
0.37727550397067805,1.0,0.008746756240725517
0.3772908691048302,1.0,0.008900832384824753
0.3773062354905714,1.0,0.008908874355256557
0.37732160312805474,1.0,0.00892096571624279
0.3773369720174331,1.0,0.008962919004261494
0.3773523421588595,1.0,0.008994579315185547
0.3773677135524869,1.0,0.009073865599930286
0.37738308619846833,1.0,0.009113792330026627
0.3773984600969569,1.0,0.009176313877105713
0.3774138352481056,1.0,0.00920055527240038
0.3774292116520676,1.0,0.009271997958421707
0.3774445893089961,1.0,0.009283780120313168
0.37745996821904415,1.0,0.009300236590206623
0.3774753483823649,1.0,0.009429539553821087
0.3774907297991117,1.0,0.009478708729147911
0.37750611246943766,1.0,0.009625098668038845
0.3775214963934961,1.0,0.009679253213107586
0.3775368815714402,1.0,0.009768033400177956
0.3775522680034234,1.0,0.00986673403531313
0.37756765568959894,1.0,0.009874534793198109
0.3775830446301202,1.0,0.009875252842903137
0.3775984348251406,1.0,0.009908611886203289
0.3776138262748135,1.0,0.009915518574416637
0.37762921897929236,1.0,0.009965403936803341
0.3776446129387306,1.0,0.010065729729831219
0.3776600081532817,1.0,0.010071086697280407
0.3776754046230992,1.0,0.010130831971764565
0.3776908023483366,1.0,0.010210123844444752
0.37770620132914745,1.0,0.01023792289197445
0.3777216015656854,1.0,0.010252564214169979
0.377737003058104,1.0,0.010264784097671509
0.37775240580655683,1.0,0.010293201543390751
0.3777678098111977,1.0,0.010324643924832344
0.3777832150721801,1.0,0.010349556803703308
0.37781402936378466,1.0,0.010392864234745502
0.3778294383947143,1.0,0.010432535782456398
0.37784484868260054,1.0,0.010451579466462135
0.37786026022759717,1.0,0.01047609280794859
0.37787567302985803,1.0,0.010486473329365253
0.377891087089537,1.0,0.010497641749680042
0.37790650240678797,1.0,0.010513810440897942
0.3779219189817648,1.0,0.01051522046327591
0.3779373368146214,1.0,0.010554621927440166
0.3779527559055118,1.0,0.010572483763098717
0.37796817625458995,1.0,0.010590295307338238
0.37799902072792557,1.0,0.010612391866743565
0.37801444485249114,1.0,0.010635407641530037
0.3780298702358606,1.0,0.010638403706252575
0.3780452968781881,1.0,0.01067518349736929
0.37809158436046036,1.0,0.01069591287523508
0.3781070160401616,1.0,0.010747876018285751
0.37812244897959185,1.0,0.010750633664429188
0.3781378831789053,1.0,0.010757639072835445
0.3781533186382562,1.0,0.010761303827166557
0.3781687553577989,1.0,0.010796228423714638
0.37818419333768777,1.0,0.010814366862177849
0.378230514840975,1.0,0.010816611349582672
0.3782459578637923,1.0,0.010832883417606354
0.37826140214772774,1.0,0.010850653983652592
0.3782768476929359,1.0,0.010853438638150692
0.37829229449957125,1.0,0.010864818468689919
0.3783077425677883,1.0,0.010878796689212322
0.37832319189774166,1.0,0.010932856239378452
0.3783386424895859,1.0,0.010973132215440273
0.3783540943434756,1.0,0.010978826321661472
0.3783695474595654,1.0,0.011010132730007172
0.37838500183801005,1.0,0.01101223099976778
0.3784004574789641,1.0,0.011054114438593388
0.37841591438258243,1.0,0.01106705516576767
0.3784313725490196,1.0,0.011081703007221222
0.3784468319784305,1.0,0.01109008863568306
0.37846229267096987,1.0,0.011104028671979904
0.3784777546267925,1.0,0.011131487786769867
0.3784932178460533,1.0,0.011139443144202232
0.37850868232890705,1.0,0.01114325225353241
0.3785241480755087,1.0,0.011161589063704014
0.37853961508601314,1.0,0.01119561679661274
0.37855508336057536,1.0,0.011217792518436909
0.37857055289935027,1.0,0.011224999092519283
0.37858602370249284,1.0,0.011225967667996883
0.37860149577015817,1.0,0.011250601150095463
0.3786169691025012,1.0,0.011258469894528389
0.37863244369967713,1.0,0.011261804029345512
0.3786479195618409,1.0,0.011276457458734512
0.3786633966891478,1.0,0.011300714686512947
0.37869435473981117,1.0,0.01131382305175066
0.37870983566347804,1.0,0.011320151388645172
0.3787253178529087,1.0,0.011322643607854843
0.3787408013082584,1.0,0.011324314400553703
0.3787562860296823,1.0,0.011327267624437809
0.37877177201733586,1.0,0.011362431570887566
0.37878725927137424,1.0,0.011375289410352707
0.37881823757922717,1.0,0.011378957889974117
0.3788337286333524,1.0,0.011390442959964275
0.3788492209544841,1.0,0.011409401893615723
0.3788647145427777,1.0,0.01142099779099226
0.3788802093983886,1.0,0.011424061842262745
0.3788957055214724,1.0,0.011429562233388424
0.37892670157068065,1.0,0.011434298008680344
0.3789422014971162,1.0,0.011447959579527378
0.3789577026916469,1.0,0.011451526544988155
0.3789732051544283,1.0,0.01145841646939516
0.3790042138853659,1.0,0.01146275456994772
0.37903522769117465,1.0,0.011467543430626392
0.3790662465731004,1.0,0.011482130736112595
0.3790817579179966,1.0,0.01149948500096798
0.3790972705323894,1.0,0.011502351611852646
0.37911278441643476,1.0,0.011512055061757565
0.37912829957028854,1.0,0.01152010541409254
0.37914381599410657,1.0,0.011521751061081886
0.3791748526522593,1.0,0.011527291499078274
0.379190372886906,1.0,0.011533660814166069
0.3792058943921408,1.0,0.011545762419700623
0.37922141716811986,1.0,0.011550634168088436
0.3792369412149992,1.0,0.011551047675311565
0.37926799312208304,1.0,0.011562361381947994
0.3792835209825998,1.0,0.011569126509130001
0.3792990501146413,1.0,0.011569579131901264
0.37931458051836386,1.0,0.011588461697101593
0.3793301121939235,1.0,0.011590482667088509
0.37936117936117936,1.0,0.011605262756347656
0.3793767148531881,1.0,0.01161396224051714
0.3793922516176591,1.0,0.011639464646577835
0.37940778965474875,1.0,0.011647998355329037
0.37945441140329317,1.0,0.011652549728751183
0.37948549893495004,1.0,0.011655109003186226
0.3795165915608357,1.0,0.01165983360260725
0.37953213978450573,1.0,0.011665808036923409
0.37954768928220256,1.0,0.011667347513139248
0.3795632400540828,1.0,0.011677860282361507
0.3795787921003032,1.0,0.01170725654810667
0.3795943454210203,1.0,0.011725222691893578
0.3796099000163908,1.0,0.011729286052286625
0.3796254558865713,1.0,0.011730125173926353
0.3796410130317187,1.0,0.011736772023141384
0.37965657145198967,1.0,0.01174792181700468
0.379672131147541,1.0,0.011757779866456985
0.37968769211852943,1.0,0.01177744846791029
0.3797032543651119,1.0,0.011785048060119152
0.37971881788744516,1.0,0.011785670183598995
0.3797499487599918,1.0,0.011789431795477867
0.3798277982779828,1.0,0.011812340468168259
0.3798433720119726,1.0,0.011819400824606419
0.37987452331160043,1.0,0.011824826709926128
0.3798901008775527,1.0,0.011828024871647358
0.3799212598425197,1.0,0.011836076155304909
0.37993684124184884,1.0,0.01183917187154293
0.37995242391928474,1.0,0.011846872977912426
0.37996800787498464,1.0,0.0118479048833251
0.38001476741324147,1.0,0.011853975243866444
0.38004594683295045,1.0,0.011859992519021034
0.38006153846153845,1.0,0.011866023764014244
0.38007713136949206,1.0,0.01187328901141882
0.38009272555696877,1.0,0.011874893680214882
0.38010832102412606,1.0,0.01188855990767479
0.3801239177711214,1.0,0.011891203001141548
0.38013951579811245,1.0,0.011897272430360317
0.3801551151052567,1.0,0.011904512532055378
0.38017071569271177,1.0,0.011914770118892193
0.3801863175606353,1.0,0.011917846277356148
0.3802019207091849,1.0,0.011927912011742592
0.38021752513851836,1.0,0.011936794966459274
0.38026434611279863,1.0,0.01194912288337946
0.38029556650246304,1.0,0.011956005357205868
0.38031117861981195,1.0,0.011968539096415043
0.38034240670033254,1.0,0.011989922262728214
0.38035802266382,1.0,0.011991104111075401
0.3803736399096695,1.0,0.012004408985376358
0.38038925843803895,1.0,0.012005540542304516
0.38040487824908636,1.0,0.012016580440104008
0.3804204993429698,1.0,0.012019926682114601
0.38043612171984725,1.0,0.012021228671073914
0.3804517453798768,1.0,0.01202364731580019
0.38046737032321654,1.0,0.012031001970171928
0.38048299655002465,1.0,0.012033325619995594
0.3804986240604592,1.0,0.012042030692100525
0.3805298829328404,1.0,0.012051695957779884
0.3805455142951035,1.0,0.012052115984261036
0.3805611469416259,1.0,0.012057379819452763
0.38059241608808186,1.0,0.01205851137638092
0.38060805258833197,1.0,0.012062055058777332
0.38062369037347465,1.0,0.012070650234818459
0.38063932944366835,1.0,0.01208027545362711
0.3806549697990714,1.0,0.01208912767469883
0.38073319085977314,1.0,0.01210140623152256
0.38076448828606657,1.0,0.012101435102522373
0.3807957908582703,1.0,0.01211566012352705
0.38081144407448514,1.0,0.01212026085704565
0.38082709857765357,1.0,0.012120671570301056
0.38085841144548593,1.0,0.012129278853535652
0.38093671614786795,1.0,0.012141603976488113
0.38099938309685377,1.0,0.012143714353442192
0.3810150530558526,1.0,0.012154147028923035
0.38103072430387036,1.0,0.012164044193923473
0.3810463968410661,1.0,0.01217725221067667
0.381062070667599,1.0,0.012181222438812256
0.38107774578362813,1.0,0.012185961939394474
0.3810934221893126,1.0,0.012206275947391987
0.3811247788702843,1.0,0.012220093049108982
0.3811404591458899,1.0,0.012221676297485828
0.3811561407117877,1.0,0.012225671671330929
0.38117182356813695,1.0,0.01222690474241972
0.3811875077150969,1.0,0.012237885035574436
0.3812031931528269,1.0,0.012243957258760929
0.38121887988148634,1.0,0.0122486287727952
0.38123456790123456,1.0,0.012270166538655758
0.38125025721223094,1.0,0.012271384708583355
0.38126594781463496,1.0,0.012280860915780067
0.3813130273718872,1.0,0.012290900573134422
0.38134442020335074,1.0,0.01229651179164648
0.3814386297196031,1.0,0.012297067791223526
0.38145433583134314,1.0,0.012317047454416752
0.3814700432365658,1.0,0.012321462854743004
0.3814857519354307,1.0,0.012321648187935352
0.38156431483998515,1.0,0.012323493137955666
0.38159574906289906,1.0,0.012337349355220795
0.38172153776422596,1.0,0.012341429479420185
0.3817529978983805,1.0,0.012349562719464302
0.38176872991016236,1.0,0.012363995425403118
0.38178446321862763,1.0,0.01236414723098278
0.3818001978239367,1.0,0.012374818325042725
0.38181593372624983,1.0,0.012382414191961288
0.38183167092572745,1.0,0.012387523427605629
0.38184740942253,1.0,0.012392506934702396
0.3818631492168178,1.0,0.012396089732646942
0.3818788903087514,1.0,0.012399873696267605
0.3818946326984912,1.0,0.012405813671648502
0.3819103763861978,1.0,0.012415655888617039
0.38192612137203164,1.0,0.012422977946698666
0.38194186765615334,1.0,0.012423364445567131
0.3819576152387235,1.0,0.012430509552359581
0.3819733641199027,1.0,0.012432769872248173
0.38198911429985155,1.0,0.01244020089507103
0.3820048657787308,1.0,0.012446681968867779
0.38202061855670105,1.0,0.012464776635169983
0.38203637263392304,1.0,0.012465868145227432
0.38205212801055755,1.0,0.012467347085475922
0.3820678846867654,1.0,0.01246736478060484
0.382099401938544,1.0,0.012471774592995644
0.38211516251443656,1.0,0.012474101036787033
0.38213092439054575,1.0,0.012478823773562908
0.3821624520440576,1.0,0.012508763000369072
0.38219398490036716,1.0,0.012508845888078213
0.3822097532799736,1.0,0.012510006316006184
0.38222552296076245,1.0,0.012510307133197784
0.38224129394289486,1.0,0.012511131353676319
0.3822570662265319,1.0,0.0125202601775527
0.38228861469896425,1.0,0.012522482313215733
0.3823043908880819,1.0,0.012532982975244522
0.3823517272689752,1.0,0.012540804222226143
0.38236750866765723,1.0,0.012549445964396
0.3824148606811146,1.0,0.01255194004625082
0.38243064729194187,1.0,0.012556438334286213
0.38244643520620897,1.0,0.012557277455925941
0.3824622244240773,1.0,0.012559996917843819
0.38247801494570827,1.0,0.01256479974836111
0.38249380677126343,1.0,0.012571865692734718
0.3825095999009043,1.0,0.012574275955557823
0.3825253943347923,1.0,0.012576224282383919
0.38255698711595637,1.0,0.012577769346535206
0.38257278546355566,1.0,0.01258253213018179
0.3826043860735968,1.0,0.01258279848843813
0.38262018833636213,1.0,0.012587040662765503
0.38265179677819083,1.0,0.012601817958056927
0.38266760295757773,1.0,0.012606274336576462
0.38268341044282883,1.0,0.012614581733942032
0.3826992192341058,1.0,0.012621662579476833
0.38273084073538527,1.0,0.012622173875570297
0.38274665344571146,1.0,0.012625913135707378
0.38276246746271125,1.0,0.012635837309062481
0.3827782827865466,1.0,0.012638662941753864
0.38279409941737946,1.0,0.01263980008661747
0.3828099173553719,1.0,0.012645895592868328
0.382825736600686,1.0,0.012652124278247356
0.3828415571534838,1.0,0.012652642093598843
0.38285737901392736,1.0,0.012653565965592861
0.38287320218217885,1.0,0.01265646144747734
0.3829206795354028,1.0,0.012660014443099499
0.38293650793650796,1.0,0.012672082521021366
0.38295233764623204,1.0,0.012672298587858677
0.3829681686647375,1.0,0.012676730751991272
0.38298400099218655,1.0,0.012677399441599846
0.38299983462874154,1.0,0.012678395956754684
0.38301566957456484,1.0,0.012685531750321388
0.38303150582981893,1.0,0.01269151084125042
0.3830473433946661,1.0,0.012692824937403202
0.38306318226926894,1.0,0.012700064107775688
0.38307902245378983,1.0,0.01271032728254795
0.3830948639483914,1.0,0.01271105743944645
0.383110706753236,1.0,0.012711099348962307
0.38312655086848635,1.0,0.012720665894448757
0.3831582430308545,1.0,0.012723241932690144
0.38317409107829753,1.0,0.012732846662402153
0.3831899404367968,1.0,0.012734831310808659
0.3832216430876148,1.0,0.012734956108033657
0.38323749638025895,1.0,0.01275553647428751
0.3832533509846103,1.0,0.01276463083922863
0.38326920690083155,1.0,0.012767130509018898
0.38328506412908564,1.0,0.012767803855240345
0.38330092266953536,1.0,0.012769919820129871
0.3833167825223436,1.0,0.012773280963301659
0.3833326436876733,1.0,0.012789874337613583
0.3833643699565487,1.0,0.01279186736792326
0.38338023506042046,1.0,0.012809691950678825
0.38339610147746556,1.0,0.012810301035642624
0.38341196920784704,1.0,0.012825047597289085
0.383427838251728,1.0,0.012829805724322796
0.3834437086092715,1.0,0.012838286347687244
0.38345958028064075,1.0,0.012845613062381744
0.38347545326599886,1.0,0.012848570942878723
0.38349132756550897,1.0,0.012856519781053066
0.3835230801076382,1.0,0.012857161462306976
0.38353895835058377,1.0,0.012858850881457329
0.3835548379083344,1.0,0.012910940684378147
0.3835707187810533,1.0,0.012911816127598286
0.38358660096890396,1.0,0.012915085069835186
0.38361836929065385,1.0,0.012917018495500088
0.3836342554248799,1.0,0.012928240932524204
0.3836501428748913,1.0,0.01292986050248146
0.3836660316408515,1.0,0.012951774522662163
0.383681921722924,1.0,0.01295379176735878
0.38376139188069597,1.0,0.01297940593212843
0.3837772898628775,1.0,0.012986010871827602
0.3837931891623167,1.0,0.012990045361220837
0.3838090897791772,1.0,0.012999776750802994
0.38382499171362283,1.0,0.01300253625959158
0.3838408949658173,1.0,0.013003772124648094
0.38385679953592444,1.0,0.013007168658077717
0.38387270542410806,1.0,0.013016588054597378
0.3838886126305321,1.0,0.013018498197197914
0.38390452115536033,1.0,0.013034597039222717
0.3839204309987567,1.0,0.013034708797931671
0.38393634216088524,1.0,0.01303597167134285
0.3839522546419098,1.0,0.013036328367888927
0.38396816844199444,1.0,0.013037401251494884
0.38398408356130315,1.0,0.013042193837463856
0.384,1.0,0.013054002076387405
0.38401591775824906,1.0,0.0130589185282588
0.3840318368362144,1.0,0.013058973476290703
0.3840477572340602,1.0,0.01308770477771759
0.3840636789519506,1.0,0.013087790459394455
0.38407960199004976,1.0,0.01309017464518547
0.3840955263485219,1.0,0.01309973280876875
0.38411145202753133,1.0,0.013100837357342243
0.3841273790272422,1.0,0.013102563098073006
0.3841433073478189,1.0,0.01310327835381031
0.38415923698942567,1.0,0.013111067935824394
0.38417516795222695,1.0,0.013129152357578278
0.38419110023638703,1.0,0.013134694658219814
0.38420703384207033,1.0,0.013144254684448242
0.38422296876944134,1.0,0.013150353915989399
0.3842389050186645,1.0,0.013155453838407993
0.38425484258990417,1.0,0.01317787729203701
0.38427078148332505,1.0,0.01320635061711073
0.38424523997179244,0.999892055267703,0.01321418210864067
0.3842611797892641,0.999892055267703,0.013215729966759682
0.3842771209292678,0.999892055267703,0.013219679705798626
0.3842930633919681,0.999892055267703,0.013220183551311493
0.38430900717752975,0.999892055267703,0.013225970789790154
0.3843408987178955,0.999892055267703,0.01322670467197895
0.38435684647302903,0.999892055267703,0.01322806254029274
0.38437279555168263,0.999892055267703,0.013233807869255543
0.38438874595402106,0.999892055267703,0.013261046260595322
0.38440469768020913,0.999892055267703,0.01327453088015318
0.3844206507304117,0.999892055267703,0.013274986296892166
0.38443660510479355,0.999892055267703,0.013290328904986382
0.3844525608035195,0.999892055267703,0.013294619508087635
0.3844685178267547,0.999892055267703,0.013302534818649292
0.3844844761746638,0.999892055267703,0.013307323679327965
0.3845004358474119,0.999892055267703,0.013316730968654156
0.384516396845164,0.999892055267703,0.013318824581801891
0.38453235916808504,0.999892055267703,0.013341645710170269
0.3845483228163401,0.999892055267703,0.013346235267817974
0.3845962217147602,0.999892055267703,0.013367141596972942
0.3845866378773409,0.9997841105354058,0.013373696245253086
0.3846026077568308,0.9997841105354058,0.013386550359427929
0.38461857896266766,0.9997841105354058,0.013393270783126354
0.38463455149501663,0.9997841105354058,0.013395886868238449
0.3846505253540429,0.9997841105354058,0.013397840782999992
0.38466650053991197,0.9997841105354058,0.013402044773101807
0.38468247705278896,0.9997841105354058,0.013403192162513733
0.3846984548928393,0.9997841105354058,0.01340336911380291
0.3847144340602284,0.9997841105354058,0.013411372900009155
0.3847304145551217,0.9997841105354058,0.013415979221463203
0.38474639637768454,0.9997841105354058,0.013421819545328617
0.38477836400648086,0.9997841105354058,0.01342253852635622
0.3847943498130453,0.9997841105354058,0.013442500494420528
0.3848103369479413,0.9997841105354058,0.013447807170450687
0.38482632541133455,0.9997841105354058,0.013464911840856075
0.3848423152033905,0.9997841105354058,0.013466482982039452
0.3848583063242749,0.9997841105354058,0.013472597114741802
0.38487429877415336,0.9997841105354058,0.013482360169291496
0.3848902925531915,0.9997841105354058,0.01349129993468523
0.3849062876615551,0.9997841105354058,0.01350244227796793
0.3849222840994099,0.9997841105354058,0.013512634672224522
0.3849382818669216,0.9997841105354058,0.013514731079339981
0.38495428096425605,0.9997841105354058,0.013519703410565853
0.384970281391579,0.9997841105354058,0.013520518317818642
0.3849862831490565,0.9997841105354058,0.013534408062696457
0.3850022862368541,0.9997841105354058,0.01354049053043127
0.385018290655138,0.9997841105354058,0.013553349301218987
0.385034296404074,0.9997841105354058,0.013565357774496078
0.38505030348382807,0.9997841105354058,0.013581338338553905
0.3850663118945662,0.9997841105354058,0.013599064201116562
0.38508232163645434,0.9997841105354058,0.013601917773485184
0.38509833270965865,0.9997841105354058,0.013608776964247227
0.3851143451143451,0.9997841105354058,0.013608784414827824
0.38513035885067987,0.9997841105354058,0.01361151784658432
0.385146373918829,0.9997841105354058,0.013612509705126286
0.38517840805123515,0.9997841105354058,0.013627308420836926
0.3851944271158245,0.9997841105354058,0.013646588660776615
0.385210447512893,0.9997841105354058,0.013657779432833195
0.385226469242607,0.9997841105354058,0.013669217936694622
0.3852424923051327,0.9997841105354058,0.013677090406417847
0.38525851670063643,0.9997841105354058,0.01368148997426033
0.38527454242928455,0.9997841105354058,0.013686896301805973
0.3852905694912434,0.9997841105354058,0.013695497997105122
0.3853065978866794,0.9997841105354058,0.013696335256099701
0.38532262761575903,0.9997841105354058,0.013699511997401714
0.3852970544183724,0.9996761658031088,0.013706052675843239
0.3853130850842521,0.9996761658031088,0.013716138899326324
0.385345150418175,0.9996761658031088,0.013716364279389381
0.38536118508655126,0.9996761658031088,0.013722345232963562
0.38533560817277684,0.9995682210708118,0.013741105794906616
0.3853516437786101,0.9995682210708118,0.013752114959061146
0.385367680719131,0.9995682210708118,0.013767443597316742
0.3853837189945064,0.9995682210708118,0.013773499988019466
0.38539975860490283,0.9995682210708118,0.013806450180709362
0.38537417797386164,0.9994602763385146,0.013806942850351334
0.38539021852237254,0.9994602763385146,0.013809774070978165
0.3854062604062604,0.9994602763385146,0.013827468268573284
0.385422303625692,0.9994602763385146,0.013830115087330341
0.3854383481808342,0.9994602763385146,0.013841181062161922
0.3854543940718538,0.9994602763385146,0.013845308683812618
0.38547044129891755,0.9994602763385146,0.013851183466613293
0.3854864898621924,0.9994602763385146,0.01386259775608778
0.3855025397618453,0.9994602763385146,0.013873404823243618
0.38551859099804303,0.9994602763385146,0.013876528479158878
0.3855346435709527,0.9994602763385146,0.01389867253601551
0.3855506974807412,0.9994602763385146,0.013909336179494858
0.38556675272757557,0.9994602763385146,0.013912430964410305
0.38558280931162286,0.9994602763385146,0.013924261555075645
0.38559886723305015,0.9994602763385146,0.013930469751358032
0.3856149264920245,0.9994602763385146,0.013935738243162632
0.385630987088713,0.9994602763385146,0.013938640244305134
0.38564704902328295,0.9994602763385146,0.013950632885098457
0.3856631122959014,0.9994602763385146,0.013952351175248623
0.38571131014372007,0.9994602763385146,0.013953013345599174
0.38572737877020496,0.9994602763385146,0.013962156139314175
0.3857434487355747,0.9994602763385146,0.01396909635514021
0.38575952003999664,0.9994602763385146,0.013971125707030296
0.3857755926836382,0.9994602763385146,0.013972236774861813
0.38579166666666664,0.9994602763385146,0.013973352499306202
0.38580774198924955,0.9994602763385146,0.013981172814965248
0.3858238186515543,0.9994602763385146,0.013981902040541172
0.3858398966537484,0.9994602763385146,0.0139837097376585
0.38585597599599936,0.9994602763385146,0.013989030383527279
0.3858720566784747,0.9994602763385146,0.013998189009726048
0.385888138701342,0.9994602763385146,0.014000342227518559
0.3858625432417789,0.9993523316062176,0.014000426977872849
0.38587862620873625,0.9993523316062176,0.014008182100951672
0.38589471051644364,0.9993523316062176,0.014013821259140968
0.3859268831547793,0.9993523316062176,0.014019923284649849
0.38594297148574286,0.9993523316062176,0.01403407659381628
0.3859173719097845,0.9992443868739206,0.014046307653188705
0.38593346118569166,0.9992443868739206,0.014052021317183971
0.38594955180321033,0.9992443868739206,0.014056163839995861
0.3859817370637535,0.9992443868739206,0.014084065333008766
0.38599783170711366,0.9992443868739206,0.014105367474257946
0.3860139276927568,0.9992443868739206,0.014107484370470047
0.3860300250208507,0.9992443868739206,0.0141107477247715
0.38604612369156344,0.9992443868739206,0.014116685837507248
0.386062223705063,0.9992443868739206,0.014121191576123238
0.3860783250615173,0.9992443868739206,0.01412888802587986
0.3860944277610944,0.9992443868739206,0.01414041593670845
0.3861105318039625,0.9992443868739206,0.014141140505671501
0.3861427439202436,0.9992443868739206,0.014141866005957127
0.38615885199399297,0.9992443868739206,0.014163202606141567
0.3861749614117058,0.9992443868739206,0.014172205701470375
0.38614935335836464,0.9991364421416234,0.014179603196680546
0.3861654637239768,0.9991364421416234,0.01418020948767662
0.3861815754339119,0.9991364421416234,0.014198492281138897
0.38619768848833813,0.9991364421416234,0.014217532239854336
0.38621380288742385,0.9991364421416234,0.014229225926101208
0.3862299186313374,0.9991364421416234,0.014239269308745861
0.38620430645968956,0.9990284974093264,0.014240131713449955
0.3862204231523599,0.9990284974093264,0.01425422914326191
0.38623654119021783,0.9990284974093264,0.014259892515838146
0.3862526605734318,0.9990284974093264,0.014265194535255432
0.38630102679689454,0.9990284974093264,0.014292778447270393
0.38631715156321744,0.9990284974093264,0.014294721186161041
0.3862915344798798,0.9989205526770294,0.014296972192823887
0.3863076601962012,0.9989205526770294,0.014302032999694347
0.3863237872589129,0.9989205526770294,0.014305165968835354
0.38631429525718103,0.9988126079447323,0.014309503138065338
0.38633042461692624,0.9988126079447323,0.014309867285192013
0.3863465553235908,0.9988126079447323,0.01432104129344225
0.3863626873773435,0.9988126079447323,0.014331486076116562
0.3863788207783531,0.9988126079447323,0.014333102852106094
0.3863949555267883,0.9988126079447323,0.014337071217596531
0.386411091622818,0.9988126079447323,0.014342853799462318
0.386427229066611,0.9988126079447323,0.014349427074193954
0.3864433678583361,0.9988126079447323,0.014351828955113888
0.3864595079981623,0.9988126079447323,0.014354897662997246
0.38647564948625845,0.9988126079447323,0.01435763854533434
0.3864917923227935,0.9988126079447323,0.014372275210916996
0.3865079365079365,0.9988126079447323,0.014386791735887527
0.3865240820418564,0.9988126079447323,0.014393087476491928
0.3865402289247222,0.9988126079447323,0.014393425546586514
0.386556377156703,0.9988126079447323,0.01439506933093071
0.38654689784833923,0.9987046632124352,0.014405707828700542
0.3865630483830534,0.9987046632124352,0.01440926268696785
0.3865792002674132,0.9987046632124352,0.014421368949115276
0.38659535350158786,0.9987046632124352,0.014422338455915451
0.3866276640200585,0.9987046632124352,0.014441302046179771
0.38664382130469305,0.9987046632124352,0.014443453401327133
0.38665997993981943,0.9987046632124352,0.014470425434410572
0.38667613992560707,0.9987046632124352,0.014486897736787796
0.3866923012622252,0.9987046632124352,0.014492256566882133
0.38670846394984326,0.9987046632124352,0.014493510127067566
0.38672462798863066,0.9987046632124352,0.01450132392346859
0.38674079337875683,0.9987046632124352,0.01450341660529375
0.3867569601203913,0.9987046632124352,0.014506593346595764
0.38677312821370347,0.9987046632124352,0.01451036985963583
0.38680546845603914,0.9987046632124352,0.01452153641730547
0.3868216406054018,0.9987046632124352,0.014524688944220543
0.3868378141071205,0.9987046632124352,0.014533455483615398
0.3868539889613648,0.9987046632124352,0.014534459449350834
0.3868283504076939,0.9985967184801382,0.014537778683006763
0.38684452621895127,0.9985967184801382,0.0145435044541955
0.3868607033830971,0.9985967184801382,0.0145441684871912
0.3868768819003011,0.9985967184801382,0.014544536359608173
0.3868930617707331,0.9985967184801382,0.014552165754139423
0.3869092429945629,0.9985967184801382,0.014560483396053314
0.38692542557196036,0.9985967184801382,0.014568236656486988
0.3869416095030952,0.9985967184801382,0.014570167288184166
0.38695779478813735,0.9985967184801382,0.014573789201676846
0.38697398142725675,0.9985967184801382,0.014575447887182236
0.3869901694206233,0.9985967184801382,0.014576679095625877
0.38702254947077774,0.9985967184801382,0.014582674950361252
0.3870387415279056,0.9985967184801382,0.014608193188905716
0.3870549349399607,0.9985967184801382,0.01461794413626194
0.387071129707113,0.9985967184801382,0.014621446840465069
0.3870873258295326,0.9985967184801382,0.014625129289925098
0.38710352330738973,0.9985967184801382,0.01462662685662508
0.3871359223300971,0.9985967184801382,0.014637868851423264
0.3871683267765966,0.9985967184801382,0.014644809998571873
0.3871845310341941,0.9985967184801382,0.01464717648923397
0.38720073664825044,0.9985967184801382,0.014648490585386753
0.387216943618936,0.9985967184801382,0.014657757245004177
0.3872331519464211,0.9985967184801382,0.014665521681308746
0.38724936163087614,0.9985967184801382,0.014667774550616741
0.3872655726724715,0.9985967184801382,0.01467505469918251
0.3872817850713777,0.9985967184801382,0.014675082638859749
0.3872979988277652,0.9985967184801382,0.014682434499263763
0.3873142139418045,0.9985967184801382,0.014683317393064499
0.38733043041366605,0.9985967184801382,0.014703544788062572
0.3873466482435205,0.9985967184801382,0.014704988338053226
0.3873628674315384,0.9985967184801382,0.014714318327605724
0.3873790879778904,0.9985967184801382,0.014723001979291439
0.38739530988274706,0.9985967184801382,0.014726200141012669
0.38741153314627913,0.9985967184801382,0.01474358793348074
0.38742775776865734,0.9985967184801382,0.014752422459423542
0.38744398375005235,0.9985967184801382,0.014761317521333694
0.38746021109063494,0.9985967184801382,0.014768170192837715
0.38747643979057594,0.9985967184801382,0.014789985492825508
0.3874670129434927,0.9984887737478411,0.014797110110521317
0.3874832439678284,0.9984887737478411,0.014797541312873363
0.387499476352059,0.9984887737478411,0.014813773334026337
0.38751571009635527,0.9984887737478411,0.014817887917160988
0.3875319452008882,0.9984887737478411,0.01481914147734642
0.3875481816658287,0.9984887737478411,0.014825914986431599
0.3875644194913479,0.9984887737478411,0.014845701865851879
0.3875806586776167,0.9984887737478411,0.014854024164378643
0.3875968992248062,0.9984887737478411,0.014861086383461952
0.3876131411330875,0.9984887737478411,0.014875523746013641
0.38762938440263167,0.9984887737478411,0.014878814108669758
0.38764562903360994,0.9984887737478411,0.014879317954182625
0.38766187502619337,0.9984887737478411,0.014884574338793755
0.3876781223805532,0.9984887737478411,0.014885169453918934
0.3876943710968607,0.9984887737478411,0.01488899439573288
0.3876849561973425,0.998380829015544,0.014892533421516418
0.38770120724346074,0.998380829015544,0.014896214939653873
0.38771745965206456,0.998380829015544,0.014902638271450996
0.38773371342332524,0.998380829015544,0.014909879304468632
0.38774996855741417,0.998380829015544,0.014910543337464333
0.38776622505450276,0.998380829015544,0.01491106953471899
0.38778248291476247,0.998380829015544,0.014924720861017704
0.3877987421383648,0.998380829015544,0.014926226809620857
0.38781500272548114,0.998380829015544,0.014940053224563599
0.38783126467628315,0.998380829015544,0.014946496114134789
0.38784752799094224,0.998380829015544,0.0149574875831604
0.38788005871251835,0.998380829015544,0.01496920920908451
0.38789632611977853,0.998380829015544,0.014981146901845932
0.3879125948915824,0.998380829015544,0.014997190795838833
0.387945136529508,0.998380829015544,0.015001114457845688
0.3879614093959732,0.998380829015544,0.015005449764430523
0.38797768362766893,0.998380829015544,0.015008296817541122
0.3880102361874397,0.998380829015544,0.015011448413133621
0.3880427942101951,0.998380829015544,0.01501357089728117
0.3880590752706218,0.998380829015544,0.0150193115696311
0.38807535769731044,0.998380829015544,0.015019516460597515
0.388091641490433,0.998380829015544,0.015020235441625118
0.3881079266501615,0.998380829015544,0.015031780116260052
0.38812421317666806,0.998380829015544,0.015039697289466858
0.3881567903307034,0.998380829015544,0.01505584642291069
0.3881730809585764,0.998380829015544,0.015071375295519829
0.388205666316894,0.998380829015544,0.015071671456098557
0.38822196104768303,0.998380829015544,0.015094141475856304
0.3882382571464551,0.998380829015544,0.015096877701580524
0.3882545546133826,0.998380829015544,0.015101480297744274
0.38827085344863776,0.998380829015544,0.01511112879961729
0.38828715365239297,0.998380829015544,0.01514439843595028
0.3883360624763824,0.998380829015544,0.01514686644077301
0.3883523681558616,0.998380829015544,0.015165522694587708
0.3883686752047029,0.998380829015544,0.015177769586443901
0.3883849836230789,0.998380829015544,0.015184164047241211
0.388401293411162,0.998380829015544,0.015195062384009361
0.38841760456912483,0.998380829015544,0.015206205658614635
0.38843391709714,0.998380829015544,0.015212461352348328
0.3884502309953801,0.998380829015544,0.015223745256662369
0.38846654626401783,0.998380829015544,0.015244204550981522
0.3884828629032258,0.998380829015544,0.015246209688484669
0.3884991809131768,0.998380829015544,0.015255209989845753
0.3885155002940435,0.998380829015544,0.01525623444467783
0.38853182104599876,0.998380829015544,0.015267865732312202
0.3885644666638659,0.998380829015544,0.015277511440217495
0.38858079153012354,0.998380829015544,0.015278788283467293
0.388597117768161,0.998380829015544,0.015296920202672482
0.38862977436026724,0.998380829015544,0.015298265032470226
0.3886461047146819,0.998380829015544,0.015300052240490913
0.38867876954109937,0.998380829015544,0.015306806191802025
0.3886951040134482,0.998380829015544,0.015308559872210026
0.3887114398587879,0.998380829015544,0.015328312292695045
0.3887277770772916,0.998380829015544,0.015332723036408424
0.3887441156691325,0.998380829015544,0.015336871147155762
0.38876045563448364,0.998380829015544,0.01534340437501669
0.3887767969735183,0.998380829015544,0.015351135283708572
0.38879313968640966,0.998380829015544,0.015352628193795681
0.3888094837733311,0.998380829015544,0.015352793037891388
0.38884217606995714,0.998380829015544,0.015356896445155144
0.38881648097540467,0.998272884283247,0.015358936972916126
0.3888491779842745,0.998272884283247,0.01536538451910019
0.388865528551005,0.998272884283247,0.01536646019667387
0.3888818804928304,0.998272884283247,0.015370924957096577
0.38889823380992433,0.998272884283247,0.015374996699392796
0.38891458850246013,0.998272884283247,0.015383495949208736
0.3889309445706115,0.998272884283247,0.01538870483636856
0.38894730201455185,0.998272884283247,0.01538991928100586
0.38896366083445494,0.998272884283247,0.015403574332594872
0.3889800210304942,0.998272884283247,0.015405258163809776
0.3889963826028434,0.998272884283247,0.015405540354549885
0.38901274555167625,0.998272884283247,0.015406257472932339
0.38902910987716643,0.998272884283247,0.01541486568748951
0.38907821111531826,0.998272884283247,0.015421106480062008
0.3890945809491754,0.998272884283247,0.01542273536324501
0.38911095216055874,0.998272884283247,0.015423297882080078
0.38912732474964234,0.998272884283247,0.01542653702199459
0.38914369871660004,0.998272884283247,0.015428824350237846
0.3891600740616058,0.998272884283247,0.015436172485351562
0.38917645078483354,0.998272884283247,0.0154473427683115
0.38919282888645734,0.998272884283247,0.015456940978765488
0.38920920836665124,0.998272884283247,0.015471089631319046
0.38922558922558925,0.998272884283247,0.015476414933800697
0.3892419714634454,0.998272884283247,0.015481951646506786
0.38925835508039397,0.998272884283247,0.015484065748751163
0.389274740076609,0.998272884283247,0.015491221100091934
0.3892490318235393,0.9981649395509499,0.015496065840125084
0.38926541780677754,0.9981649395509499,0.015497412532567978
0.38928180516965566,0.9981649395509499,0.015499230474233627
0.38929819391234793,0.9981649395509499,0.015507695265114307
0.3893145840350286,0.9981649395509499,0.015517212450504303
0.3893309755378721,0.9981649395509499,0.015518181957304478
0.3893473684210526,0.9981649395509499,0.01552301924675703
0.3893801583291224,0.9981649395509499,0.015532810240983963
0.3893965553543606,0.9981649395509499,0.015533196739852428
0.3894129537606334,0.9981649395509499,0.01554176490753889
0.3894293535481154,0.9981649395509499,0.01554611511528492
0.3894457547169811,0.9981649395509499,0.015554712153971195
0.389478561199562,0.9981649395509499,0.015575047582387924
0.3894949665136262,0.9981649395509499,0.015576076693832874
0.38954419074901003,0.9981649395509499,0.015592193230986595
0.3895606015924506,0.9981649395509499,0.015603923238813877
0.38957701381867205,0.9981649395509499,0.015605732798576355
0.3896098424201567,0.9981649395509499,0.015616071410477161
0.3896262587957696,0.9981649395509499,0.015622427687048912
0.3896426765548626,0.9981649395509499,0.015626512467861176
0.3896590956976107,0.9981649395509499,0.01563849486410618
0.3896755162241888,0.9981649395509499,0.015643561258912086
0.3896919381347718,0.9981649395509499,0.01564945839345455
0.38970836142953474,0.9981649395509499,0.015654144808650017
0.3897247861086526,0.9981649395509499,0.015659231692552567
0.38974121217230046,0.9981649395509499,0.01566254533827305
0.3897576396206533,0.9981649395509499,0.015671148896217346
0.38977406845388635,0.9981649395509499,0.015672592446208
0.3897904986721747,0.9981649395509499,0.015680750831961632
0.38976477531405446,0.9980569948186528,0.015690116211771965
0.3897812065258632,0.9980569948186528,0.015691367909312248
0.38981407310594884,0.9980569948186528,0.015694808214902878
0.3898305084745763,0.9980569948186528,0.015708794817328453
0.3898469452291605,0.9980569948186528,0.01571192964911461
0.38986338336987686,0.9980569948186528,0.015714945271611214
0.3898798228969007,0.9980569948186528,0.015728656202554703
0.3898962638104074,0.9980569948186528,0.015737788751721382
0.38991270611057227,0.9980569948186528,0.01575351506471634
0.3899291497975709,0.9980569948186528,0.015758292749524117
0.3899455948715786,0.9980569948186528,0.01576097682118416
0.38996204133277096,0.9980569948186528,0.015768663957715034
0.38997848918132355,0.9980569948186528,0.015769485384225845
0.38999493841741184,0.9980569948186528,0.01577393338084221
0.39001138904121146,0.9980569948186528,0.015777036547660828
0.390027841052898,0.9980569948186528,0.01578078418970108
0.3900442944526471,0.9980569948186528,0.015790317207574844
0.39009366298202686,0.9980569948186528,0.015797367319464684
0.3901101219357833,0.9980569948186528,0.015799792483448982
0.390126582278481,0.9980569948186528,0.01581176370382309
0.3901595071314035,0.9980569948186528,0.01581726409494877
0.39017597164198,0.9980569948186528,0.015822088345885277
0.39019243754220123,0.9980569948186528,0.01583540067076683
0.3902089048322431,0.9980569948186528,0.01583562232553959
0.3902253735122816,0.9980569948186528,0.01583632081747055
0.39025831504305253,0.9980569948186528,0.01584232784807682
0.3903077377685846,0.9980569948186528,0.015877218917012215
0.3903242147922999,0.9980569948186528,0.015878120437264442
0.39034069320724446,0.9980569948186528,0.015883656218647957
0.3903571730135945,0.9980569948186528,0.015899190679192543
0.39037365421152626,0.9980569948186528,0.015902100130915642
0.39039013680121604,0.9980569948186528,0.015904562547802925
0.39040662078284,0.9980569948186528,0.015915485098958015
0.3904231061565746,0.9980569948186528,0.015920303761959076
0.39043959292259617,0.9980569948186528,0.015925360843539238
0.3904560810810811,0.9980569948186528,0.015925735235214233
0.39047257063220575,0.9980569948186528,0.015938714146614075
0.39048906157614666,0.9980569948186528,0.015943553298711777
0.390522047643183,0.9980569948186528,0.015949390828609467
0.39053854276663147,0.9980569948186528,0.015951836481690407
0.39055503928360225,0.9980569948186528,0.015952324494719505
0.39057153719427196,0.9980569948186528,0.015956874936819077
0.3905880364988172,0.9980569948186528,0.01595994457602501
0.39060453719741456,0.9980569948186528,0.015971340239048004
0.39062103929024083,0.9980569948186528,0.015976009890437126
0.39063754277747265,0.9980569948186528,0.015978379175066948
0.3906540476592868,0.9980569948186528,0.015984579920768738
0.39067055393586003,0.9980569948186528,0.015991991385817528
0.3906870616073692,0.9980569948186528,0.016005294397473335
0.39066131417705474,0.9979490500863558,0.01601249724626541
0.39069433292481937,0.9979490500863558,0.01601358689367771
0.39071084439185194,0.9979490500863558,0.016026560217142105
0.39072735725455393,0.9979490500863558,0.01603110320866108
0.3907438715131023,0.9979490500863558,0.016032027080655098
0.39076038716767403,0.9979490500863558,0.016035519540309906
0.3907934226655958,0.9979490500863558,0.016038423404097557
0.3908264637497358,0.9979490500863558,0.016042111441493034
0.3908429863870804,0.9979490500863558,0.016046687960624695
0.390859510421511,0.9979490500863558,0.016049828380346298
0.3908760358532048,0.9979490500863558,0.016060177236795425
0.390892562682339,0.9979490500863558,0.01606115698814392
0.39090909090909093,0.9979490500863558,0.01606130786240101
0.3909256205336378,0.9979490500863558,0.01606164686381817
0.39094215155615697,0.9979490500863558,0.016061993315815926
0.3909586839768258,0.9979490500863558,0.016067691147327423
0.39097521779582173,0.9979490500863558,0.016069801524281502
0.39099175301332206,0.9979490500863558,0.016069810837507248
0.3910082896295043,0.9979490500863558,0.016072260215878487
0.39102482764454594,0.9979490500863558,0.016072697937488556
0.39104136705862447,0.9979490500863558,0.016092482954263687
0.3910579078719174,0.9979490500863558,0.0161071065813303
0.39107445008460234,0.9979490500863558,0.016110960394144058
0.3910909936968569,0.9979490500863558,0.016113046556711197
0.3911075387088586,0.9979490500863558,0.01611923798918724
0.3911240851207852,0.9979490500863558,0.01613936573266983
0.39114063293281437,0.9979490500863558,0.016140161082148552
0.39115718214512374,0.9979490500863558,0.016143841668963432
0.3911737327578912,0.9979490500863558,0.01614684984087944
0.3911479710574197,0.9978411053540587,0.016159450635313988
0.39116452268111035,0.9978411053540587,0.01616126298904419
0.39118107570564087,0.9978411053540587,0.016165586188435555
0.3911976301311892,0.9978411053540587,0.016187168657779694
0.39121418595793306,0.9978411053540587,0.01618979498744011
0.39123074318605044,0.9978411053540587,0.01619788631796837
0.3912473018157193,0.9978411053540587,0.01620614156126976
0.3912638618471176,0.9978411053540587,0.01620771363377571
0.3912969861158144,0.9978411053540587,0.016209302470088005
0.3913135503534691,0.9978411053540587,0.01621038280427456
0.3913301159935653,0.9978411053540587,0.016215981915593147
0.3913466830362813,0.9978411053540587,0.016240568831562996
0.39136325148179507,0.9978411053540587,0.016262060031294823
0.39139639258192904,0.9978411053540587,0.016264714300632477
0.3914129652369056,0.9978411053540587,0.016272764652967453
0.391429539295393,0.9978411053540587,0.01628457009792328
0.39144611475756935,0.9978411053540587,0.016289306804537773
0.39146269162361313,0.9978411053540587,0.016289474442601204
0.39147926989370263,0.9978411053540587,0.016293715685606003
0.39149584956801625,0.9978411053540587,0.016297820955514908
0.39151243064673247,0.9978411053540587,0.016304442659020424
0.39154559701808633,0.9978411053540587,0.0163137074559927
0.391562182311081,0.9978411053540587,0.016314901411533356
0.3915787690091922,0.9978411053540587,0.016323886811733246
0.3915953571125985,0.9978411053540587,0.016326138749718666
0.3916119466214785,0.9978411053540587,0.016337422654032707
0.39162853753601085,0.9978411053540587,0.016338257119059563
0.3916451298563742,0.9978411053540587,0.016339875757694244
0.3916617235827472,0.9978411053540587,0.01634685881435871
0.39167831871530867,0.9978411053540587,0.016349127516150475
0.39171151319971187,0.9978411053540587,0.016358869150280952
0.3917281125519112,0.9978411053540587,0.016360413283109665
0.3917613154771995,0.9978411053540587,0.01636240817606449
0.39177791905064635,0.9978411053540587,0.01636442542076111
0.3917945240315334,0.9978411053540587,0.016364609822630882
0.39181113042003984,0.9978411053540587,0.01637406274676323
0.39182773821634453,0.9978411053540587,0.016374621540308
0.3918443474206265,0.9978411053540587,0.016383210197091103
0.39186095803306487,0.9978411053540587,0.016385862603783607
0.39187757005383866,0.9978411053540587,0.0163861233741045
0.391894183483127,0.9978411053540587,0.016397662460803986
0.3919107983211091,0.9978411053540587,0.016416432335972786
0.39192741456796404,0.9978411053540587,0.016417810693383217
0.3919440322238711,0.9978411053540587,0.016433849930763245
0.3919606512890095,0.9978411053540587,0.016434689983725548
0.3919772717635585,0.9978411053540587,0.01643853634595871
0.39201051694160555,0.9978411053540587,0.016439924016594887
0.39202714164546226,0.9978411053540587,0.0164413433521986
0.392043767759447,0.9978411053540587,0.01644422672688961
0.3920603952837391,0.9978411053540587,0.016444997861981392
0.39207702421851803,0.9978411053540587,0.016454171389341354
0.39209365456396333,0.9978411053540587,0.016475336626172066
0.3921102863202545,0.9978411053540587,0.016477307304739952
0.39212691948757106,0.9978411053540587,0.016483165323734283
0.3921435540660926,0.9978411053540587,0.01648511365056038
0.39216019005599867,0.9978411053540587,0.01650717668235302
0.3921768274574689,0.9978411053540587,0.016509151086211205
0.3921510394569368,0.9977331606217616,0.016523122787475586
0.3921843177189409,0.9977331606217616,0.016529401764273643
0.3922009589680485,0.9977331606217616,0.016530688852071762
0.3922176016294662,0.9977331606217616,0.016536207869648933
0.39225089118995077,0.9977331606217616,0.016536472365260124
0.3922675380893774,0.9977331606217616,0.016542725265026093
0.39228418640183343,0.9977331606217616,0.01654502935707569
0.39231748726655347,0.9977331606217616,0.016555793583393097
0.39233413981917736,0.9977331606217616,0.01657085306942463
0.39235079378555054,0.9977331606217616,0.016572795808315277
0.39236744916585303,0.9977331606217616,0.01657617650926113
0.3923841059602649,0.9977331606217616,0.016577942296862602
0.39241742379213723,0.9977331606217616,0.01658429391682148
0.39243408482995795,0.9977331606217616,0.01659051701426506
0.392484076433121,0.9977331606217616,0.016596758738160133
0.39250074313134314,0.9977331606217616,0.016610171645879745
0.39251741124511635,0.9977331606217616,0.016624119132757187
0.392534080774621,0.9977331606217616,0.016628345474600792
0.3925507517200374,0.9977331606217616,0.01662949100136757
0.392567424081546,0.9977331606217616,0.016639569774270058
0.39258409785932724,0.9977331606217616,0.01664126291871071
0.39260077305356156,0.9977331606217616,0.01664312742650509
0.3926174496644295,0.9977331606217616,0.016657046973705292
0.39263412769211165,0.9977331606217616,0.016666196286678314
0.39265080713678846,0.9977331606217616,0.016673794016242027
0.39266748799864054,0.9977331606217616,0.016676412895321846
0.3926841702778486,0.9977331606217616,0.01667654700577259
0.3927008539745932,0.9977331606217616,0.016677141189575195
0.39271753908905505,0.9977331606217616,0.01667843759059906
0.3927342256214149,0.9977331606217616,0.016681356355547905
0.3927676029405516,0.9977331606217616,0.016697851940989494
0.39278429372768997,0.9977331606217616,0.01670333370566368
0.3928009859334495,0.9977331606217616,0.016708768904209137
0.39281767955801106,0.9977331606217616,0.016716651618480682
0.3928343746015555,0.9977331606217616,0.016730327159166336
0.39285107106426387,0.9977331606217616,0.016747379675507545
0.392867768946317,0.9977331606217616,0.016751950606703758
0.39288446824789597,0.9977331606217616,0.01675781048834324
0.39291787111035537,0.9977331606217616,0.0167621411383152
0.39293457467159804,0.9977331606217616,0.016774114221334457
0.39295127965309073,0.9977331606217616,0.016778448596596718
0.39296798605501465,0.9977331606217616,0.016779683530330658
0.39298469387755103,0.9977331606217616,0.016804363578557968
0.393001403120881,0.9977331606217616,0.016812685877084732
0.3930181137851858,0.9977331606217616,0.016820766031742096
0.39299230344006464,0.9976252158894646,0.016828715801239014
0.393009015138629,0.9976252158894646,0.016833418980240822
0.39302572825855836,0.9976252158894646,0.016843991354107857
0.39304244280003403,0.9976252158894646,0.0168477650731802
0.3930591587632374,0.9976252158894646,0.01685052178800106
0.39307587614834977,0.9976252158894646,0.0168509092181921
0.3931093151850277,0.9976252158894646,0.016853278502821922
0.39312603683695607,0.9976252158894646,0.016855886206030846
0.3931427599115195,0.9976252158894646,0.01685616374015808
0.3931594844088995,0.9976252158894646,0.016856495290994644
0.3932096664397549,0.9976252158894646,0.016858352348208427
0.3932431282444047,0.9976252158894646,0.016860153526067734
0.3932598612824986,0.9976252158894646,0.016861774027347565
0.3932765957446808,0.9976252158894646,0.016862699761986732
0.3932933316311332,0.9976252158894646,0.016867870464920998
0.3933268076775759,0.9976252158894646,0.016872631385922432
0.39334354783792985,0.9976252158894646,0.01687377132475376
0.39336028942328155,0.9976252158894646,0.0168823953717947
0.3933770324338129,0.9976252158894646,0.016885552555322647
0.3933937768697059,0.9976252158894646,0.01689518801867962
0.3934105227311425,0.9976252158894646,0.01689975894987583
0.3934272700183049,0.9976252158894646,0.016901716589927673
0.3934440187313751,0.9976252158894646,0.016910623759031296
0.39346076887053516,0.9976252158894646,0.016912447288632393
0.3934775204359673,0.9976252158894646,0.016915397718548775
0.3934942734278537,0.9976252158894646,0.016915468499064445
0.39351102784637654,0.9976252158894646,0.016916563734412193
0.3935277836917181,0.9976252158894646,0.0169309601187706
0.39354454096406066,0.9976252158894646,0.016931286081671715
0.39356129966358644,0.9976252158894646,0.01693851128220558
0.39357805979047783,0.9976252158894646,0.016949035227298737
0.3935599284436494,0.9974093264248705,0.016964470967650414
0.3935766920816118,0.9974093264248705,0.01697121560573578
0.3935934571477253,0.9974093264248705,0.01698220521211624
0.3936102236421725,0.9974093264248705,0.016995232552289963
0.3936269915651359,0.9974093264248705,0.016998212784528732
0.39364376091679804,0.9974093264248705,0.01700645312666893
0.3936605316973415,0.9974093264248705,0.01701098121702671
0.393677303906949,0.9974093264248705,0.017011571675539017
0.39369407754580316,0.9974093264248705,0.017021358013153076
0.39371085261408667,0.9974093264248705,0.017041226848959923
0.3937276291119823,0.9974093264248705,0.017042983323335648
0.39374440703967273,0.9974093264248705,0.017047617584466934
0.3937611863973408,0.9974093264248705,0.01704786717891693
0.3937947494033413,0.9974093264248705,0.017051231116056442
0.39381153305203936,0.9974093264248705,0.017062239348888397
0.3938283181314466,0.9974093264248705,0.017063390463590622
0.3938451046417459,0.9974093264248705,0.017073174938559532
0.3938786819557526,0.9974093264248705,0.017078064382076263
0.39389547275982606,0.9974093264248705,0.017093311995267868
0.39391226499552373,0.9974093264248705,0.017093703150749207
0.393945853762524,0.9974093264248705,0.01709725335240364
0.39396265029419286,0.9974093264248705,0.01712126098573208
0.39397944825821857,0.9974093264248705,0.017126141116023064
0.39399624765478425,0.9974093264248705,0.01712663099169731
0.3940298507462687,0.9974093264248705,0.017138570547103882
0.394046654441554,0.9974093264248705,0.0171509999781847
0.3940634595701126,0.9974093264248705,0.01716019958257675
0.39408026613212777,0.9974093264248705,0.017162177711725235
0.394097074127783,0.9974093264248705,0.01717575080692768
0.3941138835572617,0.9974093264248705,0.01718904636800289
0.39413069442074733,0.9974093264248705,0.017208438366651535
0.3941643204504735,0.9974093264248705,0.017216794192790985
0.3941811356170812,0.9974093264248705,0.017226099967956543
0.39419795221843,0.9974093264248705,0.01723192073404789
0.3942147702547037,0.9974093264248705,0.017235394567251205
0.39423158972608585,0.9974093264248705,0.017240500077605247
0.39424841063276017,0.9974093264248705,0.0172861497849226
0.3942652329749104,0.9974093264248705,0.017293505370616913
0.39428205675272027,0.9974093264248705,0.01729601062834263
0.39429888196637364,0.9974093264248705,0.017297152429819107
0.3943157086160543,0.9974093264248705,0.017302552238106728
0.39433253670194607,0.9974093264248705,0.017309825867414474
0.39436619718309857,0.9974093264248705,0.0173118207603693
0.39438302957872723,0.9974093264248705,0.017315203323960304
0.39439986341130273,0.9974093264248705,0.017322873696684837
0.3944166986810091,0.9974093264248705,0.017330577597022057
0.3944335353880304,0.9974093264248705,0.01733217015862465
0.3944503735325507,0.9974093264248705,0.01733691431581974
0.3944672131147541,0.9974093264248705,0.017337799072265625
0.39448405413482474,0.9974093264248705,0.017338626086711884
0.3945008965929468,0.9974093264248705,0.017361503094434738
0.39453458582408196,0.9974093264248705,0.01736748404800892
0.3945514325974636,0.9974093264248705,0.017375411465764046
0.39456828080963363,0.9974093264248705,0.017398172989487648
0.3946019815510762,0.9974093264248705,0.017400186508893967
0.39461883408071746,0.9974093264248705,0.017401328310370445
0.3946356880498847,0.9974093264248705,0.017409255728125572
0.3946525434587622,0.9974093264248705,0.01741441898047924
0.3946694003075346,0.9974093264248705,0.017425771802663803
0.39468625859638634,0.9974093264248705,0.017427494749426842
0.394719979495066,0.9974093264248705,0.017435899004340172
0.39473684210526316,0.9974093264248705,0.017438676208257675
0.39475370615627803,0.9974093264248705,0.017442116513848305
0.3947874385814997,0.9974093264248705,0.017447592690587044
0.3948043069560759,0.9974093264248705,0.017451435327529907
0.3948211767722087,0.9974093264248705,0.01746075041592121
0.3948380480300829,0.9974093264248705,0.01746254973113537
0.3948549207298833,0.9974093264248705,0.017483122646808624
0.39487179487179486,0.9974093264248705,0.01749262586236
0.3948886704560024,0.9974093264248705,0.017497092485427856
0.39492242595204513,0.9974093264248705,0.01750214211642742
0.3949393058642503,0.9974093264248705,0.017506416887044907
0.39495618721949133,0.9974093264248705,0.017507638782262802
0.39497307001795334,0.9974093264248705,0.01751556433737278
0.3949899542598213,0.9974093264248705,0.017539629712700844
0.39500683994528046,0.9974093264248705,0.017544947564601898
0.3950406156477127,0.9974093264248705,0.017561640590429306
0.3950575056650562,0.9974093264248705,0.017567746341228485
0.39507439712673165,0.9974093264248705,0.017572453245520592
0.39509129003292426,0.9974093264248705,0.01757998764514923
0.3951081843838194,0.9974093264248705,0.017584146931767464
0.3951419774204584,0.9974093264248705,0.017585473135113716
0.3951161099944404,0.9973013816925734,0.01760096661746502
0.39513300829698056,0.9973013816925734,0.01760176755487919
0.3951499080449938,0.9973013816925734,0.017613131552934647
0.39516680923866554,0.9973013816925734,0.017614923417568207
0.3951837118781813,0.9973013816925734,0.017615649849176407
0.3952006159637266,0.9973013816925734,0.01761825755238533
0.395217521495487,0.9973013816925734,0.017619000747799873
0.3952344284736482,0.9973013816925734,0.017626693472266197
0.3952513368983957,0.9973013816925734,0.01763337478041649
0.3952682467699153,0.9973013816925734,0.017634978517889977
0.3952851580883926,0.9973013816925734,0.017637407407164574
0.39530207085401337,0.9973013816925734,0.01763787865638733
0.3952761969962774,0.9971934369602763,0.017651399597525597
0.3952931108258451,0.9971934369602763,0.017667926847934723
0.3953100261029569,0.9971934369602763,0.017669133841991425
0.3953269428277987,0.9971934369602763,0.017670277506113052
0.39534386100055635,0.9971934369602763,0.01767073944211006
0.3953607806214157,0.9971934369602763,0.017675822600722313
0.3953777016905628,0.9971934369602763,0.01768416352570057
0.39539462420818355,0.9971934369602763,0.017693044617772102
0.3954115481744639,0.9971934369602763,0.01771051622927189
0.39538566903518535,0.9970854922279793,0.017712173983454704
0.39543644847810266,0.9970854922279793,0.017716920003294945
0.3954703086869033,0.9970854922279793,0.017726955935359
0.39544442541531083,0.9969775474956822,0.017728840932250023
0.3954613573110683,0.9969775474956822,0.017729779705405235
0.3954952254528326,0.9969775474956822,0.017747633159160614
0.3955290993961715,0.9969775474956822,0.01774885505437851
0.3955460385438972,0.9969775474956822,0.017749089747667313
0.3955629791425757,0.9969775474956822,0.017752431333065033
0.3955799211923934,0.9969775474956822,0.01775401085615158
0.39559686469353667,0.9969775474956822,0.017759600654244423
0.3956138096461921,0.9969775474956822,0.017764916643500328
0.39564770390678544,0.9969775474956822,0.017770666629076004
0.3956646532150966,0.9969775474956822,0.017779165878891945
0.3956816039756662,0.9969775474956822,0.017779182642698288
0.3956985561886809,0.9969775474956822,0.017789902165532112
0.39571550985432735,0.9969775474956822,0.017796311527490616
0.3957324649727923,0.9969775474956822,0.01780072972178459
0.39574942154426257,0.9969775474956822,0.017803138121962547
0.3957663795689249,0.9969775474956822,0.0178050734102726
0.39580029997857297,0.9969775474956822,0.017806056886911392
0.39581726236393244,0.9969775474956822,0.01781264692544937
0.3958342262032315,0.9969775474956822,0.017814040184020996
0.39585119149665693,0.9969775474956822,0.01781553402543068
0.39588512644663526,0.9969775474956822,0.017827695235610008
0.3959190672153635,0.9969775474956822,0.017835861071944237
0.3959360397822266,0.9969775474956822,0.017840465530753136
0.3959530138043385,0.9969775474956822,0.017841942608356476
0.39596998928188637,0.9969775474956822,0.017842311412096024
0.39598696621505747,0.9969775474956822,0.017847970128059387
0.3960039446040389,0.9969775474956822,0.017851179465651512
0.3960209244490181,0.9969775474956822,0.017856957390904427
0.3960379057501822,0.9969775474956822,0.017861105501651764
0.3960548885077187,0.9969775474956822,0.01786430925130844
0.3960718727218148,0.9969775474956822,0.017875365912914276
0.396088858392658,0.9969775474956822,0.017882313579320908
0.3961058455204357,0.9969775474956822,0.017890656366944313
0.3961228341053354,0.9969775474956822,0.017898542806506157
0.3961398241475445,0.9969775474956822,0.01790006086230278
0.3962077988932264,0.9969775474956822,0.01790420152246952
0.39624179501480117,0.9969775474956822,0.01791185885667801
0.3962587952634289,0.9969775474956822,0.01791808381676674
0.3962928001373037,0.9969775474956822,0.017921213060617447
0.39630980476292643,0.9969775474956822,0.01792803779244423
0.3963268108479231,0.9969775474956822,0.01793505810201168
0.3963438183924817,0.9969775474956822,0.017935527488589287
0.39637783786103603,0.9969775474956822,0.017937568947672844
0.39639484978540773,0.9969775474956822,0.017937904223799706
0.39642887801528026,0.9969775474956822,0.01794273592531681
0.39644589432115723,0.9969775474956822,0.017950711771845818
0.39646291208791207,0.9969775474956822,0.01797167956829071
0.3964969520048081,0.9969775474956822,0.017978353425860405
0.39651397415532563,0.9969775474956822,0.017982790246605873
0.3965480228414409,0.9969775474956822,0.01798640750348568
0.3965650493774152,0.9969775474956822,0.01798751950263977
0.39658207737558504,0.9969775474956822,0.017996501177549362
0.3965991068361388,0.9969775474956822,0.01799732632935047
0.39661613775926485,0.9969775474956822,0.01799885928630829
0.3966331701451516,0.9969775474956822,0.01800713874399662
0.39665020399398754,0.9969775474956822,0.018011106178164482
0.39667540054121386,0.9968696027633851,0.01801685057580471
0.39669243986254293,0.9968696027633851,0.018019739538431168
0.39670948064779415,0.9968696027633851,0.018028685823082924
0.3967265228971561,0.9968696027633851,0.018032629042863846
0.39676061178896715,0.9968696027633851,0.01804562844336033
0.39677765843179374,0.9968696027633851,0.018051574006676674
0.3967947065394861,0.9968696027633851,0.018055301159620285
0.39681175611223307,0.9968696027633851,0.018055470660328865
0.39682880715022345,0.9968696027633851,0.01806078851222992
0.39684585965364616,0.9968696027633851,0.018065648153424263
0.39686291362269016,0.9968696027633851,0.018065854907035828
0.39687996905754436,0.9968696027633851,0.018076131120324135
0.3968970259583978,0.9968696027633851,0.018076211214065552
0.3968711049984957,0.9967616580310881,0.018083861097693443
0.39690522243713733,0.9967616580310881,0.018093302845954895
0.39693934574216566,0.9967616580310881,0.01810019090771675
0.39695640959504774,0.9967616580310881,0.01810501329600811
0.39697347491509394,0.9967616580310881,0.018105238676071167
0.39700760995743584,0.9967616580310881,0.018107274547219276
0.3970417508707056,0.9967616580310881,0.018140718340873718
0.39705882352941174,0.9967616580310881,0.01814536191523075
0.397075897656418,0.9967616580310881,0.018164869397878647
0.3970929732519137,0.9967616580310881,0.018165523186326027
0.39711005031608826,0.9967616580310881,0.01816645823419094
0.39712712884913126,0.9967616580310881,0.018169011920690536
0.3971442088512322,0.9967616580310881,0.018172727897763252
0.39716129032258063,0.9967616580310881,0.0181852038949728
0.3971783732633662,0.9967616580310881,0.018189309164881706
0.3971954576737784,0.9967616580310881,0.018190991133451462
0.39722963090424157,0.9967616580310881,0.0181911401450634
0.39724671972467196,0.9967616580310881,0.01821136474609375
0.3972638100154879,0.9967616580310881,0.018213074654340744
0.3972809017768791,0.9967616580310881,0.018216120079159737
0.39729799500903534,0.9967616580310881,0.01822458952665329
0.39731508971214663,0.9967616580310881,0.018226150423288345
0.39733218588640273,0.9967616580310881,0.01822792924940586
0.3973492835319936,0.9967616580310881,0.018228966742753983
0.39736638264910923,0.9967616580310881,0.018234189599752426
0.3973834832379395,0.9967616580310881,0.018234526738524437
0.39740058529867445,0.9967616580310881,0.01823476515710354
0.3973746503120293,0.996653713298791,0.018236977979540825
0.3973917534647499,0.996653713298791,0.01824828051030636
0.3974088580897861,0.996653713298791,0.018258405849337578
0.39742596418732784,0.996653713298791,0.018264560028910637
0.3974430717575653,0.996653713298791,0.018278831616044044
0.39747729131688836,0.996653713298791,0.018279310315847397
0.3974944033063544,0.996653713298791,0.018285712227225304
0.39751151676927715,0.996653713298791,0.01829707995057106
0.3975286317058469,0.996653713298791,0.018300998955965042
0.39754574811625404,0.996653713298791,0.018302595242857933
0.39756286600068896,0.996653713298791,0.01830444298684597
0.397579985359342,0.996653713298791,0.01830482855439186
0.3976142285000646,0.996653713298791,0.01831744983792305
0.39763135228251506,0.996653713298791,0.01833212561905384
0.39764847753994575,0.996653713298791,0.018348515033721924
0.39766560427254716,0.996653713298791,0.018364110961556435
0.39768273248050995,0.996653713298791,0.01836576871573925
0.39771699332328236,0.996653713298791,0.018378982320427895
0.39773412595847335,0.996653713298791,0.018386786803603172
0.3977512600697885,0.996653713298791,0.018389742821455002
0.39776839565741856,0.996653713298791,0.01840648055076599
0.3977855327215544,0.996653713298791,0.018408305943012238
0.3978026712623869,0.996653713298791,0.01842537894845009
0.39781981128010685,0.996653713298791,0.01842673309147358
0.3978712401965009,0.996653713298791,0.018434137105941772
0.3978883861236802,0.996653713298791,0.018453992903232574
0.3979226824117571,0.996653713298791,0.01845458149909973
0.3979398327730368,0.996653713298791,0.01846010610461235
0.3979569846127322,0.996653713298791,0.01846696250140667
0.3979741379310345,0.996653713298791,0.018468687310814857
0.3979912927281348,0.996653713298791,0.01847548596560955
0.3980256067594948,0.996653713298791,0.018484918400645256
0.3979996551129505,0.9965457685664939,0.01849326863884926
0.3980168139685277,0.9965457685664939,0.018500054255127907
0.39803397430369925,0.9965457685664939,0.0185091570019722
0.3980511361186565,0.9965457685664939,0.018513748422265053
0.3980682994135909,0.9965457685664939,0.018514299765229225
0.3980854641886939,0.9965457685664939,0.01851480081677437
0.39810263044415695,0.9965457685664939,0.018518831580877304
0.3981197981801716,0.9965457685664939,0.018524009734392166
0.39813696739692944,0.9965457685664939,0.018526295199990273
0.39815413809462197,0.9965457685664939,0.01852969080209732
0.3981713102734409,0.9965457685664939,0.01853620447218418
0.39818848393357775,0.9965457685664939,0.018536845222115517
0.3982056590752243,0.9965457685664939,0.018550006672739983
0.39822283569857225,0.9965457685664939,0.018565617501735687
0.3982400138038133,0.9965457685664939,0.018566958606243134
0.3982571933911393,0.9965457685664939,0.018573768436908722
0.3982915570128133,0.9965457685664939,0.01857544668018818
0.3983087410475451,0.9965457685664939,0.018580051138997078
0.3983259265651292,0.9965457685664939,0.018580889329314232
0.3983431135657577,0.9965457685664939,0.01858464628458023
0.3983171521035599,0.9964378238341969,0.018584981560707092
0.3983515297976093,0.9964378238341969,0.018585924059152603
0.3983687208700155,0.9964378238341969,0.01858959160745144
0.3983859134262656,0.9964378238341969,0.018590416759252548
0.39840310746655155,0.9964378238341969,0.018596716225147247
0.39845469849354687,0.9964378238341969,0.018597669899463654
0.39847189847189846,0.9964378238341969,0.01860056072473526
0.3984890999352471,0.9964378238341969,0.018600741401314735
0.3985063028837852,0.9964378238341969,0.018602469936013222
0.39854071323719886,0.9964378238341969,0.018605107441544533
0.3985579206424593,0.9964378238341969,0.018608970567584038
0.39857512953367874,0.9964378238341969,0.018611760810017586
0.3985923399110497,0.9964378238341969,0.018612666055560112
0.3986267651250162,0.9964378238341969,0.018613755702972412
0.3986439799619969,0.9964378238341969,0.018624886870384216
0.39866119628589936,0.9964378238341969,0.018625888973474503
0.3986784140969163,0.9964378238341969,0.018627801910042763
0.39869563339524033,0.9964378238341969,0.0186310987919569
0.3987300764545808,0.9964378238341969,0.01863153837621212
0.3987473002159827,0.9964378238341969,0.018631691113114357
0.3987817522032141,0.9964378238341969,0.01864067278802395
0.3987989804294293,0.9964378238341969,0.018646199256181717
0.3988162101443014,0.9964378238341969,0.018646644428372383
0.39883344134802334,0.9964378238341969,0.01864922232925892
0.3988679082227887,0.9964378238341969,0.018653124570846558
0.3988851438942183,0.9964378238341969,0.01865917444229126
0.3989023810552699,0.9964378238341969,0.01866813562810421
0.39891961970613654,0.9964378238341969,0.018671026453375816
0.39893685984701155,0.9964378238341969,0.01868227869272232
0.398954101478088,0.9964378238341969,0.018685823306441307
0.39897134459955913,0.9964378238341969,0.018686780706048012
0.3990058353144586,0.9964378238341969,0.018689889460802078
0.39902308290827354,0.9964378238341969,0.018696676939725876
0.3990403319932564,0.9964378238341969,0.018707554787397385
0.39905758256960056,0.9964378238341969,0.018707716837525368
0.3990748346374995,0.9964378238341969,0.01870880275964737
0.3990920881971466,0.9964378238341969,0.018715934827923775
0.39910934324873537,0.9964378238341969,0.018716411665081978
0.39912659979245935,0.9964378238341969,0.01871689409017563
0.39914385782851214,0.9964378238341969,0.018717065453529358
0.39916111735708726,0.9964378238341969,0.018724491819739342
0.39919564089257914,0.9964378238341969,0.01872848905622959
0.39923017040048436,0.9964378238341969,0.018732178956270218
0.39924743739457635,0.9964378238341969,0.01874179020524025
0.39926470588235297,0.9964378238341969,0.018751250579953194
0.39928197586400793,0.9964378238341969,0.018769793212413788
0.39929924733973526,0.9964378238341969,0.018778854981064796
0.39931652030972875,0.9964378238341969,0.01878362149000168
0.3993337947741824,0.9964378238341969,0.018783634528517723
0.39935107073329007,0.9964378238341969,0.018788767978549004
0.3993683481872458,0.9964378238341969,0.018789080902934074
0.3994029075804777,0.9964378238341969,0.018795428797602654
0.3994201895201419,0.9964378238341969,0.018795933574438095
0.39939420164430983,0.9963298791018999,0.018799131736159325
0.3994114847029296,0.9963298791018999,0.018801013007760048
0.3994287692574,0.9963298791018999,0.01882273145020008
0.3994460553079153,0.9963298791018999,0.018825113773345947
0.3994633428546698,0.9963298791018999,0.018827028572559357
0.3994806318978576,0.9963298791018999,0.018832527101039886
0.3994979224376731,0.9963298791018999,0.01883348636329174
0.3995325080079647,0.9963298791018999,0.018835486844182014
0.3995498030388295,0.9963298791018999,0.018837368115782738
0.39956709956709957,0.9963298791018999,0.018840894103050232
0.3995843975929694,0.9963298791018999,0.018847493454813957
0.39960169711663346,0.9963298791018999,0.01886921562254429
0.3996363006581226,0.9963298791018999,0.018869638442993164
0.399610305260879,0.9962219343696027,0.01887558028101921
0.3996276089027453,0.9962219343696027,0.018876491114497185
0.39964491404321656,0.9962219343696027,0.01888720877468586
0.39966222068248747,0.9962219343696027,0.018894633278250694
0.39963622190463816,0.9961139896373057,0.01889466866850853
0.3996102208748376,0.9960060449050087,0.01890055648982525
0.3995842175927931,0.9958981001727115,0.01890409365296364
0.3996015246015246,0.9958981001727115,0.01890520751476288
0.39961883310954216,0.9958981001727115,0.018905960023403168
0.39963614311704065,0.9958981001727115,0.018906889483332634
0.39965345462421487,0.9958981001727115,0.0189126655459404
0.39967076763125975,0.9958981001727115,0.01893860660493374
0.3996880821383702,0.9958981001727115,0.018940402194857597
0.3997053981457413,0.9958981001727115,0.018940577283501625
0.3997227156535679,0.9958981001727115,0.01894432120025158
0.3997573551713679,0.9958981001727115,0.01894814521074295
0.39977467718173154,0.9958981001727115,0.018961792811751366
0.39979200069333104,0.9958981001727115,0.018966637551784515
0.3998093257063616,0.9958981001727115,0.01896732859313488
0.39982665222101843,0.9958981001727115,0.01897202804684639
0.39984398023749673,0.9958981001727115,0.018975745886564255
0.3998613097559919,0.9958981001727115,0.01897762529551983
0.39987864077669905,0.9958981001727115,0.01898775063455105
0.39989597329981363,0.9958981001727115,0.018987903371453285
0.399913307325531,0.9958981001727115,0.018994608893990517
0.39993064285404656,0.9958981001727115,0.019007643684744835
0.39994797988555575,0.9958981001727115,0.01900845766067505
0.39996531842025407,0.9958981001727115,0.01901715248823166
0.39998265845833697,0.9958981001727115,0.01902376301586628
0.4000173430454388,0.9958981001727115,0.019035333767533302
0.4000346875948489,0.9958981001727115,0.019037563353776932
0.400052033648426,0.9958981001727115,0.019046053290367126
0.4000693812063657,0.9958981001727115,0.019050365313887596
0.4000867302688638,0.9958981001727115,0.019060347229242325
0.40010408083611604,0.9958981001727115,0.019061002880334854
0.40012143290831814,0.9958981001727115,0.0190633125603199
0.400138786485666,0.9958981001727115,0.01907665655016899
0.40015614156835533,0.9958981001727115,0.01907871663570404
0.4001734981565821,0.9958981001727115,0.019080791622400284
0.4001908562505422,0.9958981001727115,0.019081033766269684
0.4002082158504316,0.9958981001727115,0.01908889412879944
0.4002255769564463,0.9958981001727115,0.019089410081505775
0.40024293956878226,0.9958981001727115,0.019091112539172173
0.4002603036876356,0.9958981001727115,0.01909393072128296
0.4002776693132023,0.9958981001727115,0.019100651144981384
0.4002950364456786,0.9958981001727115,0.01910158433020115
0.4003645200486027,0.9958981001727115,0.019126975908875465
0.4003818947185696,0.9958981001727115,0.01913285441696644
0.4003992708966236,0.9958981001727115,0.0191597081720829
0.40041664858296083,0.9958981001727115,0.01916702650487423
0.40043402777777776,0.9958981001727115,0.019176675006747246
0.4004861744150714,0.9958981001727115,0.019177047535777092
0.40050355964577183,0.9958981001727115,0.019177420064806938
0.40052094638593444,0.9958981001727115,0.019179891794919968
0.40053833463575583,0.9958981001727115,0.019190780818462372
0.4005731156651615,0.9958981001727115,0.019192129373550415
0.40059050844513916,0.9958981001727115,0.01919305883347988
0.4006079027355623,0.9958981001727115,0.019193682819604874
0.4006252985366277,0.9958981001727115,0.019196564331650734
0.40064269584853224,0.9958981001727115,0.019198298454284668
0.4006600946714726,0.9958981001727115,0.019199034199118614
0.4006774950056458,0.9958981001727115,0.01921532303094864
0.40069489685124865,0.9958981001727115,0.019216664135456085
0.4007123002084781,0.9958981001727115,0.01921790838241577
0.4007471114586048,0.9958981001727115,0.019222663715481758
0.4007645193518961,0.9958981001727115,0.01922408677637577
0.40081675210704665,0.9958981001727115,0.01923276111483574
0.40083416605117955,0.9958981001727115,0.019253266975283623
0.4008515815085158,0.9958981001727115,0.019258609041571617
0.4008864169635874,0.9958981001727115,0.019260475412011147
0.4009038369617173,0.9958981001727115,0.019269859418272972
0.40092125847383975,0.9958981001727115,0.019280174747109413
0.4009386815001521,0.9958981001727115,0.01929224655032158
0.4009735320961363,0.9958981001727115,0.01929374970495701
0.40094749652294853,0.9957901554404145,0.019306451082229614
0.40096492371886816,0.9957901554404145,0.019309744238853455
0.4009823524298009,0.9957901554404145,0.019314907491207123
0.4010172143974961,0.9957901554404145,0.01932649128139019
0.40103464765465374,0.9957901554404145,0.019327476620674133
0.401052082427615,0.9957901554404145,0.019341830164194107
0.40106951871657753,0.9957901554404145,0.019346432760357857
0.40108695652173915,0.9957901554404145,0.01935737393796444
0.40110439584329755,0.9957901554404145,0.019360587000846863
0.40112183668145057,0.9957901554404145,0.019369415938854218
0.40113927903639607,0.9957901554404145,0.019373338669538498
0.4011567229083319,0.9957901554404145,0.01937711611390114
0.40117416829745595,0.9957901554404145,0.019378311932086945
0.4011481255979821,0.9956822107081175,0.01938007026910782
0.40116557213064846,0.9956822107081175,0.019395899027585983
0.40120046974903223,0.9956822107081175,0.019400276243686676
0.40121792083514574,0.9956822107081175,0.019421301782131195
0.4012353734394711,0.9956822107081175,0.019428148865699768
0.40125282756220637,0.9956822107081175,0.019435135647654533
0.40127028320354985,0.9956822107081175,0.019436458125710487
0.40124423562168277,0.9955742659758203,0.01944434642791748
0.40126169240809223,0.9955742659758203,0.019452814012765884
0.40127915071353987,0.9955742659758203,0.019455356523394585
0.4012966105382239,0.9955742659758203,0.01945671997964382
0.4013140718823427,0.9955742659758203,0.019465051591396332
0.4013315347460946,0.9955742659758203,0.019469138234853745
0.401348999129678,0.9955742659758203,0.019470371305942535
0.40136646503329126,0.9955742659758203,0.01947305165231228
0.4013839324571329,0.9955742659758203,0.01947418972849846
0.4014014014014014,0.9955742659758203,0.01948108896613121
0.40141887186629527,0.9955742659758203,0.019483836367726326
0.40143634385201304,0.9955742659758203,0.019499536603689194
0.40145381735875335,0.9955742659758203,0.01950937695801258
0.40147129238671486,0.9955742659758203,0.01951180212199688
0.40148876893609614,0.9955742659758203,0.01953193172812462
0.4015062470070959,0.9955742659758203,0.019535360857844353
0.4015237265999129,0.9955742659758203,0.019535960629582405
0.40154120771474594,0.9955742659758203,0.01953667216002941
0.4015586903517938,0.9955742659758203,0.01953989826142788
0.40159366019332926,0.9955742659758203,0.019548093900084496
0.4016111473982147,0.9955742659758203,0.019551675766706467
0.40162863612611044,0.9955742659758203,0.019556498154997826
0.40166361815172896,0.9955742659758203,0.019559647887945175
0.40168111144984975,0.9955742659758203,0.019564110785722733
0.40165505226480835,0.9954663212435233,0.019575748592615128
0.40167254671370706,0.9954663212435233,0.019583111628890038
0.40169004268664515,0.9954663212435233,0.019589664414525032
0.40170754018382193,0.9954663212435233,0.01961534284055233
0.4017425397516881,0.9954663212435233,0.019616074860095978
0.40176004182277597,0.9954663212435233,0.01962193101644516
0.4017775454188995,0.9954663212435233,0.019622670486569405
0.40179505054025794,0.9954663212435233,0.01962311938405037
0.40181255718705067,0.9954663212435233,0.019627278670668602
0.40183006535947713,0.9954663212435233,0.019631799310445786
0.4018475750577367,0.9954663212435233,0.019637269899249077
0.40186508628202894,0.9954663212435233,0.019637564197182655
0.4018825990325533,0.9954663212435233,0.019639311358332634
0.4019001133095093,0.9954663212435233,0.01964426599442959
0.40191762911309653,0.9954663212435233,0.01965634524822235
0.40193514644351463,0.9954663212435233,0.019660020247101784
0.40195266530096324,0.9954663212435233,0.019664091989398003
0.4019701856856421,0.9954663212435233,0.019679630175232887
0.40198770759775077,0.9954663212435233,0.01969640702009201
0.4020052310374891,0.9954663212435233,0.019699614495038986
0.4020227560050569,0.9954663212435233,0.01969972252845764
0.4019966867207254,0.9953583765112263,0.019701723009347916
0.40201421284387673,0.9953583765112263,0.019710151478648186
0.4020317404952912,0.9953583765112263,0.019716059789061546
0.40204926967516896,0.9953583765112263,0.0197182334959507
0.4020668003837098,0.9953583765112263,0.019720248878002167
0.4020843326211137,0.9953583765112263,0.019726185128092766
0.40210186638758066,0.9953583765112263,0.019733697175979614
0.4021194016833108,0.9953583765112263,0.01974174566566944
0.4021369385085041,0.9953583765112263,0.019749578088521957
0.4021544768633608,0.9953583765112263,0.019764583557844162
0.40217201674808095,0.9953583765112263,0.019771642982959747
0.4021895581628647,0.9953583765112263,0.019772322848439217
0.4022421915896004,0.9953583765112263,0.01977885328233242
0.40225973912664137,0.9953583765112263,0.019792785868048668
0.4022948387941189,0.9953583765112263,0.01979859545826912
0.40231239092495635,0.9953583765112263,0.01980229653418064
0.4023299445874602,0.9953583765112263,0.019802508875727654
0.4023474997818309,0.9953583765112263,0.019804107025265694
0.40238261476697507,0.9953583765112263,0.01980801671743393
0.40234801204556364,0.9951424870466321,0.019814740866422653
0.40236557262569833,0.9951424870466321,0.01982167363166809
0.40238313473877174,0.9951424870466321,0.01982388272881508
0.4024006983849847,0.9951424870466321,0.01983008347451687
0.40241826356453797,0.9951424870466321,0.019832562655210495
0.4024533985244685,0.9951424870466321,0.019841333851218224
0.40247096830524753,0.9951424870466321,0.019850872457027435
0.4024885396201703,0.9951424870466321,0.019864479079842567
0.4025061124694376,0.9951424870466321,0.019883841276168823
0.40254126277181035,0.9951424870466321,0.019886530935764313
0.4025588402253177,0.9951424870466321,0.01988990046083927
0.4025764192139738,0.9951424870466321,0.0198905598372221
0.4025939997379798,0.9951424870466321,0.019894976168870926
0.40256790986112323,0.9950345423143351,0.019902188330888748
0.4025418177053762,0.9949265975820379,0.019904496148228645
0.40255939902166316,0.9949265975820379,0.019904574379324913
0.40257698187377156,0.9949265975820379,0.01990646682679653
0.4025945662619027,0.9949265975820379,0.01990676485002041
0.4026121521862578,0.9949265975820379,0.01991507038474083
0.40262973964703824,0.9949265975820379,0.01992451772093773
0.4026473286444454,0.9949265975820379,0.019935254007577896
0.40266491917868064,0.9949265975820379,0.019937856122851372
0.40268251124994536,0.9949265975820379,0.01994948461651802
0.4027001048584411,0.9949265975820379,0.01995287835597992
0.4027177000043693,0.9949265975820379,0.01995604857802391
0.4027352966879315,0.9949265975820379,0.019970210269093513
0.40275289490932925,0.9949265975820379,0.019993050023913383
0.4027704946687642,0.9949265975820379,0.02000606805086136
0.40278809596643794,0.9949265975820379,0.02001286670565605
0.40280569880255224,0.9949265975820379,0.020013581961393356
0.4028233031773087,0.9949265975820379,0.020015817135572433
0.4028585165435552,0.9949265975820379,0.020021623000502586
0.4028761255354489,0.9949265975820379,0.02003033272922039
0.40289373606679196,0.9949265975820379,0.020031780004501343
0.4029289617486339,0.9949265975820379,0.020033366978168488
0.4029465768995366,0.9949265975820379,0.02007426880300045
0.40296419359069646,0.9949265975820379,0.020079443231225014
0.4029818118223155,0.9949265975820379,0.020086565986275673
0.40301705290773937,0.9949265975820379,0.0200868658721447
0.4030346757619485,0.9949265975820379,0.020089222118258476
0.4030523001574252,0.9949265975820379,0.020095234736800194
0.4030699260943718,0.9949265975820379,0.020108196884393692
0.4030875535729905,0.9949265975820379,0.0201109629124403
0.4031051825934835,0.9949265975820379,0.02011573314666748
0.4031228131560532,0.9949265975820379,0.020116113126277924
0.403158078908232,0.9949265975820379,0.020120875909924507
0.40317571409824593,0.9949265975820379,0.020133284851908684
0.4031933508311461,0.9949265975820379,0.020134929567575455
0.40321098910713504,0.9949265975820379,0.020136402919888496
0.4032462702891893,0.9949265975820379,0.020141644403338432
0.4032639131956598,0.9949265975820379,0.020145868882536888
0.4032815576460293,0.9949265975820379,0.020155025646090508
0.4032992036405006,0.9949265975820379,0.02015572227537632
0.40331685117927624,0.9949265975820379,0.02015865594148636
0.40333450026255907,0.9949265975820379,0.020172081887722015
0.4033521508905518,0.9949265975820379,0.020173193886876106
0.4033698030634573,0.9949265975820379,0.020189007744193077
0.4033874567814784,0.9949265975820379,0.020196814090013504
0.40340511204481794,0.9949265975820379,0.02019856870174408
0.40342276885367884,0.9949265975820379,0.020198578014969826
0.403440427208264,0.9949265975820379,0.020200660452246666
0.40345808710877656,0.9949265975820379,0.02020534686744213
0.4035640789876965,0.9949265975820379,0.020208120346069336
0.40358174971538663,0.9949265975820379,0.02021264284849167
0.4036170958136276,0.9949265975820379,0.02021452784538269
0.4036347711845851,0.9949265975820379,0.020215580239892006
0.403652448103705,0.9949265975820379,0.02022721990942955
0.40367012657119083,0.9949265975820379,0.020228175446391106
0.4037054881520739,0.9949265975820379,0.020228803157806396
0.40372317126587826,0.9949265975820379,0.020228978246450424
0.4037408559288624,0.9949265975820379,0.020231075584888458
0.4037585421412301,0.9949265975820379,0.020232470706105232
0.40377622990318485,0.9949265975820379,0.02024829387664795
0.40379391921493035,0.9949265975820379,0.020249785855412483
0.4038116100766703,0.9949265975820379,0.02025395818054676
0.4038293024886085,0.9949265975820379,0.020255910232663155
0.4038469964509486,0.9949265975820379,0.020263858139514923
0.40386469196389446,0.9949265975820379,0.020264070481061935
0.40388238902764995,0.9949265975820379,0.02026660181581974
0.4039000876424189,0.9949265975820379,0.020270248875021935
0.40391778780840526,0.9949265975820379,0.020271824672818184
0.40395319279484593,0.9949265975820379,0.020276527851819992
0.40397089761570826,0.9949265975820379,0.020292125642299652
0.403988603988604,0.9949265975820379,0.020303916186094284
0.4040063119137372,0.9949265975820379,0.02031480334699154
0.404024021391312,0.9949265975820379,0.020326171070337296
0.4040417324215325,0.9949265975820379,0.02033027820289135
0.40405944500460306,0.9949265975820379,0.02033287100493908
0.4040771591407277,0.9949265975820379,0.02034052275121212
0.4040948748301109,0.9949265975820379,0.020341787487268448
0.40404261849432194,0.9947107081174439,0.020345749333500862
0.4040603349995615,0.9947107081174439,0.020348820835351944
0.4040780530585398,0.9947107081174439,0.02034899964928627
0.40409577267146113,0.9947107081174439,0.02035841904580593
0.40411349383853,0.9947107081174439,0.02036954276263714
0.4041312165599509,0.9947107081174439,0.020384816452860832
0.4041489408359282,0.9947107081174439,0.020387886092066765
0.4041666666666667,0.9947107081174439,0.020392244681715965
0.4041405324794947,0.9946027633851469,0.020393339917063713
0.40415825949644707,0.9946027633851469,0.02039525844156742
0.4041759880686055,0.9946027633851469,0.020396921783685684
0.4041937181961748,0.9946027633851469,0.020406994968652725
0.40421144987935953,0.9946027633851469,0.020407257601618767
0.4042291831183645,0.9946027633851469,0.020413244143128395
0.40424691791339445,0.9946027633851469,0.020420989021658897
0.40426465426465424,0.9946027633851469,0.020440641790628433
0.40428239217234874,0.9946027633851469,0.020443765446543694
0.40431787265786123,0.9946027633851469,0.02045796997845173
0.4043888523151196,0.9946027633851469,0.02046205848455429
0.4044066011235955,0.9946027633851469,0.02046835422515869
0.40442435149014616,0.9946027633851469,0.020468806847929955
0.4044421034149767,0.9946027633851469,0.02046959660947323
0.4044953685412002,0.9946027633851469,0.020470520481467247
0.40451312670120293,0.9946027633851469,0.02047639526426792
0.40448698248232867,0.9944948186528497,0.02048557996749878
0.40450474183350893,0.9944948186528497,0.020496461540460587
0.4045225027442371,0.9944948186528497,0.020499901846051216
0.40454026521471853,0.9944948186528497,0.02050577849149704
0.4046113306982872,0.9944948186528497,0.020514806732535362
0.40462910097061794,0.9944948186528497,0.020522406324744225
0.40464687280393535,0.9944948186528497,0.02052520588040352
0.4046646461984451,0.9944948186528497,0.020530227571725845
0.404682421154353,0.9944948186528497,0.020533915609121323
0.4047001976718647,0.9944948186528497,0.0205361507833004
0.40471797575118607,0.9944948186528497,0.020537549629807472
0.40473575539252293,0.9944948186528497,0.02054576762020588
0.4047713193620667,0.9944948186528497,0.020547350868582726
0.40478910369068544,0.9944948186528497,0.02054828219115734
0.40480688958214334,0.9944948186528497,0.020548339933156967
0.40484246605440083,0.9944948186528497,0.020549966022372246
0.4048602566356126,0.9944948186528497,0.02055179886519909
0.40487804878048783,0.9944948186528497,0.020553065463900566
0.40489584248923266,0.9944948186528497,0.02055852860212326
0.40491363776205336,0.9944948186528497,0.020562080666422844
0.4049314345991561,0.9944948186528497,0.020563406869769096
0.4049492330007472,0.9944948186528497,0.020590603351593018
0.4050382484832498,0.9944948186528497,0.02060490846633911
0.40505605627610464,0.9944948186528497,0.020605267956852913
0.4050738656348927,0.9944948186528497,0.02061307802796364
0.4050916765598206,0.9944948186528497,0.020631959661841393
0.4051094890510949,0.9944948186528497,0.020640412345528603
0.4051273031089222,0.9944948186528497,0.020649774000048637
0.4051451187335092,0.9944948186528497,0.020671453326940536
0.4051807546837892,0.9944948186528497,0.02067253366112709
0.40519857500989576,0.9944948186528497,0.0206733588129282
0.405216396903589,0.9944948186528497,0.02067946083843708
0.4052342203650759,0.9944948186528497,0.020695464685559273
0.4052520453945632,0.9944948186528497,0.020695580169558525
0.40526987199225795,0.9944948186528497,0.020715981721878052
0.40530552989309754,0.9944948186528497,0.020741747692227364
0.4053233611966564,0.9944948186528497,0.020744096487760544
0.40534119406925073,0.9944948186528497,0.020752742886543274
0.40537686452237426,0.9944948186528497,0.02075747773051262
0.4053947021033178,0.9944948186528497,0.020779501646757126
0.4054125412541254,0.9944948186528497,0.02078198455274105
0.4054303819750044,0.9944948186528497,0.020782465115189552
0.40544822426616206,0.9944948186528497,0.020788216963410378
0.4054839135601426,0.9944948186528497,0.020791472867131233
0.40553745928338764,0.9944948186528497,0.020803678780794144
0.40555531100057224,0.9944948186528497,0.020804358646273613
0.4055731642894876,0.9944948186528497,0.020811470225453377
0.4055910191503412,0.9944948186528497,0.020818235352635384
0.4056088755833407,0.9944948186528497,0.0208258219063282
0.4056267335886937,0.9944948186528497,0.020857827737927437
0.40564459316660795,0.9944948186528497,0.020866326987743378
0.4056624543172912,0.9944948186528497,0.020873669534921646
0.40568031704095114,0.9944948186528497,0.020877357572317123
0.40569818133779556,0.9944948186528497,0.02088366076350212
0.40567200986436497,0.9943868739205527,0.020906321704387665
0.405689875368829,0.9943868739205527,0.020913388580083847
0.4057077424469303,0.9943868739205527,0.020914331078529358
0.4057971014492754,0.9943868739205527,0.020940745249390602
0.40585073574764297,0.9943868739205527,0.020954255014657974
0.40588649982375746,0.9943868739205527,0.02095521055161953
0.4059043842256004,0.9943868739205527,0.020960234105587006
0.405922270203578,0.9943868739205527,0.02096089906990528
0.40594015775789893,0.9943868739205527,0.02096339873969555
0.4059759375964039,0.9943868739205527,0.020970284938812256
0.40599382988100485,0.9943868739205527,0.02097228728234768
0.4060117237427828,0.9943868739205527,0.020972810685634613
0.4060296191819464,0.9943868739205527,0.02098321169614792
0.4060475161987041,0.9943868739205527,0.021004660055041313
0.40608331496583644,0.9943868739205527,0.021007955074310303
0.40610121671662847,0.9943868739205527,0.021011367440223694
0.4061191200458493,0.9943868739205527,0.021015742793679237
0.4061370249537078,0.9943868739205527,0.02102377824485302
0.4061549314404127,0.9943868739205527,0.02102413773536682
0.40619074915119713,0.9943868739205527,0.021025201305747032
0.4062265731798739,0.9943868739205527,0.021028922870755196
0.40624448756394427,0.9943868739205527,0.021031970158219337
0.40626240352811466,0.9943868739205527,0.021033909171819687
0.40628032107259415,0.9943868739205527,0.021041927859187126
0.40629824019759186,0.9943868739205527,0.021046752110123634
0.40631616090331685,0.9943868739205527,0.021049262955784798
0.4062899739755635,0.9942789291882557,0.0210542194545269
0.4063078958976621,0.9942789291882557,0.021067850291728973
0.40632581940094403,0.9942789291882557,0.02106853947043419
0.4063437444856185,0.9942789291882557,0.0210703294724226
0.4063616711518948,0.9942789291882557,0.0210756603628397
0.40637959939998236,0.9942789291882557,0.021098094061017036
0.4063975292300904,0.9942789291882557,0.021111343055963516
0.4064154606424285,0.9942789291882557,0.02111617662012577
0.40643339363720604,0.9942789291882557,0.02112646773457527
0.4064513282146324,0.9942789291882557,0.021147852763533592
0.40646926437491726,0.9942789291882557,0.021160872653126717
0.40650514144490046,0.9942789291882557,0.02116735652089119
0.4065230823550181,0.9942789291882557,0.021175727248191833
0.4065410248488326,0.9942789291882557,0.021180564537644386
0.4065589689265537,0.9942789291882557,0.021196888759732246
0.40657691458839107,0.9942789291882557,0.021198643371462822
0.4065948618345546,0.9942789291882557,0.0212060809135437
0.40661281066525407,0.9942789291882557,0.02120705507695675
0.4066307610806993,0.9942789291882557,0.02121642604470253
0.4066487130811002,0.9942789291882557,0.021216901019215584
0.4066666666666667,0.9942789291882557,0.021217286586761475
0.40668462183760873,0.9942789291882557,0.021225012838840485
0.40670257859413633,0.9942789291882557,0.021226132288575172
0.40673849686478847,0.9942789291882557,0.021234147250652313
0.40675645837933316,0.9942789291882557,0.021244101226329803
0.40677442148030385,0.9942789291882557,0.021248463541269302
0.40679238616791064,0.9942789291882557,0.021254979074001312
0.40676618673262077,0.9941709844559585,0.021257534623146057
0.40673998498299546,0.9940630397236615,0.021259687840938568
0.40675795053003533,0.9940630397236615,0.021269869059324265
0.4067759176642078,0.9940630397236615,0.021280935034155846
0.4067938863857231,0.9940630397236615,0.021283527836203575
0.4068118566947917,0.9940630397236615,0.021289978176355362
0.4067856511751193,0.9939550949913645,0.021294480189681053
0.40680362270819526,0.9939550949913645,0.02130087837576866
0.4068215958292834,0.9939550949913645,0.021309252828359604
0.4068395705385941,0.9939550949913645,0.02131112664937973
0.4068575468363379,0.9939550949913645,0.02133140154182911
0.4068755247227255,0.9939550949913645,0.02134290710091591
0.4068935041979673,0.9939550949913645,0.0213470458984375
0.40691148526227405,0.9939550949913645,0.02134774811565876
0.40692946791585644,0.9939550949913645,0.021348604932427406
0.40698342541436466,0.9939550949913645,0.021368268877267838
0.407001414427157,0.9939550949913645,0.021376019343733788
0.40701940503027895,0.9939550949913645,0.021382277831435204
0.4070553910083551,0.9939550949913645,0.021383265033364296
0.4070913833502807,0.9939550949913645,0.021386750042438507
0.4071093819082147,0.9939550949913645,0.021393191069364548
0.4071273820577442,0.9939550949913645,0.021401185542345047
0.4071453837990803,0.9939550949913645,0.021412702277302742
0.4071633871324342,0.9939550949913645,0.021419962868094444
0.4071993985760403,0.9939550949913645,0.02142680622637272
0.407217406686715,0.9939550949913645,0.02143116481602192
0.40725342768686423,0.9939550949913645,0.02143697626888752
0.40727144057676146,0.9939550949913645,0.021442001685500145
0.4072894550601557,0.9939550949913645,0.021442199125885963
0.40730747113725835,0.9939550949913645,0.021444540470838547
0.407325488808281,0.9939550949913645,0.021449532359838486
0.40734350807343506,0.9939550949913645,0.021460680291056633
0.407379551386984,0.9939550949913645,0.02146809548139572
0.40739757543580213,0.9939550949913645,0.021474529057741165
0.40741560107959823,0.9939550949913645,0.021478917449712753
0.4074336283185841,0.9939550949913645,0.021482937037944794
0.4074516571529714,0.9939550949913645,0.021502165123820305
0.4074434659468071,0.9938471502590673,0.021508503705263138
0.40747953086966143,0.9938471502590673,0.021513892337679863
0.40749756572541385,0.9938471502590673,0.02151615545153618
0.40751560217766564,0.9938471502590673,0.021519815549254417
0.4075336402266289,0.9938471502590673,0.021519925445318222
0.4075516798725156,0.9938471502590673,0.02152613177895546
0.40756972111553785,0.9938471502590673,0.021541936323046684
0.40758776395590773,0.9938471502590673,0.021543413400650024
0.4076058083938374,0.9938471502590673,0.02155577950179577
0.40762385442953913,0.9938471502590673,0.021556036546826363
0.407641902063225,0.9938471502590673,0.021556856110692024
0.40765995129510735,0.9938471502590673,0.021558208391070366
0.40769605455431074,0.9938471502590673,0.02155822515487671
0.40773216420884817,0.9938471502590673,0.02156892418861389
0.40775022143489814,0.9938471502590673,0.021569421514868736
0.40776828026041895,0.9938471502590673,0.02156943641602993
0.4077863406856232,0.9938471502590673,0.021580684930086136
0.4078044027107233,0.9938471502590673,0.02159304730594158
0.40782246633593194,0.9938471502590673,0.021596936509013176
0.40784053156146177,0.9938471502590673,0.021601401269435883
0.4078585983875255,0.9938471502590673,0.021602772176265717
0.4078766668143357,0.9938471502590673,0.021607263013720512
0.40791280847104694,0.9938471502590673,0.021619074046611786
0.4079489565332979,0.9938471502590673,0.02163410186767578
0.40796703296703296,0.9938471502590673,0.021647151559591293
0.40800319064078705,0.9938471502590673,0.021654700860381126
0.40803935472433966,0.9938471502590673,0.021655283868312836
0.4080574391703231,0.9938471502590673,0.021660974249243736
0.40807552521939544,0.9938471502590673,0.021661194041371346
0.4080936128717699,0.9938471502590673,0.021664492785930634
0.40811170212765957,0.9938471502590673,0.021666664630174637
0.4081297929872778,0.9938471502590673,0.021673323586583138
0.40814788545083786,0.9938471502590673,0.021681418642401695
0.408165979518553,0.9938471502590673,0.02168300561606884
0.40818407519063665,0.9938471502590673,0.02168324403464794
0.40820217246730217,0.9938471502590673,0.02168441191315651
0.408220271348763,0.9938471502590673,0.021690450608730316
0.40823837183523254,0.9938471502590673,0.021691221743822098
0.40827457762405217,0.9938471502590673,0.021722469478845596
0.40829268292682924,0.9938471502590673,0.021725691854953766
0.40832889835018626,0.9938471502590673,0.021727940067648888
0.4083470084711935,0.9938471502590673,0.021743323653936386
0.40836512019870486,0.9938471502590673,0.021750900894403458
0.40838323353293415,0.9938471502590673,0.02176477387547493
0.4084013484740951,0.9938471502590673,0.021766895428299904
0.4084194650224016,0.9938471502590673,0.021768659353256226
0.4084375831780676,0.9938471502590673,0.02176903374493122
0.40847382431233364,0.9938471502590673,0.021769212558865547
0.4084919472913616,0.9938471502590673,0.021775294095277786
0.408510071878605,0.9938471502590673,0.021783985197544098
0.40854632587859424,0.9938471502590673,0.021804139018058777
0.4085825863140144,0.9938471502590673,0.021825166419148445
0.40860071894554656,0.9938471502590673,0.021866776049137115
0.4086188531865791,0.9938471502590673,0.02186967059969902
0.40863698903732637,0.9938471502590673,0.02187471091747284
0.4086551264980027,0.9938471502590673,0.021883757784962654
0.408628878334591,0.9937392055267703,0.021888744086027145
0.40864701704545453,0.9937392055267703,0.02189040742814541
0.4086651573667155,0.9937392055267703,0.02190678007900715
0.4086832992985883,0.9937392055267703,0.021910596638917923
0.40870144284128745,0.9937392055267703,0.02191992849111557
0.40867519090747645,0.9936312607944733,0.021924681961536407
0.40869333570128313,0.9936312607944733,0.021926533430814743
0.40871148210638486,0.9936312607944733,0.021934326738119125
0.4087296301229963,0.9936312607944733,0.021938111633062363
0.40874777975133214,0.9936312607944733,0.021952947601675987
0.40878408384403586,0.9936312607944733,0.02195330150425434
0.40882039438621426,0.9936312607944733,0.021960945799946785
0.4088385520763935,0.9936312607944733,0.02196250669658184
0.408856711379586,0.9936312607944733,0.021970205008983612
0.4088748722960068,0.9936312607944733,0.022021936252713203
0.40891119896939276,0.9936312607944733,0.022022807970643044
0.4089293647267881,0.9936312607944733,0.02202780917286873
0.4089475320982718,0.9936312607944733,0.02203887701034546
0.408965701084059,0.9936312607944733,0.022041868418455124
0.40898387168436484,0.9936312607944733,0.022052735090255737
0.4090020438994046,0.9936312607944733,0.022053103893995285
0.40902021772939345,0.9936312607944733,0.022061621770262718
0.40905657023507974,0.9936312607944733,0.02206226997077465
0.4090747489112079,0.9936312607944733,0.02207227051258087
0.40909292920314655,0.9936312607944733,0.02208086848258972
0.4091111111111111,0.9936312607944733,0.022082684561610222
0.4091292946353171,0.9936312607944733,0.022087987512350082
0.4091474797759801,0.9936312607944733,0.0220927894115448
0.40916566653331554,0.9936312607944733,0.02209380455315113
0.4091838549075391,0.9936312607944733,0.02210805006325245
0.4092202365075131,0.9936312607944733,0.022116273641586304
0.4092566245776276,0.9936312607944733,0.022120125591754913
0.4092930191196087,0.9936312607944733,0.022124921903014183
0.40931121881808885,0.9936312607944733,0.022128384560346603
0.4093294201351832,0.9936312607944733,0.022129131481051445
0.4093476230711077,0.9936312607944733,0.02214408852159977
0.4093658276260784,0.9936312607944733,0.02216440811753273
0.4093840338003113,0.9936312607944733,0.02217024751007557
0.40940224159402244,0.9936312607944733,0.02217094413936138
0.40942045100742785,0.9936312607944733,0.022191863507032394
0.4094386620407437,0.9936312607944733,0.02221646159887314
0.4094568746941862,0.9936312607944733,0.022232428193092346
0.4094750889679715,0.9936312607944733,0.022233087569475174
0.40949330486231594,0.9936312607944733,0.022236865013837814
0.4095115223774357,0.9936312607944733,0.02223793789744377
0.4095297415135472,0.9936312607944733,0.022246187552809715
0.4095661846496107,0.9936312607944733,0.022247184067964554
0.4096026342722378,0.9936312607944733,0.022247634828090668
0.4096208615165539,0.9936312607944733,0.022266622632741928
0.40963909038316054,0.9936312607944733,0.02228662185370922
0.40965732087227413,0.9936312607944733,0.022301657125353813
0.40967555298411146,0.9936312607944733,0.022313307970762253
0.4097120220768238,0.9936312607944733,0.02232009917497635
0.40973025905813226,0.9936312607944733,0.022323494777083397
0.4097849797444687,0.9936312607944733,0.022327356040477753
0.40980322322144064,0.9936312607944733,0.02234000153839588
0.40982146832287075,0.9936312607944733,0.02234070561826229
0.409839715048976,0.9936312607944733,0.02235974185168743
0.40985796339997327,0.9936312607944733,0.022364143282175064
0.40987621337607977,0.9936312607944733,0.0223858505487442
0.4098944649775126,0.9936312607944733,0.02238813228905201
0.40991271820448877,0.9936312607944733,0.02238919585943222
0.4099309730572256,0.9936312607944733,0.02239682711660862
0.4099674876408498,0.9936312607944733,0.022410305216908455
0.40998574737217175,0.9936312607944733,0.022424306720495224
0.4100040087301234,0.9936312607944733,0.02244563028216362
0.41004053632678517,0.9936312607944733,0.022451438009738922
0.41009533992693575,0.9936312607944733,0.022479023784399033
0.41011361104923144,0.9936312607944733,0.02248052880167961
0.4101318837996792,0.9936312607944733,0.022493943572044373
0.41015015817849665,0.9936312607944733,0.02249467372894287
0.4101238748774619,0.9935233160621761,0.022496916353702545
0.4101421505280513,0.9935233160621761,0.022506918758153915
0.4101604278074866,0.9935233160621761,0.02250698022544384
0.41017870671598555,0.9935233160621761,0.02251310832798481
0.4101969872537659,0.9935233160621761,0.022520318627357483
0.4102152694210456,0.9935233160621761,0.022551147267222404
0.41020726543347447,0.9934153713298791,0.02255380153656006
0.41022555050369974,0.9934153713298791,0.022575171664357185
0.41024383720411894,0.9934153713298791,0.02257682755589485
0.41026212553495006,0.9934153713298791,0.02258913405239582
0.4102804154964112,0.9934153713298791,0.02260092832148075
0.41029870708872046,0.9934153713298791,0.022604191675782204
0.41031700031209595,0.9934153713298791,0.02261052466928959
0.4103352951667558,0.9934153713298791,0.022611167281866074
0.41035359165291835,0.9934153713298791,0.02262963354587555
0.41037188977080175,0.9934153713298791,0.02263537049293518
0.4103901895206243,0.9934153713298791,0.022635919973254204
0.41040849090260434,0.9934153713298791,0.022638583555817604
0.41042679391696024,0.9934153713298791,0.022641342133283615
0.4104450985639104,0.9934153713298791,0.022675951942801476
0.41046340484367333,0.9934153713298791,0.02272673137485981
0.41048171275646744,0.9934153713298791,0.022731106728315353
0.41050002230251126,0.9934153713298791,0.02273554354906082
0.4105183334820234,0.9934153713298791,0.022757066413760185
0.41053664629522235,0.9934153713298791,0.02277117595076561
0.41051034975017847,0.9933074265975821,0.02279164269566536
0.4105652969258912,0.9933074265975821,0.022822482511401176
0.41058361592004283,0.9933074265975821,0.02282659150660038
0.4106202588130299,0.9933074265975821,0.02283536270260811
0.4106385827123031,0.9933074265975821,0.022835981100797653
0.41065690824705464,0.9933074265975821,0.02288675867021084
0.41067523541750345,0.9933074265975821,0.022890320047736168
0.4107118946663691,0.9933074265975821,0.022898729890584946
0.4107302267452241,0.9933074265975821,0.022903937846422195
0.4107485604606526,0.9933074265975821,0.022905820980668068
0.41076689581287384,0.9933074265975821,0.022915050387382507
0.41078523280210705,0.9933074265975821,0.022929556667804718
0.41080357142857143,0.9933074265975821,0.022933971136808395
0.4108219116924863,0.9933074265975821,0.022957483306527138
0.4108402535940709,0.9933074265975821,0.022959314286708832
0.41085859713354467,0.9933074265975821,0.022965319454669952
0.410876942311127,0.9933074265975821,0.022970568388700485
0.41089528912703727,0.9933074265975821,0.02297228015959263
0.410913637581495,0.9933074265975821,0.022982513532042503
0.4109319876747198,0.9933074265975821,0.02298315055668354
0.41095033940693104,0.9933074265975821,0.02299538254737854
0.41096869277834847,0.9933074265975821,0.02300330065190792
0.4109870477891916,0.9933074265975821,0.02301059290766716
0.41102376273003394,0.9933074265975821,0.023011118173599243
0.4110421226604726,0.9933074265975821,0.023017805069684982
0.41106048423121594,0.9933074265975821,0.02304396778345108
0.4110788474424838,0.9933074265975821,0.023053286597132683
0.4110972122944961,0.9933074265975821,0.023057635873556137
0.4111155787874726,0.9933074265975821,0.023066984489560127
0.41113394692163346,0.9933074265975821,0.0230723787099123
0.41115231669719854,0.9933074265975821,0.02308054268360138
0.4111890611734215,0.9933074265975821,0.023099489510059357
0.41120743587451963,0.9933074265975821,0.023102793842554092
0.41122581221790233,0.9933074265975821,0.023113254457712173
0.4112441902037898,0.9933074265975821,0.02311720699071884
0.4112625698324022,0.9933074265975821,0.023133957758545876
0.41129933401868324,0.9933074265975821,0.023141341283917427
0.41131771857679245,0.9933074265975821,0.023149194195866585
0.4113361047785079,0.9933074265975821,0.0231509730219841
0.41135449262405005,0.9933074265975821,0.023171380162239075
0.4113912732474964,0.9933074265975821,0.02319161966443062
0.41136495730316985,0.993199481865285,0.023198476061224937
0.4113833497272646,0.993199481865285,0.023211829364299774
0.41140174379611,0.993199481865285,0.023216526955366135
0.4114201395099267,0.993199481865285,0.02321852184832096
0.4114385368689353,0.993199481865285,0.023229701444506645
0.4114569358733566,0.993199481865285,0.023235632106661797
0.4114753365234113,0.993199481865285,0.02325623854994774
0.41144901610017887,0.9930915371329879,0.023259002715349197
0.4114674180419518,0.9930915371329879,0.023272085934877396
0.41148582162984165,0.9930915371329879,0.023290155455470085
0.4115042268640694,0.9930915371329879,0.023304905742406845
0.4115410422724223,0.9930915371329879,0.023325465619564056
0.4115594524469893,0.9930915371329879,0.02333155833184719
0.41157786426877824,0.9930915371329879,0.023344572633504868
0.4116146928549058,0.9930915371329879,0.02334725670516491
0.4116331096196868,0.9930915371329879,0.023360302671790123
0.41165152803257415,0.9930915371329879,0.023387329652905464
0.41166994809378915,0.9930915371329879,0.023391900584101677
0.41168836980355306,0.9930915371329879,0.02341371588408947
0.4117067931620872,0.9930915371329879,0.023420024663209915
0.4117436448263516,0.9930915371329879,0.023424318060278893
0.4117620731325247,0.9930915371329879,0.023425200954079628
0.4117805030883538,0.9930915371329879,0.023433100432157516
0.41179893469406026,0.9930915371329879,0.023435866460204124
0.41181736794986573,0.9930915371329879,0.02344042994081974
0.41183580285599175,0.9930915371329879,0.02344227395951748
0.4118726776200922,0.9930915371329879,0.023466994985938072
0.41189111747851004,0.9930915371329879,0.023472022265195847
0.4119095589881352,0.9930915371329879,0.023491276428103447
0.41192800214918956,0.9930915371329879,0.023497402667999268
0.411946446961895,0.9930915371329879,0.02350713312625885
0.41196489342647324,0.9930915371329879,0.02351256273686886
0.41200179131213616,0.9930915371329879,0.023542478680610657
0.4120202427336647,0.9930915371329879,0.023549258708953857
0.41203869580795416,0.9930915371329879,0.023551633581519127
0.4120571505352264,0.9930915371329879,0.023553024977445602
0.41207560691570366,0.9930915371329879,0.02356119640171528
0.41209406494960804,0.9930915371329879,0.023561717942357063
0.4121125246371618,0.9930915371329879,0.023562058806419373
0.4121309859785871,0.9930915371329879,0.023562470450997353
0.41210465012095693,0.9929835924006909,0.023606590926647186
0.41212311276376506,0.9929835924006909,0.023614302277565002
0.4121415770609319,0.9929835924006909,0.023618310689926147
0.4121600430126798,0.9929835924006909,0.023664703592658043
0.4121785106192311,0.9929835924006909,0.02368549443781376
0.41219697988080833,0.9929835924006909,0.023691389709711075
0.412215450797634,0.9929835924006909,0.02370169386267662
0.41223392336993053,0.9929835924006909,0.023704303428530693
0.4122523975979206,0.9929835924006909,0.023706162348389626
0.4122708734818267,0.9929835924006909,0.02371208555996418
0.41228935102187164,0.9929835924006909,0.02371843345463276
0.412307830218278,0.9929835924006909,0.023736702278256416
0.4123263110712685,0.9929835924006909,0.023737188428640366
0.41234479358106596,0.9929835924006909,0.02375090681016445
0.4123632777478931,0.9929835924006909,0.023774078115820885
0.4124002510535282,0.9929835924006909,0.023794062435626984
0.4124187401927819,0.9929835924006909,0.02380812168121338
0.41243723098995694,0.9929835924006909,0.02381966821849346
0.4124557234452764,0.9929835924006909,0.023820526897907257
0.4124742175589633,0.9929835924006909,0.023833053186535835
0.41249271333124077,0.9929835924006909,0.023836372420191765
0.4125112107623318,0.9929835924006909,0.023841025307774544
0.41252970985245974,0.9929835924006909,0.02384161949157715
0.4125482106018477,0.9929835924006909,0.023862680420279503
0.41256671301071896,0.9929835924006909,0.023862937465310097
0.41258521707929674,0.9929835924006909,0.02386302500963211
0.41260372280780444,0.9929835924006909,0.02386520244181156
0.41262223019646543,0.9929835924006909,0.023876719176769257
0.4126407392455031,0.9929835924006909,0.02387820929288864
0.41265924995514086,0.9929835924006909,0.023883942514657974
0.41267776232560227,0.9929835924006909,0.023886071518063545
0.4126962763571108,0.9929835924006909,0.0238975640386343
0.4127147920498901,0.9929835924006909,0.023905916139483452
0.4127333094041637,0.9929835924006909,0.023921402171254158
0.4127069592138915,0.9928756476683938,0.023928318172693253
0.41272547787848873,0.9928756476683938,0.02393404394388199
0.41276252019386106,0.9928756476683938,0.02393842115998268
0.4127810438450837,0.9928756476683938,0.023941468447446823
0.4127995691589624,0.9928756476683938,0.023944828659296036
0.41283662477558347,0.9928756476683938,0.023954518139362335
0.41285515507877374,0.9928756476683938,0.023977603763341904
0.41291075597055127,0.9928756476683938,0.02399059571325779
0.4129478315524827,0.9928756476683938,0.02399173378944397
0.4129663718403448,0.9928756476683938,0.024009795859456062
0.4129400143678161,0.9927677029360967,0.024012723937630653
0.41295855596964665,0.9927677029360967,0.024016451090574265
0.4129770992366412,0.9927677029360967,0.02405140921473503
0.4129956441690242,0.9927677029360967,0.02406916208565235
0.41301419076701995,0.9927677029360967,0.02408399060368538
0.41303273903085286,0.9927677029360967,0.0240874495357275
0.41305128896074733,0.9927677029360967,0.024092964828014374
0.4130698405569279,0.9927677029360967,0.024121413007378578
0.4130883938196191,0.9927677029360967,0.024125628173351288
0.4131069487490455,0.9927677029360967,0.024132808670401573
0.4131440636090023,0.9927677029360967,0.024137059226632118
0.413162623539982,0.9927677029360967,0.02415076456964016
0.41318118513859564,0.9927677029360967,0.024157946929335594
0.41319974840506785,0.9927677029360967,0.02416035905480385
0.4132368799424874,0.9927677029360967,0.024163568392395973
0.41325544821388455,0.9927677029360967,0.0241729486733675
0.41327401815403975,0.9927677029360967,0.024193787947297096
0.413292589763178,0.9927677029360967,0.024196401238441467
0.4133111630415244,0.9927677029360967,0.024226607754826546
0.41332973798930384,0.9927677029360967,0.02422739751636982
0.41336689289406264,0.9927677029360967,0.02423226833343506
0.41338547285149224,0.9927677029360967,0.02424885332584381
0.41335910459837283,0.9926597582037997,0.024255048483610153
0.41337768587611257,0.9926597582037997,0.02426556684076786
0.41339626882445496,0.9926597582037997,0.024307703599333763
0.4134148534436253,0.9926597582037997,0.02431119792163372
0.41343343973384883,0.9926597582037997,0.024311227723956108
0.4134520276953511,0.9926597582037997,0.02431553043425083
0.4134892086330935,0.9926597582037997,0.024350250139832497
0.4135078016097846,0.9926597582037997,0.024403244256973267
0.41352639625865634,0.9926597582037997,0.024403907358646393
0.4135449925799343,0.9926597582037997,0.024404525756835938
0.41356359057384423,0.9926597582037997,0.02441549114882946
0.41358219024061166,0.9926597582037997,0.02442181669175625
0.41360079158046237,0.9926597582037997,0.024422215297818184
0.41361939459362207,0.9926597582037997,0.024434680119156837
0.41363799928031664,0.9926597582037997,0.024459997192025185
0.4136566056407719,0.9926597582037997,0.024465959519147873
0.41367521367521365,0.9926597582037997,0.02452300861477852
0.4136938233838679,0.9926597582037997,0.024551507085561752
0.41371243476696057,0.9926597582037997,0.024560609832406044
0.4137310478247177,0.9926597582037997,0.024583017453551292
0.4137496625573652,0.9926597582037997,0.02460845746099949
0.41376827896512935,0.9926597582037997,0.02461010031402111
0.4137419006479482,0.9925518134715026,0.0246141254901886
0.4137791377913779,0.9925518134715026,0.024615388363599777
0.4137977588767382,0.9925518134715026,0.024621078744530678
0.4138163816381638,0.9925518134715026,0.024621939286589622
0.41383500607588103,0.9925518134715026,0.02462264895439148
0.4138536321901161,0.9925518134715026,0.024632390588521957
0.41387225998109556,0.9925518134715026,0.02464846894145012
0.41389088944904573,0.9925518134715026,0.024654757231473923
0.4139281534167642,0.9925518134715026,0.024667825549840927
0.4139467879169855,0.9925518134715026,0.024691075086593628
0.4139840619512854,0.9925518134715026,0.024692894890904427
0.4140027014858172,0.9925518134715026,0.024696674197912216
0.41402134269890584,0.9925518134715026,0.02471177652478218
0.4140399855907781,0.9925518134715026,0.02471349947154522
0.4140586301616607,0.9925518134715026,0.02474082261323929
0.4140772764117806,0.9925518134715026,0.024754218757152557
0.41409592434136455,0.9925518134715026,0.02475946769118309
0.4141145739506395,0.9925518134715026,0.024804025888442993
0.4141332252398325,0.9925518134715026,0.02481771819293499
0.4141518782091703,0.9925518134715026,0.024835456162691116
0.4141705328588802,0.9925518134715026,0.024836000055074692
0.4141891891891892,0.9925518134715026,0.024848850443959236
0.41426383132095873,0.9925518134715026,0.024870924651622772
0.41428249605767065,0.9925518134715026,0.02487431839108467
0.41430116247634496,0.9925518134715026,0.024899659678339958
0.414319830577209,0.9925518134715026,0.024905096739530563
0.4143571718264161,0.9925518134715026,0.02491140179336071
0.41437584497521407,0.9925518134715026,0.024914970621466637
0.4143945198071116,0.9925518134715026,0.024919291958212852
0.4144131963223364,0.9925518134715026,0.024947408586740494
0.41443187452111596,0.9925518134715026,0.024978311732411385
0.414450554403678,0.9925518134715026,0.024997694417834282
0.41446923597025015,0.9925518134715026,0.025026744231581688
0.41450660415633594,0.9925518134715026,0.025031931698322296
0.4145252907763051,0.9925518134715026,0.02503209002315998
0.4145439790811956,0.9925518134715026,0.025040514767169952
0.41460005410767425,0.9925518134715026,0.025043727830052376
0.41461874915452945,0.9925518134715026,0.02504514902830124
0.4146374458874459,0.9925518134715026,0.025055846199393272
0.41465614430665165,0.9925518134715026,0.025068791583180428
0.41467484441237484,0.9925518134715026,0.025072241201996803
0.4147122496842865,0.9925518134715026,0.025131788104772568
0.4147309548509314,0.9925518134715026,0.02513703890144825
0.41476837024674096,0.9925518134715026,0.025148890912532806
0.4148057923940993,0.9925518134715026,0.025154106318950653
0.41482450600018045,0.9925518134715026,0.025161560624837875
0.4148432212948342,0.9925518134715026,0.0251895934343338
0.4148619382782891,0.9925518134715026,0.025202933698892593
0.4148806569507738,0.9925518134715026,0.02521185576915741
0.4148993773125169,0.9925518134715026,0.025213679298758507
0.41491809936374713,0.9925518134715026,0.025214333087205887
0.41493682310469315,0.9925518134715026,0.025215988978743553
0.41495554853558375,0.9925518134715026,0.025236517190933228
0.4149742756566477,0.9925518134715026,0.025256825610995293
0.41499300446811394,0.9925518134715026,0.025273863226175308
0.4150117349702112,0.9925518134715026,0.025289051234722137
0.4150304671631686,0.9925518134715026,0.02531328797340393
0.41504920104721493,0.9925518134715026,0.025333836674690247
0.41506793662257935,0.9925518134715026,0.025354497134685516
0.4150866738894908,0.9925518134715026,0.025358492508530617
0.4151054128481784,0.9925518134715026,0.02537846378982067
0.41512415349887133,0.9925518134715026,0.025418180972337723
0.4151616398771898,0.9925518134715026,0.0254196897149086
0.41518038560527387,0.9925518134715026,0.025425389409065247
0.41519913302628014,0.9925518134715026,0.025432046502828598
0.41521788214043803,0.9925518134715026,0.025436172261834145
0.41523663294797686,0.9925518134715026,0.025448758155107498
0.41525538544912616,0.9925518134715026,0.025453973561525345
0.41527413964411525,0.9925518134715026,0.025454634800553322
0.4153116531165312,0.9925518134715026,0.025459833443164825
0.4153304123944171,0.9925518134715026,0.02546124905347824
0.4153491733670612,0.9925518134715026,0.02546755224466324
0.4153679360346931,0.9925518134715026,0.025477025657892227
0.41540546645583915,0.9925518134715026,0.025530045852065086
0.41544300365969367,0.9925518134715026,0.02553064562380314
0.41546177480571117,0.9925518134715026,0.025553634390234947
0.41548054764809544,0.9925518134715026,0.02556137926876545
0.41549932218707636,0.9925518134715026,0.02560104802250862
0.415518098422884,0.9925518134715026,0.025616534054279327
0.4155368763557484,0.9925518134715026,0.0257053691893816
0.41555565598589955,0.9925518134715026,0.02571176551282406
0.41557443731356775,0.9925518134715026,0.025734255090355873
0.41559322033898305,0.9925518134715026,0.025739630684256554
0.4156120050623757,0.9925518134715026,0.025751154869794846
0.41563079148397597,0.9925518134715026,0.025758685544133186
0.4156495796040141,0.9925518134715026,0.025782311335206032
0.4156683694227205,0.9925518134715026,0.02579459734261036
0.4157247490731531,0.9925518134715026,0.02580312453210354
0.41574354568883665,0.9925518134715026,0.02584429457783699
0.415781144019896,0.9925518134715026,0.02588709630072117
0.41579994573573303,0.9925518134715026,0.025900213047862053
0.4158187491520825,0.9925518134715026,0.025920681655406952
0.4158375542691751,0.9925518134715026,0.025930967181921005
0.41585636108724167,0.9925518134715026,0.025951458141207695
0.4158751696065129,0.9925518134715026,0.02595486119389534
0.4158939798272197,0.9925518134715026,0.02598896436393261
0.4159127917495929,0.9925518134715026,0.026024848222732544
0.4159316053738635,0.9925518134715026,0.02603309229016304
0.4159504207002624,0.9925518134715026,0.026039550080895424
0.41596923772902056,0.9925518134715026,0.026059485971927643
0.4159880564603692,0.9925518134715026,0.026060311123728752
0.4160068768945392,0.9925518134715026,0.026064036414027214
0.41602569903176184,0.9925518134715026,0.026102745905518532
0.41604452287226823,0.9925518134715026,0.026116549968719482
0.4160633484162896,0.9925518134715026,0.026152048259973526
0.4160821756640572,0.9925518134715026,0.02615223079919815
0.41610100461580235,0.9925518134715026,0.02619139850139618
0.41611983527175633,0.9925518134715026,0.026193125173449516
0.4161386676321506,0.9925518134715026,0.02619597315788269
0.41615750169721655,0.9925518134715026,0.026205383241176605
0.4161951749422894,0.9925518134715026,0.02621159516274929
0.4162328550088271,0.9925518134715026,0.026226522400975227
0.4162705418986826,0.9925518134715026,0.02623644843697548
0.41630823561370944,0.9925518134715026,0.026249978691339493
0.4163459361557618,0.9925518134715026,0.02625606395304203
0.4163647889875023,0.9925518134715026,0.02626066654920578
0.41640249977357124,0.9925518134715026,0.026294350624084473
0.41642135772836375,0.9925518134715026,0.026295969262719154
0.4164402173913043,0.9925518134715026,0.026341939345002174
0.4164590787626251,0.9925518134715026,0.02637510932981968
0.4164779418425582,0.9925518134715026,0.026383070275187492
0.41649680663133576,0.9925518134715026,0.026420852169394493
0.4165345413363533,0.9925518134715026,0.026448972523212433
0.4165534112530579,0.9925518134715026,0.026465775445103645
0.41657228287953607,0.9925518134715026,0.026477651670575142
0.4165911562160203,0.9925518134715026,0.026487106457352638
0.416564722939604,0.9924438687392055,0.026503775268793106
0.41658359764386044,0.9924438687392055,0.026532143354415894
0.41660247405863426,0.9924438687392055,0.02660098485648632
0.4166213521841581,0.9924438687392055,0.026611529290676117
0.41664023202066436,0.9924438687392055,0.026614192873239517
0.41665911356838575,0.9924438687392055,0.02661687321960926
0.41667799682755496,0.9924438687392055,0.026625150814652443
0.41669688179840464,0.9924438687392055,0.026630457490682602
0.4167157684811676,0.9924438687392055,0.026634205132722855
0.4167346568760765,0.9924438687392055,0.026656489819288254
0.4167535469833643,0.9924438687392055,0.026674695312976837
0.4167724388032638,0.9924438687392055,0.02667590044438839
0.41679133233600796,0.9924438687392055,0.026690466329455376
0.41681022758182973,0.9924438687392055,0.02671767584979534
0.41682912454096205,0.9924438687392055,0.026752939447760582
0.416848023213638,0.9924438687392055,0.026767250150442123
0.4168669236000907,0.9924438687392055,0.026812223717570305
0.4168858257005532,0.9924438687392055,0.026834603399038315
0.4169047295152587,0.9924438687392055,0.02683507651090622
0.4169236350444404,0.9924438687392055,0.026838582009077072
0.4169425422883316,0.9924438687392055,0.026848796755075455
0.41696145124716555,0.9924438687392055,0.02686731144785881
0.41698036192117555,0.9924438687392055,0.026870926842093468
0.4169992743105951,0.9924438687392055,0.026889031752943993
0.41701818841565746,0.9924438687392055,0.026890534907579422
0.41699174453415583,0.9923359240069085,0.026923270896077156
0.41701066001360854,0.9923359240069085,0.02696780487895012
0.4170295772092179,0.9923359240069085,0.026981627568602562
0.41704849612121764,0.9923359240069085,0.026985682547092438
0.4170674167498412,0.9923359240069085,0.026995990425348282
0.41708633909532233,0.9923359240069085,0.027019908651709557
0.41710526315789476,0.9923359240069085,0.02702927589416504
0.417078814828259,0.9922279792746114,0.027050528675317764
0.41709774026681185,0.9922279792746114,0.027053935453295708
0.41711666742297043,0.9922279792746114,0.027058692649006844
0.4171355962969686,0.9922279792746114,0.027060847729444504
0.41715452688904014,0.9922279792746114,0.027071231976151466
0.41717345919941906,0.9922279792746114,0.027091192081570625
0.4171923932283393,0.9922279792746114,0.027104085311293602
0.41723026644273975,0.9922279792746114,0.027113009244203568
0.41724920562868817,0.9922279792746114,0.02714484930038452
0.41726814653411415,0.9922279792746114,0.02714851312339306
0.41728708915925183,0.9922279792746114,0.02720499597489834
0.4173060335043356,0.9922279792746114,0.027217507362365723
0.4173249795695996,0.9922279792746114,0.027224773541092873
0.41729852440408627,0.9921200345423143,0.027242394164204597
0.4173174718488921,0.9921200345423143,0.027250677347183228
0.41733642101439405,0.9921200345423143,0.02725684829056263
0.41735537190082644,0.9921200345423143,0.027288712561130524
0.41737432450842377,0.9921200345423143,0.027292093262076378
0.4173932788374205,0.9921200345423143,0.02732587419450283
0.41741223488805124,0.9921200345423143,0.027343591675162315
0.41743119266055045,0.9921200345423143,0.027376508340239525
0.4176018901358535,0.9921200345423143,0.02739638462662697
0.4176208651399491,0.9921200345423143,0.027407804504036903
0.4176398418684964,0.9921200345423143,0.027468932792544365
0.41765882032173046,0.9921200345423143,0.02747710980474949
0.4176778004998864,0.9921200345423143,0.027486836537718773
0.4176967824031994,0.9921200345423143,0.027493413537740707
0.41771576603190474,0.9921200345423143,0.0274943970143795
0.4177537384664333,0.9921200345423143,0.02749938890337944
0.4177727272727273,0.9921200345423143,0.027507109567523003
0.4177917178053548,0.9921200345423143,0.027519632130861282
0.41781071006455134,0.9921200345423143,0.02754519134759903
0.41782970405055236,0.9921200345423143,0.027548572048544884
0.4178486997635934,0.9921200345423143,0.02757057175040245
0.41786769720391,0.9921200345423143,0.02757367677986622
0.41788669637173775,0.9921200345423143,0.027603905647993088
0.4179056972673123,0.9921200345423143,0.02762988768517971
0.4179246998908694,0.9921200345423143,0.027701063081622124
0.4179437042426447,0.9921200345423143,0.0277024507522583
0.417962710322874,0.9921200345423143,0.02772384323179722
0.4179817181317932,0.9921200345423143,0.02772560343146324
0.418000727669638,0.9921200345423143,0.027732733637094498
0.4180197389366444,0.9921200345423143,0.027750970795750618
0.4180387519330483,0.9921200345423143,0.027791468426585197
0.41805776665908573,0.9921200345423143,0.0278132613748312
0.41807678311499274,0.9921200345423143,0.027825629338622093
0.4180958013010053,0.9921200345423143,0.02785000577569008
0.41811482121735966,0.9921200345423143,0.027876343578100204
0.4181338428642919,0.9921200345423143,0.027882371097803116
0.41815286624203823,0.9921200345423143,0.02790156938135624
0.4181718913508349,0.9921200345423143,0.027949677780270576
0.4181909181909182,0.9921200345423143,0.02795575186610222
0.4182289770658901,0.9921200345423143,0.027981622144579887
0.41824800910125143,0.9921200345423143,0.02799481339752674
0.4182860783689073,0.9921200345423143,0.02801462821662426
0.4183051156016749,0.9921200345423143,0.028024062514305115
0.41832415456738425,0.9921200345423143,0.02803192287683487
0.41834319526627217,0.9921200345423143,0.028050480410456657
0.4183622376985753,0.9921200345423143,0.028060954064130783
0.4183812818645302,0.9921200345423143,0.028066592290997505
0.41840032776437386,0.9921200345423143,0.028097761794924736
0.4184193753983429,0.9921200345423143,0.02812339924275875
0.41843842476667426,0.9921200345423143,0.028128445148468018
0.4184574758696048,0.9921200345423143,0.028155427426099777
0.4184309975868506,0.9920120898100173,0.028173960745334625
0.4184500500865131,0.9920120898100173,0.028178993612527847
0.41846910432129686,0.9920120898100173,0.028200818225741386
0.418488160291439,0.9920120898100173,0.028215209022164345
0.41850721799717655,0.9920120898100173,0.028254825621843338
0.4185262774387467,0.9920120898100173,0.028256062418222427
0.4185453386163866,0.9920120898100173,0.028257856145501137
0.4185644015303334,0.9920120898100173,0.02829594351351261
0.4185834661808244,0.9920120898100173,0.028300760313868523
0.41860253256809693,0.9920120898100173,0.028307193890213966
0.4186216006923883,0.9920120898100173,0.02832186035811901
0.41864067055393583,0.9920120898100173,0.028350653126835823
0.41867881548974945,0.9920120898100173,0.02837129682302475
0.4186978905644904,0.9920120898100173,0.02837948501110077
0.4187169673774376,0.9920120898100173,0.028458021581172943
0.4187360459288285,0.9920120898100173,0.0284672062844038
0.41877420824789247,0.9920120898100173,0.028468294069170952
0.41881237752358386,0.9920120898100173,0.028476854786276817
0.4188314647707593,0.9920120898100173,0.02855009399354458
0.418850553757805,0.9920120898100173,0.028557119891047478
0.418869644484959,0.9920120898100173,0.028567010536789894
0.4188887369524591,0.9920120898100173,0.028607303276658058
0.41890783116054336,0.9920120898100173,0.02861415408551693
0.4189269271094498,0.9920120898100173,0.028624262660741806
0.4189460247994165,0.9920120898100173,0.028626728802919388
0.41896512423068155,0.9920120898100173,0.028636867180466652
0.4189842254034832,0.9920120898100173,0.028648249804973602
0.41900332831805953,0.9920120898100173,0.028681794181466103
0.4190224329746489,0.9920120898100173,0.028727199882268906
0.4190415393734896,0.9920120898100173,0.028739623725414276
0.41906064751481986,0.9920120898100173,0.028754187747836113
0.4190797573988782,0.9920120898100173,0.028754588216543198
0.41905326523166725,0.9919041450777202,0.028778674080967903
0.41907237652209606,0.9919041450777202,0.028807684779167175
0.4190914895557785,0.9919041450777202,0.028808625414967537
0.4191106043329533,0.9919041450777202,0.028849711641669273
0.4191297208538588,0.9919041450777202,0.02885611727833748
0.4191679591278168,0.9919041450777202,0.02886117435991764
0.41918708088134665,0.9919041450777202,0.028898045420646667
0.419206204379562,0.9919041450777202,0.02892930805683136
0.41922532962270176,0.9919041450777202,0.028971828520298004
0.4192444566110047,0.9919041450777202,0.02899279072880745
0.4192635853447096,0.9919041450777202,0.028998704627156258
0.41928271582405546,0.9919041450777202,0.02904355525970459
0.41930184804928133,0.9919041450777202,0.029045848175883293
0.41934011773832885,0.9919041450777202,0.02905193530023098
0.4193783944137648,0.9919041450777202,0.02908216044306755
0.4194166780775024,0.9919041450777202,0.029093388468027115
0.4194358225305824,0.9919041450777202,0.029098238795995712
0.41940932122152735,0.9917962003454232,0.029123622924089432
0.4194476146998402,0.9917962003454232,0.02914396859705448
0.41946676406135863,0.9917962003454232,0.029148340225219727
0.4194859151714377,0.9917962003454232,0.029149137437343597
0.41950506803031684,0.9917962003454232,0.029159685596823692
0.41960085856510027,0.9917962003454232,0.02918212302029133
0.41965835388690964,0.9917962003454232,0.029188046231865883
0.4196775224957749,0.9917962003454232,0.0291972067207098
0.41969669285583777,0.9917962003454232,0.029258253052830696
0.41971586496733815,0.9917962003454232,0.029302401468157768
0.4197350388305162,0.9917962003454232,0.02931881695985794
0.41965550326677936,0.991472366148532,0.02937042899429798
0.41967467787626794,0.991472366148532,0.02938907966017723
0.4196481608407585,0.9913644214162349,0.029414240270853043
0.41966733686711755,0.9913644214162349,0.029461009427905083
0.4196865146460723,0.9913644214162349,0.029472041875123978
0.4197056941778631,0.9913644214162349,0.02949359267950058
0.4196791737123532,0.9912564766839378,0.02952028252184391
0.4196983546617916,0.9912564766839378,0.029540088027715683
0.41971753736459616,0.9912564766839378,0.029574761167168617
0.4196910138038212,0.9911485319516408,0.029586894437670708
0.4196644878182566,0.9910405872193437,0.0295918807387352
0.41968367160358383,0.9910405872193437,0.029594486579298973
0.41970285714285716,0.9910405872193437,0.02959684282541275
0.4197220444363171,0.9910405872193437,0.02960309013724327
0.4197412334842043,0.9910405872193437,0.029603781178593636
0.4197604242867593,0.9910405872193437,0.029622698202729225
0.41977961684422294,0.9910405872193437,0.029653949663043022
0.41979881115683587,0.9910405872193437,0.02965799905359745
0.4198180072248388,0.9910405872193437,0.02967577613890171
0.41983720504847266,0.9910405872193437,0.029701830819249153
0.41985640462797824,0.9910405872193437,0.029706601053476334
0.41987560596359647,0.9910405872193437,0.029719911515712738
0.41989480905556825,0.9910405872193437,0.029727045446634293
0.41991401390413463,0.9910405872193437,0.029752232134342194
0.4199332205095367,0.9910405872193437,0.02976342663168907
0.4199524288720154,0.9910405872193437,0.02981492131948471
0.4199716389918119,0.9910405872193437,0.029823018237948418
0.41999085086916743,0.9910405872193437,0.029856083914637566
0.42001006450432316,0.9910405872193437,0.0298647191375494
0.42002927989752037,0.9910405872193437,0.02987898513674736
0.4200027451159811,0.9909326424870466,0.02991916425526142
0.41997620790629575,0.9908246977547496,0.02992231957614422
0.4199954243880119,0.9908246977547496,0.029935574159026146
0.4200146426283518,0.9908246977547496,0.029940517619252205
0.4200338626275569,0.9908246977547496,0.02995138056576252
0.4200530843858686,0.9908246977547496,0.029982024803757668
0.42007230790352845,0.9908246977547496,0.02999328449368477
0.420091533180778,0.9908246977547496,0.03000182844698429
0.4201299890150128,0.9908246977547496,0.030006464570760727
0.42014921957248136,0.9908246977547496,0.030012210831046104
0.4201684518905063,0.9908246977547496,0.030027102679014206
0.42018768596932937,0.9908246977547496,0.03004574589431286
0.4202261594103374,0.9908246977547496,0.03004731610417366
0.42024539877300615,0.9908246977547496,0.030110161751508713
0.42030312743257475,0.9908246977547496,0.030115902423858643
0.4203223738437586,0.9908246977547496,0.030130254104733467
0.42034162201767644,0.9908246977547496,0.030151134356856346
0.42036087195457045,0.9908246977547496,0.030198097229003906
0.42038012365468286,0.9908246977547496,0.030212944373488426
0.4203993771182559,0.9908246977547496,0.030219262465834618
0.420418632345532,0.9908246977547496,0.030221980065107346
0.4204378893367534,0.9908246977547496,0.030265437439084053
0.4204571480921625,0.9908246977547496,0.030308544635772705
0.4204764086120018,0.9908246977547496,0.030323129147291183
0.4204956708965138,0.9908246977547496,0.030334657058119774
0.420514934945941,0.9908246977547496,0.030335471034049988
0.4204883859440143,0.9907167530224525,0.03041595034301281
0.4205076514249061,0.9907167530224525,0.03044956922531128
0.4205269186712486,0.9907167530224525,0.030583271756768227
0.42054618768328444,0.9907167530224525,0.03058328665792942
0.4205654584612565,0.9907167530224525,0.030623046681284904
0.420538905691504,0.9906088082901554,0.030633065849542618
0.420558177902021,0.9906088082901554,0.030654387548565865
0.4205774518790101,0.9906088082901554,0.030676772817969322
0.42059672762271416,0.9906088082901554,0.030703920871019363
0.4206160051333761,0.9906088082901554,0.030734023079276085
0.42063528441123893,0.9906088082901554,0.0307738296687603
0.42065456545654567,0.9906088082901554,0.030779723078012466
0.4206738482695393,0.9906088082901554,0.03078983724117279
0.420693132850463,0.9906088082901554,0.030811384320259094
0.4207124191995599,0.9906088082901554,0.03082716464996338
0.42073170731707316,0.9906088082901554,0.030827704817056656
0.42075099720324605,0.9906088082901554,0.030871722847223282
0.42077028885832185,0.9906088082901554,0.030872784554958344
0.42078958228254393,0.9906088082901554,0.030918553471565247
0.42080887747615553,0.9906088082901554,0.03096879832446575
0.4208281744394002,0.9906088082901554,0.03103935532271862
0.4208474731725213,0.9906088082901554,0.03104192204773426
0.42090537999357885,0.9906088082901554,0.03104770928621292
0.4209246858086414,0.9906088082901554,0.031057467684149742
0.4209439933947984,0.9906088082901554,0.03107590600848198
0.4209633027522936,0.9906088082901554,0.03108750283718109
0.4209826138813707,0.9906088082901554,0.031102333217859268
0.4210019267822736,0.9906088082901554,0.03111092746257782
0.4210212414552461,0.9906088082901554,0.03112289123237133
0.4210405579005322,0.9906088082901554,0.031127192080020905
0.4210139940353292,0.9905008635578584,0.031129516661167145
0.42103331192071214,0.9905008635578584,0.031159069389104843
0.42105263157894735,0.9905008635578584,0.031227050349116325
0.421071953010279,0.9905008635578584,0.031232235953211784
0.4210912762149511,0.9905008635578584,0.03123999759554863
0.4211492564714522,0.9905008635578584,0.03125348314642906
0.4211226878413733,0.9903929188255614,0.03125790134072304
0.4211420178096025,0.9903929188255614,0.031292758882045746
0.4211806830701432,0.9903929188255614,0.03138807788491249
0.4212000183629436,0.9903929188255614,0.031392164528369904
0.4212193554310899,0.9903929188255614,0.03141699731349945
0.4212386942748267,0.9903929188255614,0.03141893446445465
0.4212580348943985,0.9903929188255614,0.031434521079063416
0.42127737729005005,0.9903929188255614,0.03147219121456146
0.4212967214620259,0.9903929188255614,0.03153884783387184
0.42131606741057076,0.9903929188255614,0.031549837440252304
0.4213354151359295,0.9903929188255614,0.03156110271811485
0.4213547646383467,0.9903929188255614,0.03157626464962959
0.4213741159180674,0.9903929188255614,0.03159467130899429
0.4213934689753364,0.9903929188255614,0.03163105621933937
0.4214128238103987,0.9903929188255614,0.03163798153400421
0.42143218042349917,0.9903929188255614,0.03166767954826355
0.42145153881488284,0.9903929188255614,0.0317348912358284
0.4214708989847949,0.9903929188255614,0.03178573027253151
0.42149026093348035,0.9903929188255614,0.0318356417119503
0.42146368355767905,0.9902849740932642,0.03186079114675522
0.4214830469539649,0.9902849740932642,0.0318661592900753
0.4215024121295658,0.9902849740932642,0.03186963126063347
0.4215217790847271,0.9902849740932642,0.031880151480436325
0.421541147819694,0.9902849740932642,0.03191927820444107
0.42156051833471186,0.9902849740932642,0.031946614384651184
0.4215798906300262,0.9902849740932642,0.03194734454154968
0.4215992647058823,0.9902849740932642,0.031948383897542953
0.42161864056252585,0.9902849740932642,0.031960781663656235
0.42163801820020225,0.9902849740932642,0.03198138251900673
0.42165739761915705,0.9902849740932642,0.03198740631341934
0.42167677881963594,0.9902849740932642,0.03198917955160141
0.42169616180188463,0.9902849740932642,0.031996384263038635
0.42171554656614874,0.9902849740932642,0.0320165641605854
0.4217349331126741,0.9902849740932642,0.03202889859676361
0.4217543214417065,0.9902849740932642,0.032033052295446396
0.4217737115534918,0.9902849740932642,0.0320369228720665
0.42179310344827586,0.9902849740932642,0.03203888610005379
0.42181249712630464,0.9902849740932642,0.03205467760562897
0.42183189258782416,0.9902849740932642,0.03208758309483528
0.4218512898330804,0.9902849740932642,0.03216017782688141
0.4218706888623195,0.9902849740932642,0.03225507214665413
0.42189008967578756,0.9902849740932642,0.03233848884701729
0.4219094922737307,0.9902849740932642,0.03234127163887024
0.42192889665639516,0.9902849740932642,0.03234528750181198
0.42194830282402723,0.9902849740932642,0.03236188739538193
0.4219677107768732,0.9902849740932642,0.032401517033576965
0.4219871205151794,0.9902849740932642,0.03241389989852905
0.42202594534915816,0.9902849740932642,0.03241695836186409
0.42204536044532365,0.9902849740932642,0.032493989914655685
0.42206477732793524,0.9902849740932642,0.03251919895410538
0.42208419599723945,0.9902849740932642,0.03254984691739082
0.42210361645348304,0.9902849740932642,0.03257609158754349
0.42212303869691253,0.9902849740932642,0.03259509056806564
0.4221424627277747,0.9902849740932642,0.03260428458452225
0.4221618885463163,0.9902849740932642,0.032609835267066956
0.42218131615278415,0.9902849740932642,0.032745037227869034
0.4222007455474251,0.9902849740932642,0.03280510753393173
0.422220176730486,0.9902849740932642,0.03281080722808838
0.42223960970221386,0.9902849740932642,0.03285196051001549
0.42225904446285556,0.9902849740932642,0.032862141728401184
0.42227848101265825,0.9902849740932642,0.03288012742996216
0.4222979193518689,0.9902849740932642,0.032880544662475586
0.4223173594807347,0.9902849740932642,0.03290855512022972
0.4223368013995028,0.9902849740932642,0.03295215964317322
0.4223562451084204,0.9902849740932642,0.03299026936292648
0.42237569060773483,0.9902849740932642,0.03302193805575371
0.42243403785053185,0.9902849740932642,0.03302370384335518
0.42240744151777493,0.9901770293609672,0.03324035182595253
0.4224268938521759,0.9901770293609672,0.033258598297834396
0.42244634797826286,0.9901770293609672,0.03327234461903572
0.42246580389628335,0.9901770293609672,0.033290088176727295
0.4224852616064849,0.9901770293609672,0.033309951424598694
0.4225241824044219,0.9901770293609672,0.03333268314599991
0.42254364549265283,0.9901770293609672,0.03334368020296097
0.42256311037405564,0.9901770293609672,0.033429455012083054
0.42258257704887825,0.9901770293609672,0.033480189740657806
0.42260204551736846,0.9901770293609672,0.03350910171866417
0.42262151577977425,0.9901770293609672,0.033518385142087936
0.4226409878363435,0.9901770293609672,0.03353399783372879
0.42266046168732435,0.9901770293609672,0.03354514762759209
0.4226799373329647,0.9901770293609672,0.03354603052139282
0.4227188940092166,0.9901770293609672,0.03354889154434204
0.42273837504032447,0.9901770293609672,0.03356115147471428
0.42275785786708453,0.9901770293609672,0.033565931022167206
0.42277734248974513,0.9901770293609672,0.033595357090234756
0.4227968289085546,0.9901770293609672,0.03364768624305725
0.4228163171237612,0.9901770293609672,0.03365972638130188
0.42283580713561353,0.9901770293609672,0.0337287038564682
0.4228552989443599,0.9901770293609672,0.03373492881655693
0.42287479255024896,0.9901770293609672,0.033799439668655396
0.4228942879535291,0.9901770293609672,0.033821411430835724
0.42291378515444905,0.9901770293609672,0.03382611647248268
0.4229332841532574,0.9901770293609672,0.03386210277676582
0.4229527849502029,0.9901770293609672,0.0338684543967247
0.4229722875455342,0.9901770293609672,0.03387189283967018
0.42299179193950015,0.9901770293609672,0.033874060958623886
0.42301129813234956,0.9901770293609672,0.03389202058315277
0.4230308061243313,0.9901770293609672,0.03389596939086914
0.4230503159156943,0.9901770293609672,0.03397428244352341
0.4230698275066876,0.9901770293609672,0.033996354788541794
0.42308934089756006,0.9901770293609672,0.03400563448667526
0.42306273062730626,0.9900690846286702,0.034006912261247635
0.4230822454910282,0.9900690846286702,0.03401763737201691
0.42310176215518036,0.9900690846286702,0.034034986048936844
0.423121280620012,0.9900690846286702,0.03406943380832672
0.4231408008857723,0.9900690846286702,0.03408341482281685
0.42317984682107596,0.9900690846286702,0.03414204716682434
0.423199372491118,0.9900690846286702,0.03416439890861511
0.42321889996308604,0.9900690846286702,0.03418766334652901
0.4232384292372295,0.9900690846286702,0.034209441393613815
0.42325796031379787,0.9900690846286702,0.03421211987733841
0.42327749319304075,0.9900690846286702,0.03421800583600998
0.4232970278752077,0.9900690846286702,0.034290775656700134
0.4233165643605483,0.9900690846286702,0.034306615591049194
0.42333610264931226,0.9900690846286702,0.03431685268878937
0.42335564274174936,0.9900690846286702,0.03437008336186409
0.4233751846381093,0.9900690846286702,0.03438631445169449
0.42339472833864195,0.9900690846286702,0.034398555755615234
0.4234142738435971,0.9900690846286702,0.0344092957675457
0.4234338211532247,0.9900690846286702,0.03448116034269333
0.4234533702677747,0.9900690846286702,0.03450525179505348
0.42347292118749713,0.9900690846286702,0.03459690883755684
0.423492473912642,0.9900690846286702,0.0346372164785862
0.42351202844345937,0.9900690846286702,0.03466593101620674
0.4235315847801995,0.9900690846286702,0.03467109054327011
0.4235707028724485,0.9900690846286702,0.034682370722293854
0.42354408165150326,0.989961139896373,0.03479849547147751
0.42356364308147054,0.989961139896373,0.03480130806565285
0.42358320631841484,0.989961139896373,0.03481043130159378
0.4236027713625866,0.989961139896373,0.03484359011054039
0.4236223382142362,0.989961139896373,0.034919898957014084
0.4236419068736142,0.989961139896373,0.03497147187590599
0.42366147734097104,0.989961139896373,0.03505486249923706
0.42363485170470294,0.989853195164076,0.0350772961974144
0.42367399741267786,0.989853195164076,0.03508267179131508
0.4236935729797163,0.989853195164076,0.03508822247385979
0.42371315035578966,0.989853195164076,0.03508831933140755
0.42373272954114877,0.989853195164076,0.035105664283037186
0.42375231053604434,0.989853195164076,0.035116877406835556
0.42372568048431075,0.989745250431779,0.035122182220220566
0.4237452629633053,0.989745250431779,0.03519803658127785
0.4237648472523917,0.989745250431779,0.03519943356513977
0.42373821408763174,0.9896373056994818,0.035237476229667664
0.42375779986133577,0.9896373056994818,0.03529570251703262
0.4237773874456873,0.9896373056994818,0.035300858318805695
0.4237969768409375,0.9896373056994818,0.035314079374074936
0.4238165680473373,0.9896373056994818,0.03541930392384529
0.42385575589459085,0.9896373056994818,0.03548126295208931
0.4238753525359471,0.9896373056994818,0.03555627539753914
0.4238487146291844,0.9895293609671848,0.0355709046125412
0.42386831275720166,0.9895293609671848,0.035583388060331345
0.4238879126976787,0.9895293609671848,0.03558504208922386
0.4239271180170181,0.9895293609671848,0.03560428321361542
0.4239663305892147,0.9895293609671848,0.035612642765045166
0.4239396882660377,0.9894214162348878,0.03567027300596237
0.423959296947271,0.9894214162348878,0.0356755405664444
0.4239789074425274,0.9894214162348878,0.035682931542396545
0.4239985197520585,0.9894214162348878,0.03569002076983452
0.42401813387611603,0.9894214162348878,0.035696402192115784
0.4240377498149519,0.9894214162348878,0.03577442094683647
0.42405736756881796,0.9894214162348878,0.03581199795007706
0.42407698713796615,0.9894214162348878,0.035883624106645584
0.4240966085226484,0.9894214162348878,0.03589273989200592
0.4241162317231168,0.9894214162348878,0.03592943772673607
0.42415548357242017,0.9894214162348878,0.03601370379328728
0.42417511222175946,0.9894214162348878,0.036018263548612595
0.42419474268789337,0.9894214162348878,0.036077067255973816
0.42421437497107417,0.9894214162348878,0.03612742945551872
0.4242340090715542,0.9894214162348878,0.03612896427512169
0.42425364498958573,0.9894214162348878,0.03614800050854683
0.42422699500092576,0.9893134715025906,0.03615580126643181
0.424246632412165,0.9893134715025906,0.036219172179698944
0.42426627164151465,0.9893134715025906,0.03622182831168175
0.42430555555555555,0.9893134715025906,0.036259010434150696
0.4243252002407519,0.9893134715025906,0.036282751709222794
0.424344846745069,0.9893134715025906,0.036313626915216446
0.42436449506875956,0.9893134715025906,0.03635649383068085
0.4243841452120763,0.9893134715025906,0.03637849539518356
0.42440379717527205,0.9893134715025906,0.03640364482998848
0.4244234509585996,0.9893134715025906,0.03641938045620918
0.42448242323190216,0.9893134715025906,0.03652861341834068
0.42450208429828623,0.9893134715025906,0.03656497225165367
0.424521747186067,0.9893134715025906,0.03656988963484764
0.42449508986473966,0.9892055267702936,0.03657061606645584
0.4245147542502432,0.9892055267702936,0.0365784652531147
0.42453442045770406,0.9892055267702936,0.03659099340438843
0.4245077600185314,0.9890975820379966,0.03663193807005882
0.4245274277242402,0.9890975820379966,0.03664030879735947
0.4245470972524672,0.9890975820379966,0.036652449518442154
0.42456676860346587,0.9890975820379966,0.0367216095328331
0.42454010472174597,0.9889896373056994,0.0367361344397068
0.4245597775718258,0.9889896373056994,0.03674197196960449
0.42453311089485146,0.9888816925734024,0.03678427264094353
0.424506441746223,0.9887737478411054,0.03684058040380478
0.4245261157714233,0.9887737478411054,0.0368817113339901
0.42454579162031886,0.9887737478411054,0.036952465772628784
0.4245191193511008,0.9886658031088082,0.03702925890684128
0.42453879669973116,0.9886658031088082,0.03704426810145378
0.4245584758726185,0.9886658031088082,0.03715311363339424
0.4245978396921793,0.9886658031088082,0.037190571427345276
0.42461752433936023,0.9886658031088082,0.037211477756500244
0.42463721081181327,0.9886658031088082,0.03729108348488808
0.42465689910979226,0.9886658031088082,0.03734974190592766
0.4246765892335513,0.9886658031088082,0.03739822283387184
0.4246962811833441,0.9886658031088082,0.03750051185488701
0.424715974959425,0.9886658031088082,0.037508558481931686
0.4246892969764422,0.9885578583765112,0.03752230852842331
0.42466261651903725,0.9884499136442142,0.037544891238212585
0.4246359335868658,0.9883419689119171,0.03756149485707283
0.42465562821761516,0.9883419689119171,0.03757801279425621
0.42467532467532465,0.9883419689119171,0.037581272423267365
0.42469502296024864,0.9883419689119171,0.037608832120895386
0.42471472307264124,0.9883419689119171,0.03769845888018608
0.4247344250127569,0.9883419689119171,0.037700362503528595
0.4247541287808499,0.9883419689119171,0.037797052413225174
0.4247738343771747,0.9883419689119171,0.03789447993040085
0.4247935418019857,0.9883419689119171,0.037978336215019226
0.4248132510555375,0.9883419689119171,0.03800899162888527
0.42483296213808464,0.9883419689119171,0.03802308067679405
0.4248723897911833,0.9883419689119171,0.03806282579898834
0.42489210636224417,0.9883419689119171,0.03814757987856865
0.42486541674401335,0.98823402417962,0.03825803101062775
0.4248851348215529,0.98823402417962,0.0382990725338459
0.42490485472941614,0.98823402417962,0.03839974105358124
0.424924576467858,0.98823402417962,0.03845387324690819
0.42489788340141105,0.988126079447323,0.03855691850185394
0.42491760664717076,0.988126079447323,0.03857066482305527
0.4248909107789435,0.9880181347150259,0.03860815241932869
0.42491063553224084,0.9880181347150259,0.03861367702484131
0.42483053208283034,0.9876943005181347,0.03861403837800026
0.42485025769605794,0.9876943005181347,0.03867695480585098
0.424869985141159,0.9876943005181347,0.03869549557566643
0.4248897144183887,0.9876943005181347,0.038720015436410904
0.42490944552800225,0.9876943005181347,0.038744792342185974
0.4249489132454022,0.9876943005181347,0.03875225782394409
0.4249686498536993,0.9876943005181347,0.03877398744225502
0.42498838829540175,0.9876943005181347,0.03877754136919975
0.42500812857076503,0.9876943005181347,0.03889821842312813
0.4250278706800446,0.9876943005181347,0.038915470242500305
0.42504761462349605,0.9876943005181347,0.038935527205467224
0.4250673604013751,0.9876943005181347,0.03896315023303032
0.4250871080139373,0.9876943005181347,0.03897099941968918
0.4251068574614384,0.9876943005181347,0.03901340812444687
0.42505343369575316,0.9874784110535406,0.03908957168459892
0.4250731843315831,0.9874784110535406,0.039114709943532944
0.425092936802974,0.9874784110535406,0.03917144611477852
0.4251126911101817,0.9874784110535406,0.039178453385829926
0.4251324472534622,0.9874784110535406,0.0391792468726635
0.4251522052330715,0.9874784110535406,0.03922821581363678
0.4251719650492657,0.9874784110535406,0.03922850266098976
0.4251917267023007,0.9874784110535406,0.03927890956401825
0.4252114901924328,0.9874784110535406,0.03932208940386772
0.4252312555199182,0.9874784110535406,0.03938893601298332
0.425251022685013,0.9874784110535406,0.03939366340637207
0.4252707916879736,0.9874784110535406,0.039413392543792725
0.4252905625290562,0.9874784110535406,0.039646998047828674
0.42531033520851735,0.9874784110535406,0.039654072374105453
0.42533010972661334,0.9874784110535406,0.0396551787853241
0.4253498860836007,0.9874784110535406,0.03973761945962906
0.4253231656281968,0.9873704663212435,0.03975704312324524
0.42534294350151125,0.9873704663212435,0.03990250080823898
0.4253627232142857,0.9873704663212435,0.04000324010848999
0.42538250476677675,0.9873704663212435,0.04002219811081886
0.425402288159241,0.9873704663212435,0.04002338647842407
0.4254220733919353,0.9873704663212435,0.04003897309303284
0.4254616493790409,0.9873704663212435,0.04007026180624962
0.42548144013396594,0.9873704663212435,0.040079835802316666
0.4255012327301484,0.9873704663212435,0.040099725127220154
0.4255210271678452,0.9873704663212435,0.04013880342245102
0.4255408234473133,0.9873704663212435,0.04016915336251259
0.4255606215688099,0.9873704663212435,0.04029909893870354
0.425580421532592,0.9873704663212435,0.04044948145747185
0.4256002233389168,0.9873704663212435,0.04046924039721489
0.4256200269880415,0.9873704663212435,0.040486909449100494
0.42563983248022336,0.9873704663212435,0.04051249101758003
0.4256596398157197,0.9873704663212435,0.04058974236249924
0.42567944899478777,0.9873704663212435,0.04059344902634621
0.4256992600176851,0.9873704663212435,0.040610767900943756
0.4257190728846691,0.9873704663212435,0.040615178644657135
0.4257388875959972,0.9873704663212435,0.04063477739691734
0.425758704151927,0.9873704663212435,0.040727078914642334
0.4257785225527161,0.9873704663212435,0.04075895622372627
0.4257983427986221,0.9873704663212435,0.0408707931637764
0.4258181648899027,0.9873704663212435,0.04087373614311218
0.4258379888268156,0.9873704663212435,0.0408928282558918
0.4258578146096187,0.9873704663212435,0.040896669030189514
0.42583108296861905,0.9872625215889465,0.04090283438563347
0.4258707394300615,0.9872625215889465,0.040952976793050766
0.4258905704307334,0.9872625215889465,0.04099537059664726
0.42591040327838314,0.9872625215889465,0.04102218523621559
0.42593023797326873,0.9872625215889465,0.04105743020772934
0.4259500745156483,0.9872625215889465,0.04107529670000076
0.4259699129057799,0.9872625215889465,0.04112890362739563
0.42598975314392173,0.9872625215889465,0.041253991425037384
0.42602943916526925,0.9872625215889465,0.04125696420669556
0.4260691325817572,0.9872625215889465,0.041286651045084
0.42608898206382484,0.9872625215889465,0.04132657125592232
0.42610883339545286,0.9872625215889465,0.041352685540914536
0.4261286865768998,0.9872625215889465,0.041368331760168076
0.4261485416084242,0.9872625215889465,0.04138505086302757
0.4261683984902847,0.9872625215889465,0.04142364114522934
0.4261416589002796,0.9871545768566494,0.04148164391517639
0.4261615173120835,0.9871545768566494,0.0416540652513504
0.4261347749091248,0.9870466321243523,0.04174131900072098
0.42615463485109756,0.9870466321243523,0.04181385040283203
0.4261744966442953,0.9870466321243523,0.0418243482708931
0.42614775110696806,0.9869386873920553,0.04197628051042557
0.42616761443087536,0.9869386873920553,0.04217430204153061
0.4261874796065818,0.9869386873920553,0.042205654084682465
0.4262272155144282,0.9869386873920553,0.042273275554180145
0.42624708624708624,0.9869386873920553,0.042276035994291306
0.4262669588325796,0.9869386873920553,0.042313072830438614
0.42628683327116745,0.9869386873920553,0.04238060116767883
0.42630670956310907,0.9869386873920553,0.042394187301397324
0.4263265877086636,0.9869386873920553,0.042440567165613174
0.4263464677080905,0.9869386873920553,0.04247727245092392
0.4263663495616489,0.9869386873920553,0.04248516634106636
0.42638623326959846,0.9869386873920553,0.042518630623817444
0.4264061188321985,0.9869386873920553,0.04269573092460632
0.4264260062497085,0.9869386873920553,0.04271240904927254
0.42644589552238804,0.9869386873920553,0.042725130915641785
0.4264657866504968,0.9869386873920553,0.04275857284665108
0.42643903349193024,0.9868307426597582,0.04293917864561081
0.42647882067549914,0.9868307426597582,0.04294346645474434
0.4264987170515512,0.9868307426597582,0.04300159215927124
0.42651861528412804,0.9868307426597582,0.043073028326034546
0.426511758118701,0.9867227979274611,0.04309774935245514
0.4265316597452289,0.9867227979274611,0.04311187192797661
0.4265048996733551,0.9866148531951641,0.043134331703186035
0.42652480283727656,0.9866148531951641,0.043305862694978714
0.4265447078588762,0.9866148531951641,0.04336012154817581
0.42656461473841417,0.9866148531951641,0.04341370612382889
0.42658452347615045,0.9866148531951641,0.04343362897634506
0.4266044340723454,0.9866148531951641,0.043504729866981506
0.4266641770142844,0.9866148531951641,0.043534453958272934
0.4265838741304449,0.9862910189982729,0.04359494894742966
0.4266037912036605,0.9862910189982729,0.04366809502243996
0.42657701825652516,0.9861830742659758,0.04375071823596954
0.4265969368696302,0.9861830742659758,0.0438026562333107
0.4266168573429839,0.9861830742659758,0.04387299343943596
0.42663677967684693,0.9861830742659758,0.04389359802007675
0.42665670387147997,0.9861830742659758,0.04391032084822655
0.42667662992714367,0.9861830742659758,0.043933939188718796
0.4266965578440988,0.9861830742659758,0.04395309090614319
0.4267164876226063,0.9861830742659758,0.04404081031680107
0.4267364192629268,0.9861830742659758,0.04419051110744476
0.42675635276532137,0.9861830742659758,0.0442136712372303
0.4267762881300509,0.9861830742659758,0.04425325244665146
0.42679622535737644,0.9861830742659758,0.04427672177553177
0.426816164447559,0.9861830742659758,0.04436778649687767
0.42683610540085964,0.9861830742659758,0.04442143440246582
0.4268560482175396,0.9861830742659758,0.044498756527900696
0.42687599289786,0.9861830742659758,0.04459495469927788
0.42689593944208215,0.9861830742659758,0.044637251645326614
0.4269158878504673,0.9861830742659758,0.044680338352918625
0.4269358381232768,0.9861830742659758,0.04473951458930969
0.426955790260772,0.9861830742659758,0.04480260983109474
0.4269757442632145,0.9861830742659758,0.04491794481873512
0.4269957001308656,0.9861830742659758,0.045028600841760635
0.42696891797148867,0.9860751295336787,0.04516208916902542
0.42694213330840425,0.9859671848013817,0.04537766054272652
0.42691534614126114,0.9858592400690847,0.04555234685540199
0.43254381809568926,0.9856433506044905,0.04558883607387543
0.4325643090624852,0.9856433506044905,0.04559202119708061
0.4325848019708168,0.9856433506044905,0.045702915638685226
0.4325579191737338,0.9855354058721935,0.045707255601882935
0.43253103382924285,0.9854274611398963,0.04570964723825455
0.4325515280739161,0.9854274611398963,0.045760758221149445
0.43257202426080366,0.9854274611398963,0.04577069357037544
0.4325925223901815,0.9854274611398963,0.045776668936014175
0.4325656335892332,0.9853195164075993,0.04581122472882271
0.4333254213149775,0.9853195164075993,0.04584292694926262
0.4333459931636916,0.9853195164075993,0.045884326100349426
0.43336656696576936,0.9853195164075993,0.045892272144556046
0.4333871427214889,0.9853195164075993,0.04589274153113365
0.43340772043112863,0.9853195164075993,0.04601621255278587
0.43342830009496675,0.9853195164075993,0.04603366181254387
0.4334488817132817,0.9853195164075993,0.04606468230485916
0.433469465286352,0.9853195164075993,0.046082813292741776
0.4337372297457828,0.9853195164075993,0.04609649255871773
0.4341911240070399,0.9853195164075993,0.04609745740890503
0.4342117781371896,0.9853195164075993,0.04611620679497719
0.43423243423243424,0.9853195164075993,0.04615087807178497
0.43425309229305425,0.9853195164075993,0.04616417735815048
0.43427375231933013,0.9853195164075993,0.046195369213819504
0.4342468360452945,0.9852115716753023,0.04633725807070732
0.43426749773992485,0.9852115716753023,0.04633733257651329
0.4345093558063134,0.9851036269430051,0.046344559639692307
0.43457142857142855,0.9851036269430051,0.04656072333455086
0.43459212343444925,0.9851036269430051,0.04663298279047012
0.434612820268597,0.9851036269430051,0.04666473716497421
0.43458589322284136,0.9849956822107081,0.04676041752099991
0.4346065917317584,0.9849956822107081,0.04676288738846779
0.4346272922124315,0.9849956822107081,0.046811603009700775
0.4346479946651424,0.9849956822107081,0.046858008950948715
0.4346624743937878,0.9848877374784111,0.046877190470695496
0.43476603449918994,0.9848877374784111,0.04692923277616501
0.43478675244222065,0.9848877374784111,0.046935804188251495
0.43480747235989325,0.9848877374784111,0.04696659371256828
0.4348281942524901,0.9848877374784111,0.04700721800327301
0.4348489181202936,0.9848877374784111,0.04700786620378494
0.43491110157776824,0.9848877374784111,0.0470135472714901
0.43488416436266564,0.9847797927461139,0.04713519662618637
0.4349048958382991,0.9847797927461139,0.04722202941775322
0.43492562929061784,0.9847797927461139,0.04725116491317749
0.43494636471990467,0.9847797927461139,0.04727057367563248
0.43496710212644224,0.9847797927461139,0.047390978783369064
0.43523686847001575,0.9847797927461139,0.04747135564684868
0.43525763358778624,0.9847797927461139,0.047480177134275436
0.4352784006870557,0.9847797927461139,0.04751371219754219
0.4352991697681076,0.9847797927461139,0.04762217029929161
0.4353199408312258,0.9847797927461139,0.04763678088784218
0.4354861807246169,0.9847797927461139,0.04765978083014488
0.43552776053850195,0.9847797927461139,0.04768386483192444
0.4356464014518363,0.9846718480138169,0.047719813883304596
0.435792088668068,0.9846718480138169,0.04780428484082222
0.43581290908222253,0.9846718480138169,0.04785053804516792
0.43589008363201914,0.9845639032815199,0.04788702726364136
0.4359109156948958,0.9845639032815199,0.04792962223291397
0.43593174974907994,0.9845639032815199,0.04793870821595192
0.43626536566700147,0.9845639032815199,0.04795597866177559
0.43630710356374075,0.9845639032815199,0.04798278585076332
0.43632797550707997,0.9845639032815199,0.04804256185889244
0.43636972538513064,0.9845639032815199,0.04808130860328674
0.4363906033204153,0.9845639032815199,0.048124898225069046
0.43646805455850685,0.9844559585492227,0.048135992139577866
0.43669795058417926,0.9844559585492227,0.0481523722410202
0.43690111153698735,0.9843480138169257,0.04820454865694046
0.43708958443176915,0.9843480138169257,0.04821046441793442
0.4371734023682823,0.9843480138169257,0.04822245612740517
0.43719436187553934,0.9843480138169257,0.04824100807309151
0.437215323392626,0.9843480138169257,0.04828851670026779
0.43738308791788577,0.9843480138169257,0.048354774713516235
0.43740406753645433,0.9843480138169257,0.04837290197610855
0.43748800614085587,0.9843480138169257,0.04838254675269127
0.4375089958259368,0.9843480138169257,0.04839109256863594
0.4375299875251895,0.9843480138169257,0.04839765653014183
0.43757197696737044,0.9843480138169257,0.04842804744839668
0.43759297471087866,0.9843480138169257,0.04845408350229263
0.4376769858411327,0.9843480138169257,0.048455238342285156
0.43769799366420276,0.9843480138169257,0.04849625751376152
0.43767100273604376,0.9842400690846287,0.04849889501929283
0.43769201228878646,0.9842400690846287,0.048541855067014694
0.43771302385867217,0.9842400690846287,0.04861491546034813
0.4378391356542617,0.9842400690846287,0.04867394641041756
0.43786016135228584,0.9842400690846287,0.048676684498786926
0.43783316524996396,0.9841321243523317,0.04869501292705536
0.43791728709352035,0.9841321243523317,0.04870942607522011
0.4379383226054376,0.9841321243523317,0.04874902963638306
0.4379803996925442,0.9841321243523317,0.04875389114022255
0.43800144126831614,0.9841321243523317,0.048764318227767944
0.4380645781280031,0.9841321243523317,0.04880266264081001
0.4380856277929941,0.9841321243523317,0.04892434552311897
0.4381277331923687,0.9841321243523317,0.04896591603755951
0.43814878892733566,0.9841321243523317,0.04896998032927513
0.4381698466862114,0.9841321243523317,0.04897986352443695
0.4381579579868288,0.9839162348877375,0.048982564359903336
0.43817902124795693,0.9839162348877375,0.0490141361951828
0.43815201192250375,0.9838082901554405,0.04903111234307289
0.43817307692307694,0.9838082901554405,0.04910460114479065
0.4382995094738867,0.9838082901554405,0.04911316931247711
0.4383838383838384,0.9838082901554405,0.04918511584401131
0.43840492568185097,0.9838082901554405,0.04921868070960045
0.43842601500865885,0.9838082901554405,0.04932944104075432
0.43844710636455475,0.9838082901554405,0.04933204501867294
0.43846819974983164,0.9838082901554405,0.04935424402356148
0.4384892951647823,0.9838082901554405,0.049477752298116684
0.43851039260969976,0.9838082901554405,0.04951636120676994
0.4385314920848771,0.9838082901554405,0.049517516046762466
0.4385525935906073,0.9838082901554405,0.04951777309179306
0.4385255762475338,0.9837003454231433,0.04958556219935417
0.43854667949951875,0.9837003454231433,0.049587562680244446
0.4385677847827133,0.9837003454231433,0.0496261864900589
0.4385888920974107,0.9837003454231433,0.049628984183073044
0.4385618712999952,0.9835924006908463,0.04963807389140129
0.43860409145607704,0.9835924006908463,0.04967571794986725
0.4386252045826514,0.9835924006908463,0.04969761148095131
0.43877305340203204,0.9835924006908463,0.04973754659295082
0.4387941827988057,0.9835924006908463,0.049768172204494476
0.4388364476979387,0.9835924006908463,0.049774419516325
0.4388998603150137,0.9835924006908463,0.04982922971248627
0.4389210019267823,0.9835924006908463,0.049859434366226196
0.438893973698155,0.9834844559585493,0.0498686283826828
0.4389785593832811,0.9834844559585493,0.04989442229270935
0.4389997108991038,0.9834844559585493,0.04997491091489792
0.43902086445333205,0.9834844559585493,0.050064653158187866
0.4390420200462606,0.9834844559585493,0.050074502825737
0.4390631776781842,0.9834844559585493,0.05014460161328316
0.4391054990601957,0.9834844559585493,0.05015074834227562
0.4391266628108733,0.9834844559585493,0.05018598958849907
0.4391478286017256,0.9834844559585493,0.050231773406267166
0.43921133821828,0.9834844559585493,0.05023818835616112
0.4392536881689326,0.9834844559585493,0.050243012607097626
0.4392960462873674,0.9834844559585493,0.05025607720017433
0.43931722841024157,0.9834844559585493,0.05033241957426071
0.4393595987847808,0.9834844559585493,0.050485726445913315
0.43940197733301184,0.9834844559585493,0.050503455102443695
0.4394231696730009,0.9834844559585493,0.050527140498161316
0.4394443640573,0.9834844559585493,0.05059226229786873
0.4394655604862049,0.9834844559585493,0.05062932148575783
0.43956574185765984,0.9833765112262521,0.05063887685537338
0.4396081648409979,0.9833765112262521,0.05065052583813667
0.43962937940353247,0.9833765112262521,0.05066652223467827
0.43967181467181465,0.9833765112262521,0.05066771060228348
0.4396930353781553,0.9833765112262521,0.050683438777923584
0.43971425813302445,0.9833765112262521,0.05077005922794342
0.43973548293671866,0.9833765112262521,0.0508432537317276
0.4397567097895347,0.9833765112262521,0.050854843109846115
0.43977793869176923,0.9833765112262521,0.05086393654346466
0.43974507531865586,0.9831606217616581,0.05088335648179054
0.4397663077591618,0.9831606217616581,0.05089433118700981
0.43978754225012073,0.9831606217616581,0.050907161086797714
0.4398087787918296,0.9831606217616581,0.050907667726278305
0.43983001738458566,0.9831606217616581,0.05092407390475273
0.43985125802868597,0.9831606217616581,0.05093059688806534
0.4398725007244277,0.9831606217616581,0.0509466752409935
0.4398937454721082,0.9831606217616581,0.05096258595585823
0.43991499227202474,0.9831606217616581,0.05097507685422897
0.4399362411244747,0.9831606217616581,0.05099599063396454
0.4399574920297556,0.9831606217616581,0.051029738038778305
0.4399787449881648,0.9831606217616581,0.05103706941008568
0.44,0.9831606217616581,0.05104988068342209
0.4400212570655587,0.9831606217616581,0.051058944314718246
0.4400425161851387,0.9831606217616581,0.05105981603264809
0.44006377735903757,0.9831606217616581,0.05109960213303566
0.44008504058755316,0.9831606217616581,0.05112011358141899
0.4401063058709833,0.9831606217616581,0.05112418159842491
0.44017011405374057,0.9831606217616581,0.051132190972566605
0.44019138755980863,0.9831606217616581,0.051134198904037476
0.44020688321732404,0.9830526770293609,0.051181722432374954
0.44022816261420217,0.9830526770293609,0.05121137574315071
0.44028623924185284,0.9829447322970639,0.05123085901141167
0.440307528649485,0.9829447322970639,0.05123452842235565
0.4403501136418589,0.9829447322970639,0.05125334486365318
0.440371409227198,0.9829447322970639,0.05126311630010605
0.44039270687237025,0.9829447322970639,0.051268476992845535
0.4404140065776746,0.9829447322970639,0.05145291984081268
0.44043530834340994,0.9829447322970639,0.051526956260204315
0.4404566121698752,0.9829447322970639,0.05159984901547432
0.44052053601664165,0.9829447322970639,0.05163610354065895
0.4404934687953556,0.9828367875647669,0.05168178305029869
0.44053609444551967,0.9828367875647669,0.05173014476895332
0.440557410364349,0.9828367875647669,0.05180417001247406
0.44053033968837707,0.9827288428324698,0.051835305988788605
0.4406156228825864,0.9827288428324698,0.05184723436832428
0.4405885484729684,0.9826208981001727,0.051848772913217545
0.44060987415295255,0.9826208981001727,0.05187808349728584
0.4406312018974781,0.9826208981001727,0.05187877267599106
0.4406738635813526,0.9826208981001727,0.05190935358405113
0.44064678543764524,0.9825129533678757,0.05191526934504509
0.44066811909949166,0.9825129533678757,0.05191655829548836
0.4406894548271521,0.9825129533678757,0.05196982994675636
0.44073213248111565,0.9825129533678757,0.051999956369400024
0.440753474408019,0.9825129533678757,0.05204463377594948
0.44077481840193705,0.9825129533678757,0.0520576611161232
0.4409883720930233,0.9825129533678757,0.05206689238548279
0.44100973884393624,0.9825129533678757,0.05208544060587883
0.44103110766547143,0.9825129533678757,0.05209112912416458
0.44105247855792995,0.9825129533678757,0.05209260806441307
0.4410738515216127,0.9825129533678757,0.052252188324928284
0.4410467652047492,0.9824050086355786,0.052401985973119736
0.44106813996316757,0.9824050086355786,0.052434373646974564
0.4410895167934862,0.9824050086355786,0.05253123492002487
0.44115365971885606,0.9824050086355786,0.052541375160217285
0.44117504483978864,0.9824050086355786,0.052565865218639374
0.4411964320341284,0.9824050086355786,0.05268891900777817
0.44121782130217674,0.9824050086355786,0.05270559340715408
0.44123921264423543,0.9824050086355786,0.05270904302597046
0.4426875547338718,0.9821891191709845,0.05271736532449722
0.4427090935629835,0.9821891191709845,0.05278204381465912
0.44273063448812766,0.9821891191709845,0.052813056856393814
0.4427035180769792,0.9820811744386874,0.05287396162748337
0.4427897016596097,0.9820811744386874,0.052974261343479156
0.4428112527985983,0.9820811744386874,0.05312998220324516
0.44283280603553177,0.9820811744386874,0.05326375737786293
0.4428543613707165,0.9820811744386874,0.05326458439230919
0.4428759188044589,0.9820811744386874,0.053318195044994354
0.4428974783370655,0.9820811744386874,0.05337771028280258
0.4429190399688428,0.9820811744386874,0.05344122275710106
0.44294060370009736,0.9820811744386874,0.05347980558872223
0.4429621695311359,0.9820811744386874,0.053498394787311554
0.4430053074937917,0.9820811744386874,0.0535028874874115
0.4430429065406906,0.9819732297063903,0.05353321135044098
0.44306448470679916,0.9819732297063903,0.05358316749334335
0.443086064974916,0.9819732297063903,0.05358447879552841
0.44305893813930836,0.9818652849740933,0.05363389849662781
0.443080520239661,0.9818652849740933,0.05368766933679581
0.4431021044427124,0.9818652849740933,0.05374370887875557
0.4431236907487699,0.9818652849740933,0.053757194429636
0.4431452791581409,0.9818652849740933,0.05377601832151413
0.4431668696711328,0.9818652849740933,0.053784728050231934
0.44318846228805303,0.9818652849740933,0.053799886256456375
0.4432100570092092,0.9818652849740933,0.05380556732416153
0.44323165383490887,0.9818652849740933,0.05382227897644043
0.44338289056787716,0.9818652849740933,0.05383870005607605
0.4435342305441779,0.9818652849740933,0.054006464779376984
0.4435558589749842,0.9818652849740933,0.054100699722766876
0.4435287233004974,0.9817573402417962,0.054122187197208405
0.44355035357229944,0.9817573402417962,0.05419650673866272
0.4435719859539602,0.9817573402417962,0.05419877916574478
0.44359362044578843,0.9817573402417962,0.05426358804106712
0.44361525704809285,0.9817573402417962,0.0542743094265461
0.44368017952095223,0.9817573402417962,0.05427565425634384
0.4437018245682506,0.9817573402417962,0.054283734411001205
0.4437234717275699,0.9817573402417962,0.05432271957397461
0.44374512099921937,0.9817573402417962,0.054350465536117554
0.44371797999512075,0.9816493955094991,0.05436624959111214
0.44373963111154485,0.9816493955094991,0.054379113018512726
0.4437612843409945,0.9816493955094991,0.054417070001363754
0.443782939683779,0.9816493955094991,0.05445956438779831
0.4438045971402079,0.9816493955094991,0.054516978561878204
0.4438262567105905,0.9816493955094991,0.054594993591308594
0.44384791839523646,0.9816493955094991,0.05461651831865311
0.44386958219445527,0.9816493955094991,0.054628636687994
0.4438912481085566,0.9816493955094991,0.054671525955200195
0.4439345862826458,0.9816493955094991,0.05474160611629486
0.44395625854325327,0.9816493955094991,0.05476512387394905
0.44399960941314326,0.9816493955094991,0.05482703819870949
0.44402128802304575,0.9816493955094991,0.054827991873025894
0.44406465159431613,0.9816493955094991,0.05484414100646973
0.4440863365563043,0.9816493955094991,0.05486524477601051
0.44410802363627483,0.9816493955094991,0.05487276241183281
0.444129712834538,0.9816493955094991,0.05491367727518082
0.44415140415140414,0.9816493955094991,0.054922834038734436
0.44417309758718376,0.9816493955094991,0.05499212443828583
0.4441947931421873,0.9816493955094991,0.055017177015542984
0.4441676436107855,0.9815414507772021,0.055026549845933914
0.4441893410190025,0.9815414507772021,0.055161722004413605
0.44421104054714217,0.9815414507772021,0.055180687457323074
0.4442327421955152,0.9815414507772021,0.055341728031635284
0.4442544459644323,0.9815414507772021,0.05535603687167168
0.4442761518542043,0.9815414507772021,0.05539880692958832
0.4442978598651422,0.9815414507772021,0.05539940297603607
0.4443195699975568,0.9815414507772021,0.05541304126381874
0.4443412822517592,0.9815414507772021,0.05546998232603073
0.44431412793823,0.981433506044905,0.05547891929745674
0.4443358420486756,0.981433506044905,0.055511828511953354
0.4443575582816089,0.981433506044905,0.05552668869495392
0.44437927663734117,0.981433506044905,0.055611222982406616
0.4444009971161836,0.981433506044905,0.05562928691506386
0.44442271971844755,0.981433506044905,0.055740296840667725
0.4444444444444444,0.981433506044905,0.05578956380486488
0.44446617129448573,0.981433506044905,0.05589001998305321
0.4444879002688829,0.981433506044905,0.05589272454380989
0.4445096313679476,0.981433506044905,0.05592614784836769
0.4445313645919914,0.981433506044905,0.055939339101314545
0.444553099941326,0.981433506044905,0.055954981595277786
0.44457483741626325,0.981433506044905,0.055970024317502975
0.4445965770171149,0.981433506044905,0.055975139141082764
0.4446183187441929,0.981433506044905,0.05598026514053345
0.44466180857827553,0.981433506044905,0.056002672761678696
0.4446835566859043,0.981433506044905,0.056042954325675964
0.44470530692100757,0.981433506044905,0.056120261549949646
0.4447270592838975,0.981433506044905,0.05612805485725403
0.4447488137748863,0.981433506044905,0.05617387965321541
0.44477057039428625,0.981433506044905,0.05623883008956909
0.44479232914240985,0.981433506044905,0.05626283586025238
0.44481409001956945,0.981433506044905,0.056279879063367844
0.4448358530260776,0.981433506044905,0.05636001378297806
0.4448793854283897,0.981433506044905,0.05644683167338371
0.44490115482481896,0.981433506044905,0.05654270574450493
0.4449229263518473,0.981433506044905,0.05660662427544594
0.4449447000097876,0.981433506044905,0.05661642923951149
0.44496647579895265,0.981433506044905,0.05661892145872116
0.44498825371965545,0.981433506044905,0.0567631796002388
0.445162553858206,0.981433506044905,0.056784290820360184
0.445206150230144,0.981433506044905,0.056914109736680984
0.445227951618432,0.981433506044905,0.05692727863788605
0.44524975514201764,0.981433506044905,0.05692902207374573
0.44527156080121455,0.981433506044905,0.05694545805454254
0.44529336859633656,0.981433506044905,0.056953560560941696
0.44531517852769753,0.981433506044905,0.05695877596735954
0.44533699059561127,0.981433506044905,0.05698728561401367
0.44535880480039186,0.981433506044905,0.05704363435506821
0.4453806211423533,0.981433506044905,0.057124264538288116
0.44540243962180964,0.981433506044905,0.05723804980516434
0.44542426023907505,0.981433506044905,0.0572982095181942
0.44544608299446375,0.981433506044905,0.057320497930049896
0.44546790788829005,0.981433506044905,0.0573219396173954
0.44548973492086824,0.981433506044905,0.05734045058488846
0.44551156409251275,0.981433506044905,0.057502761483192444
0.4454843926103788,0.981325561312608,0.05759014934301376
0.44550622365970793,0.981325561312608,0.057663753628730774
0.4455280568488116,0.981325561312608,0.0576799102127552
0.4455008821799647,0.9812176165803109,0.057761091738939285
0.4455227172474636,0.9812176165803109,0.05776139721274376
0.44554455445544555,0.9812176165803109,0.05779426172375679
0.4455663938042253,0.9812176165803109,0.05788131058216095
0.4455882352941177,0.9812176165803109,0.05804496258497238
0.4456100789254375,0.9812176165803109,0.058084215968847275
0.4456319246984998,0.9812176165803109,0.05810641869902611
0.44565377261361966,0.9812176165803109,0.058209627866744995
0.445675622671112,0.9812176165803109,0.05835743620991707
0.4456484432458936,0.9811096718480138,0.058409664779901505
0.4456921492669053,0.9811096718480138,0.058516975492239
0.44571400549234996,0.9811096718480138,0.05867385119199753
0.44575772437469346,0.9811096718480138,0.05876648798584938
0.44577958703222326,0.9811096718480138,0.0587712787091732
0.4458014518344124,0.9811096718480138,0.058846816420555115
0.4458233187815765,0.9811096718480138,0.05897004157304764
0.4458451878740312,0.9811096718480138,0.05898670479655266
0.4458180034338975,0.9810017271157168,0.059081267565488815
0.44583987441130296,0.9810017271157168,0.059151072055101395
0.4458617475347103,0.9810017271157168,0.059230707585811615
0.4458836228044353,0.9810017271157168,0.05927470698952675
0.4459055002207939,0.9810017271157168,0.059312112629413605
0.4459273797841021,0.9810017271157168,0.05936267599463463
0.4459492614946759,0.9810017271157168,0.05939267575740814
0.4459711453528315,0.9810017271157168,0.05942118912935257
0.445993031358885,0.9810017271157168,0.05948711186647415
0.44601491951315275,0.9810017271157168,0.05959327146410942
0.4460368098159509,0.9810017271157168,0.059600044041872025
0.44608059686840423,0.9810017271157168,0.05962056666612625
0.4461024936186923,0.9810017271157168,0.05966166779398918
0.44612439251877667,0.9810017271157168,0.059698473662137985
0.446146293568974,0.9810017271157168,0.059701498597860336
0.44616819676960084,0.9810017271157168,0.059703532606363297
0.4461629105906614,0.9808937823834197,0.059739816933870316
0.44618481783364433,0.9808937823834197,0.059755247086286545
0.4462067272280874,0.9808937823834197,0.05976327136158943
0.44622863877430763,0.9808937823834197,0.05979643762111664
0.4462505524726219,0.9808937823834197,0.05983308330178261
0.44627246832334744,0.9808937823834197,0.059844598174095154
0.44629438632680124,0.9808937823834197,0.059901077300310135
0.44631630648330056,0.9808937823834197,0.05994274839758873
0.4463820798742447,0.9808937823834197,0.060010284185409546
0.4464917452830189,0.9808937823834197,0.06015097722411156
0.44651368483121223,0.9808937823834197,0.060192447155714035
0.44653562653562656,0.9808937823834197,0.060245003551244736
0.4465575703965797,0.9808937823834197,0.060265980660915375
0.44657951641438964,0.9808937823834197,0.06028871238231659
0.44660146458937433,0.9808937823834197,0.06042233109474182
0.446623414921852,0.9808937823834197,0.06048578396439552
0.44659621528631116,0.9807858376511226,0.060572367161512375
0.4466181675186787,0.9807858376511226,0.06063967943191528
0.4466401219092563,0.9807858376511226,0.06071503087878227
0.44666207845836203,0.9807858376511226,0.06073610112071037
0.44668403716631433,0.9807858376511226,0.06084601953625679
0.44670599803343164,0.9807858376511226,0.060948923230171204
0.44672796106003243,0.9807858376511226,0.06099763885140419
0.4467499262464352,0.9807858376511226,0.061058688908815384
0.44677189359295866,0.9807858376511226,0.06106587126851082
0.4467938630999213,0.9807858376511226,0.061135876923799515
0.446815834767642,0.9807858376511226,0.06114786118268967
0.44683780859643946,0.9807858376511226,0.061148468405008316
0.44685978458663256,0.9807858376511226,0.06116640940308571
0.4469257255287752,0.9807858376511226,0.0611850768327713
0.4468985193565842,0.9806778929188256,0.061230916529893875
0.4469205037386856,0.9806778929188256,0.061233147978782654
0.4469424902838589,0.9806778929188256,0.06130590662360191
0.4469644789924235,0.9806778929188256,0.06134020537137985
0.44698646986469864,0.9806778929188256,0.061404403299093246
0.4469592599881913,0.9805699481865285,0.0614306814968586
0.4469320474339418,0.9804620034542314,0.0614326074719429
0.446998031496063,0.9804620034542314,0.061437346041202545
0.4470200305133127,0.9804620034542314,0.061468563973903656
0.44704203169603307,0.9804620034542314,0.061539024114608765
0.44706403504454395,0.9804620034542314,0.061541277915239334
0.4470860405591652,0.9804620034542314,0.06159968674182892
0.4471080482402166,0.9804620034542314,0.061611760407686234
0.4471300580880181,0.9804620034542314,0.0616653636097908
0.44715207010288976,0.9804620034542314,0.06166820973157883
0.44717408428515165,0.9804620034542314,0.06170368567109108
0.4471961006351238,0.9804620034542314,0.06172440946102142
0.44721811915312654,0.9804620034542314,0.06179250031709671
0.44724013983948,0.9804620034542314,0.06181582435965538
0.44726216269450464,0.9804620034542314,0.061875417828559875
0.4472841877185207,0.9804620034542314,0.06199003756046295
0.4473062149118487,0.9804620034542314,0.06204017624258995
0.44732824427480916,0.9804620034542314,0.06216556951403618
0.44735027580772263,0.9804620034542314,0.06217179074883461
0.4473723095109097,0.9804620034542314,0.062193613499403
0.4474773354355538,0.9803540587219344,0.06225339323282242
0.447450110864745,0.9802461139896373,0.06232625991106033
0.4474721592588943,0.9802461139896373,0.06238590180873871
0.4474942098260484,0.9802461139896373,0.0624135285615921
0.44751626256652866,0.9802461139896373,0.062477901577949524
0.4475383174806564,0.9802461139896373,0.06253279000520706
0.4475603745687531,0.9802461139896373,0.0625992864370346
0.44758243383114005,0.9802461139896373,0.06265221536159515
0.4476044952681388,0.9802461139896373,0.06272967904806137
0.44757726622960514,0.9801381692573402,0.06285939365625381
0.44759932958690724,0.9801381692573402,0.06289919465780258
0.44762139511954646,0.9801381692573402,0.06295281648635864
0.4476434628278446,0.9801381692573402,0.06297778338193893
0.4476162303406794,0.9800302245250432,0.06328631192445755
0.4476382999704171,0.9800302245250432,0.06331540644168854
0.4476603717765396,0.9800302245250432,0.06332661956548691
0.44768244575936883,0.9800302245250432,0.06335471570491791
0.44770452191922677,0.9800302245250432,0.063358373939991
0.44772660025643557,0.9800302245250432,0.0633809044957161
0.44774868077131724,0.9800302245250432,0.06349003314971924
0.44777076346419414,0.9800302245250432,0.06349163502454758
0.4477928483353884,0.9800302245250432,0.06353256106376648
0.44776561112755253,0.9799222797927462,0.06372621655464172
0.44778769792334633,0.9799222797927462,0.06384578347206116
0.4478097868981847,0.9799222797927462,0.0638856515288353
0.4478318780523901,0.9799222797927462,0.06396888941526413
0.44785397138628513,0.9799222797927462,0.06403673440217972
0.44787606690019244,0.9799222797927462,0.06417716294527054
0.447848825735149,0.979814335060449,0.06418386101722717
0.4478709231756057,0.979814335060449,0.0641963928937912
0.44789302279680254,0.979814335060449,0.0642341822385788
0.4479151245990624,0.979814335060449,0.06427809596061707
0.44793722858270824,0.979814335060449,0.06430476903915405
0.4479814430954496,0.979814335060449,0.06441710144281387
0.44800355362519123,0.979814335060449,0.06447004526853561
0.44802566633761104,0.979814335060449,0.06450660526752472
0.44804778123303224,0.979814335060449,0.0645880326628685
0.44806989831177807,0.979814335060449,0.06458885222673416
0.4480920175741719,0.979814335060449,0.0646689310669899
0.44811413902053715,0.979814335060449,0.06470908224582672
0.44808689212540115,0.979706390328152,0.06476087123155594
0.4481090155031105,0.979706390328152,0.0647616758942604
0.44813114106552115,0.979706390328152,0.06483811140060425
0.44815326881295675,0.979706390328152,0.06508537381887436
0.44817539874574097,0.979706390328152,0.06513769179582596
0.44819753086419756,0.979706390328152,0.06516475975513458
0.4482196651686503,0.979706390328152,0.06527765840291977
0.4482418016594232,0.979706390328152,0.06528499722480774
0.4482145503037487,0.979598445595855,0.06554637104272842
0.4481872962560506,0.9794905008635578,0.06560716032981873
0.4482094344282539,0.9794905008635578,0.06560895591974258
0.4482315747875914,0.9794905008635578,0.06563443690538406
0.4482537173343872,0.9794905008635578,0.06564135104417801
0.4482980089916506,0.9794905008635578,0.06566859036684036
0.4483201581027668,0.9794905008635578,0.06573355197906494
0.4483423094026385,0.9794905008635578,0.06583625078201294
0.4483644628915901,0.9794905008635578,0.06584995239973068
0.44838661856994616,0.9794905008635578,0.0659351646900177
0.44840877643803123,0.9794905008635578,0.06600090861320496
0.44843093649617,0.9794905008635578,0.06605033576488495
0.44845309874468714,0.9794905008635578,0.06608132272958755
0.44847526318390746,0.9794905008635578,0.06633859872817993
0.4484974298141558,0.9794905008635578,0.06634652614593506
0.448519598635757,0.9794905008635578,0.06636200845241547
0.4485417696490361,0.9794905008635578,0.06650856137275696
0.44856394285431805,0.9794905008635578,0.0666070356965065
0.448586118251928,0.9794905008635578,0.06666964292526245
0.44860829584219114,0.9794905008635578,0.0666792243719101
0.4486304756254326,0.9794905008635578,0.06680101156234741
0.44865265760197776,0.9794905008635578,0.06692314147949219
0.4486748417721519,0.9794905008635578,0.06692569702863693
0.448647579488701,0.9793825561312608,0.06692691892385483
0.4486203145089506,0.9792746113989638,0.06694397330284119
0.44864250037090153,0.9792746113989638,0.06712121516466141
0.44866468842729973,0.9792746113989638,0.06715954095125198
0.44868687867847074,0.9792746113989638,0.06730694323778152
0.44870907112474034,0.9792746113989638,0.06737637519836426
0.4487312657664342,0.9792746113989638,0.06742069125175476
0.4487534626038781,0.9792746113989638,0.06771247088909149
0.44877566163739796,0.9792746113989638,0.06773462146520615
0.44879786286731965,0.9792746113989638,0.06778168678283691
0.44882006629396926,0.9792746113989638,0.06792406737804413
0.4488422719176727,0.9792746113989638,0.06799142062664032
0.44886447973875615,0.9792746113989638,0.06807763874530792
0.44888668975754575,0.9792746113989638,0.0680798590183258
0.44890890197436784,0.9792746113989638,0.06808348745107651
0.4489311163895487,0.9792746113989638,0.06820451468229294
0.44895333300341467,0.9792746113989638,0.06833457201719284
0.4489755518162922,0.9792746113989638,0.06839600205421448
0.4489977728285078,0.9792746113989638,0.06843479722738266
0.44901999604038806,0.9792746113989638,0.0684547871351242
0.4490422214522596,0.9792746113989638,0.06846772134304047
0.4490644490644491,0.9792746113989638,0.06860052794218063
0.4490866788772833,0.9792746113989638,0.06861838698387146
0.4491089108910891,0.9792746113989638,0.0687190517783165
0.4491311451061934,0.9792746113989638,0.06875047832727432
0.44915338152292306,0.9792746113989638,0.06883998215198517
0.44917562014160517,0.9792746113989638,0.06889960914850235
0.44922010398613516,0.9792746113989638,0.06890448927879333
0.4491928295533327,0.9791666666666666,0.06894394755363464
0.44923732171156894,0.9791666666666666,0.06903201341629028
0.4492595710960329,0.9791666666666666,0.06903402507305145
0.4492818226844973,0.9791666666666666,0.06904881447553635
0.4493040764772896,0.9791666666666666,0.06914195418357849
0.44932633247473747,0.9791666666666666,0.06915272772312164
0.4493485906771685,0.9791666666666666,0.06942611187696457
0.4493708510849103,0.9791666666666666,0.06967674195766449
0.4493931136982908,0.9791666666666666,0.0697263553738594
0.44941537851763774,0.9791666666666666,0.06977351754903793
0.449437645543279,0.9791666666666666,0.06978458911180496
0.44945991477554254,0.9791666666666666,0.06993495672941208
0.4494053518334985,0.9789507772020726,0.07008026540279388
0.4493234871388214,0.9786269430051814,0.07010242342948914
0.44934575733544807,0.9786269430051814,0.07017936557531357
0.4493184634448575,0.9785189982728842,0.07018378376960754
0.4493407356002776,0.9785189982728842,0.07020366936922073
0.449363009963813,0.9785189982728842,0.07021014392375946
0.4493852865357922,0.9785189982728842,0.07022233307361603
0.4494075653165436,0.9785189982728842,0.07031842321157455
0.4493802677243431,0.9784110535405872,0.07034312933683395
0.4494025484654668,0.9784110535405872,0.07035192102193832
0.44942483141610473,0.9784110535405872,0.07036148011684418
0.44944711657658554,0.9784110535405872,0.07044427841901779
0.44946940394723794,0.9784110535405872,0.07052651792764664
0.4494916935283908,0.9784110535405872,0.07055403292179108
0.44951398532037296,0.9784110535405872,0.07057633996009827
0.4494866835292367,0.9783031088082902,0.07062756270170212
0.4495089772839996,0.9783031088082902,0.07062897086143494
0.4495312732503348,0.9783031088082902,0.0708702951669693
0.44955357142857144,0.9783031088082902,0.07097423821687698
0.44957587181903863,0.9783031088082902,0.07099615782499313
0.4495981744220657,0.9783031088082902,0.07104711979627609
0.4496204792379818,0.9783031088082902,0.07105185836553574
0.4496427862671165,0.9783031088082902,0.07109122723340988
0.4496601002332159,0.978195164075993,0.07118896394968033
0.4496824136562128,0.978195164075993,0.07129255682229996
0.4497047292938316,0.978195164075993,0.07143658399581909
0.449727047146402,0.978195164075993,0.07146084308624268
0.4497493672142538,0.978195164075993,0.0715603157877922
0.4497716894977169,0.978195164075993,0.0715649276971817
0.44979401399712116,0.978195164075993,0.0716133862733841
0.4498163407127966,0.978195164075993,0.07165703922510147
0.44983866964507324,0.978195164075993,0.07168249785900116
0.44986100079428115,0.978195164075993,0.07174427062273026
0.44988333416075066,0.978195164075993,0.0717775747179985
0.44990566974481183,0.978195164075993,0.07182081043720245
0.4499280075467951,0.978195164075993,0.07193997502326965
0.4499503475670308,0.978195164075993,0.07201799750328064
0.4499230349073936,0.978087219343696,0.07205861806869507
0.44991806128023043,0.977979274611399,0.07207753509283066
0.4499404052443385,0.977979274611399,0.07223523408174515
0.4499627514278619,0.977979274611399,0.07234019041061401
0.4499354326015695,0.9778713298791019,0.07236641645431519
0.44995778075795956,0.9778713298791019,0.07259166985750198
0.44998013113451224,0.9778713298791019,0.07264932990074158
0.45000248373155827,0.9778713298791019,0.07268968969583511
0.4500248385494287,0.9778713298791019,0.07271081209182739
0.45004719558845446,0.9778713298791019,0.0728040486574173
0.4500695548489666,0.9778713298791019,0.07285413891077042
0.45011428003577464,0.9778713298791019,0.0728922188282013
0.450203757081801,0.9778713298791019,0.07300779223442078
0.45022613190199295,0.9778713298791019,0.07305864989757538
0.4501988071570577,0.9777633851468048,0.0731019526720047
0.450221183955465,0.9777633851468048,0.07317379117012024
0.45024356297842727,0.9777633851468048,0.0731760710477829
0.4502659442262763,0.9777633851468048,0.07329576462507248
0.4502386160270431,0.9776554404145078,0.07335062325000763
0.45026099925428786,0.9776554404145078,0.07339909672737122
0.4502336680918763,0.9775474956822107,0.07343365252017975
0.4502560532988614,0.9775474956822107,0.07345814257860184
0.4502784407319014,0.9775474956822107,0.07354790717363358
0.4503008303913281,0.9775474956822107,0.0737185850739479
0.4503232222774739,0.9775474956822107,0.07373770326375961
0.45034561639067083,0.9775474956822107,0.07379572838544846
0.45036801273125127,0.9775474956822107,0.07392675429582596
0.4503406773760382,0.9774395509499136,0.07399722933769226
0.45036307569879636,0.9774395509499136,0.07400290668010712
0.4503854762496891,0.9774395509499136,0.07404034584760666
0.45040787902904894,0.9774395509499136,0.07405080646276474
0.45043028403720836,0.9774395509499136,0.07406371831893921
0.45040294498059896,0.9773316062176166,0.07411175221204758
0.4504253519725387,0.9773316062176166,0.07412727922201157
0.45044776119402985,0.9773316062176166,0.07429708540439606
0.45047017264540523,0.9773316062176166,0.07436839491128922
0.45049258632699773,0.9773316062176166,0.07452965527772903
0.45051500223914015,0.9773316062176166,0.07465473562479019
0.4504876592356688,0.9772236614853195,0.07478675246238708
0.45051007713361535,0.9772236614853195,0.07482148706912994
0.45053249726286454,0.9772236614853195,0.07484674453735352
0.45055491962374955,0.9772236614853195,0.07489636540412903
0.4505773442166036,0.9772236614853195,0.0751211941242218
0.45059977104175997,0.9772236614853195,0.07516279071569443
0.450622200099552,0.9772236614853195,0.07529012858867645
0.45064463139031313,0.9772236614853195,0.07532349973917007
0.4506172839506173,0.9771157167530224,0.07539161294698715
0.4506397172300493,0.9771157167530224,0.07555560767650604
0.4506621527432042,0.9771157167530224,0.07562291622161865
0.45068459049041576,0.9771157167530224,0.07562648504972458
0.45070703047201754,0.9771157167530224,0.07563726603984833
0.4507294726883434,0.9771157167530224,0.07570779323577881
0.45077436382650266,0.9771157167530224,0.07572107017040253
0.45079681274900396,0.9771157167530224,0.07579804956912994
0.45084171730252015,0.9771157167530224,0.07584547996520996
0.45086417293420333,0.9771157167530224,0.07593836635351181
0.4508866308029488,0.9771157167530224,0.07614253461360931
0.4509090909090909,0.9771157167530224,0.0761905238032341
0.450931553252964,0.9771157167530224,0.07623951882123947
0.45095401783490263,0.9771157167530224,0.07625662535429001
0.45097648465524115,0.9771157167530224,0.07631397247314453
0.4509989537143142,0.9771157167530224,0.07633518427610397
0.4510214250124564,0.9771157167530224,0.07634424418210983
0.4510165437512458,0.9770077720207254,0.0764167532324791
0.4510390192853939,0.9770077720207254,0.07641927152872086
0.451061497059703,0.9770077720207254,0.07645923644304276
0.45108397707450787,0.9770077720207254,0.07662568241357803
0.45110645933014354,0.9770077720207254,0.07666003704071045
0.45112894382694513,0.9770077720207254,0.07672951370477676
0.4512638978910106,0.9770077720207254,0.07686994969844818
0.451286398085361,0.9770077720207254,0.07687859237194061
0.4513089005235602,0.9770077720207254,0.0769101232290268
0.45133140520594395,0.9770077720207254,0.07699014246463776
0.451353912132848,0.9770077720207254,0.07701923698186874
0.45137642130460803,0.9770077720207254,0.07708431035280228
0.45139893272156,0.9770077720207254,0.07714610546827316
0.4514214463840399,0.9770077720207254,0.07727203518152237
0.4513940844929922,0.9768998272884283,0.0772721990942955
0.45141660015961693,0.9768998272884283,0.07732530683279037
0.45143911807252957,0.9768998272884283,0.07738173007965088
0.45146163823206625,0.9768998272884283,0.07745549827814102
0.4514841606385632,0.9768998272884283,0.0774795413017273
0.4515066852923568,0.9768998272884283,0.07761839032173157
0.4515292121937834,0.9768998272884283,0.07764694094657898
0.4515517413431793,0.9768998272884283,0.07772447168827057
0.4515742727408812,0.9768998272884283,0.07783467322587967
0.45159680638722555,0.9768998272884283,0.07794372737407684
0.451619342282549,0.9768998272884283,0.07803873717784882
0.45164188042718834,0.9768998272884283,0.07816508412361145
0.4516644208214803,0.9768998272884283,0.07822022587060928
0.45168696346576165,0.9768998272884283,0.07825435698032379
0.4517095083603693,0.9768998272884283,0.07833138853311539
0.4517320555056404,0.9768998272884283,0.07833781093358994
0.4517546049019118,0.9768998272884283,0.07857035845518112
0.4517771565495208,0.9768998272884283,0.07863034307956696
0.45179971044880435,0.9768998272884283,0.07863444834947586
0.45184482500374457,0.9768998272884283,0.07867654412984848
0.4518673856600759,0.9768998272884283,0.07893285155296326
0.4519125137321482,0.9768998272884283,0.07896537333726883
0.4519350811485643,0.9768998272884283,0.07903409004211426
0.4519576508190172,0.9768998272884283,0.07904872298240662
0.4519802227438446,0.9768998272884283,0.07905583828687668
0.4520027969233843,0.9768998272884283,0.0790896862745285
0.45204795204795206,0.9768998272884283,0.07915568351745605
0.452070532993656,0.9768998272884283,0.07921307533979416
0.45209311619542414,0.9768998272884283,0.07922454923391342
0.45211570165359444,0.9768998272884283,0.0792732909321785
0.45208832933653076,0.9767918825561313,0.07928438484668732
0.4521109168123907,0.9767918825561313,0.0794697031378746
0.4521560985359516,0.9767918825561313,0.07951756566762924
0.45217869278432943,0.9767918825561313,0.07962623238563538
0.45220128929089,0.9767918825561313,0.07970328629016876
0.452223888055972,0.9767918825561313,0.07971129566431046
0.45224648907991405,0.9767918825561313,0.07977642863988876
0.4522690923630548,0.9767918825561313,0.07978671789169312
0.452291697905733,0.9767918825561313,0.0798427015542984
0.4523143057082875,0.9767918825561313,0.07987459003925323
0.4523369157710572,0.9767918825561313,0.0798894464969635
0.4523595280943811,0.9767918825561313,0.07989360392093658
0.45233215017747336,0.9766839378238342,0.07989973574876785
0.45235476452354767,0.9766839378238342,0.07996364682912827
0.45237738113094345,0.9766839378238342,0.07996942102909088
0.4524,0.9766839378238342,0.08006686717271805
0.4524226211310566,0.9766839378238342,0.0800693929195404
0.45244524452445245,0.9766839378238342,0.08017608523368835
0.4524678701805271,0.9766839378238342,0.08021640032529831
0.4525131282820705,0.9766839378238342,0.08026819676160812
0.45253576072821844,0.9766839378238342,0.08034547418355942
0.4525583954384034,0.9766839378238342,0.08038212358951569
0.4526036716522435,0.9766839378238342,0.08043331652879715
0.4526263131565783,0.9766839378238342,0.08043772727251053
0.45264895692630946,0.9766839378238342,0.08057881891727448
0.45267160296177705,0.9766839378238342,0.08061273396015167
0.45269425126332113,0.9766839378238342,0.08067663758993149
0.4527169018312819,0.9766839378238342,0.08074978739023209
0.4527395546659995,0.9766839378238342,0.08081389218568802
0.45271216973578865,0.9765759930915371,0.08095695078372955
0.45268478206475504,0.9764680483592401,0.08099768310785294
0.4527074366930237,0.9764680483592401,0.08108637481927872
0.45268004604374157,0.976360103626943,0.08130118250846863
0.4527027027027027,0.976360103626943,0.08141164481639862
0.4527253616297112,0.976360103626943,0.08153803646564484
0.4527480228251076,0.976360103626943,0.08163988590240479
0.4527706862892326,0.976360103626943,0.08173997700214386
0.45279335202242693,0.976360103626943,0.0817871242761612
0.45276595744680853,0.9762521588946459,0.08182582259178162
0.45278862521277663,0.9762521588946459,0.08192296326160431
0.4528112952485856,0.9762521588946459,0.08193393796682358
0.4528339675545764,0.9762521588946459,0.08204086869955063
0.45285664213109006,0.9762521588946459,0.08216723799705505
0.45290199809705045,0.9762521588946459,0.08218447864055634
0.45292467948717946,0.9762521588946459,0.08225291967391968
0.45294736314919615,0.9762521588946459,0.08230241388082504
0.45297004908344185,0.9762521588946459,0.08234667778015137
0.45299273729025796,0.9762521588946459,0.08238738775253296
0.453015427769986,0.9762521588946459,0.0824466347694397
0.4530381205229675,0.9762521588946459,0.0825689435005188
0.45301072036870055,0.9761442141623489,0.08277639001607895
0.45303341515956114,0.9761442141623489,0.08280900120735168
0.4530561122244489,0.9761442141623489,0.08290386945009232
0.4530788115637056,0.9761442141623489,0.08310431987047195
0.4530741093350704,0.9760362694300518,0.08322395384311676
0.4531195189175645,0.9760362694300518,0.08339636027812958
0.4531422271223815,0.9760362694300518,0.08341176807880402
0.4531649376033679,0.9760362694300518,0.0834539532661438
0.45318765036086606,0.9760362694300518,0.08345939218997955
0.4532103653952183,0.9760362694300518,0.08356183022260666
0.45323308270676693,0.9760362694300518,0.08370686322450638
0.45325580229585444,0.9760362694300518,0.08372719585895538
0.4532785241628233,0.9760362694300518,0.08375287801027298
0.45330124830801627,0.9760362694300518,0.0837746411561966
0.45332397473177577,0.9760362694300518,0.0839294046163559
0.4533467034344447,0.9760362694300518,0.08394263684749603
0.45336943441636585,0.9760362694300518,0.08396640419960022
0.453392167677882,0.9760362694300518,0.08398300409317017
0.4533647577976131,0.9759283246977547,0.08437550067901611
0.45338749310465876,0.9759283246977547,0.08440869301557541
0.45341023069207625,0.9759283246977547,0.08448430895805359
0.45338281759366067,0.9758203799654577,0.08462441712617874
0.45340555722740494,0.9758203799654577,0.08471926301717758
0.45342829914229826,0.9758203799654577,0.08487957715988159
0.4534510433386838,0.9758203799654577,0.08488281816244125
0.45347378981690495,0.9758203799654577,0.08494328707456589
0.4534965385773051,0.9758203799654577,0.08494894206523895
0.45351928962022775,0.9758203799654577,0.08496513962745667
0.45354204294601647,0.9758203799654577,0.08502043038606644
0.4535647985550148,0.9758203799654577,0.08502732962369919
0.4535875564475665,0.9758203799654577,0.08506769686937332
0.45361031662401524,0.9758203799654577,0.08514683693647385
0.45363307908470496,0.9758203799654577,0.08522003889083862
0.4536558438299794,0.9758203799654577,0.08534959703683853
0.4536786108601827,0.9758203799654577,0.08539655059576035
0.4536465391758269,0.9756044905008635,0.08544909954071045
0.45361911454673226,0.9754965457685665,0.08552565425634384
0.4536418854475177,0.9754965457685665,0.0855441689491272
0.4536144578313253,0.9753886010362695,0.08557108789682388
0.45363723078467794,0.9753886010362695,0.08563733845949173
0.4536600060247013,0.9753886010362695,0.08565686643123627
0.45368278355173974,0.9753886010362695,0.08568187803030014
0.45370556336613777,0.9753886010362695,0.08578907698392868
0.45372834546824004,0.9753886010362695,0.08580167591571808
0.45375112985839106,0.9753886010362695,0.08601788431406021
0.45376927326603383,0.9752806563039723,0.08626940846443176
0.45379206428930186,0.9752806563039723,0.08627910912036896
0.4538148576020895,0.9752806563039723,0.08670368790626526
0.4538376532047418,0.9752806563039723,0.08673860132694244
0.45386045109760387,0.9752806563039723,0.08677075058221817
0.4538832512810208,0.9752806563039723,0.0867805927991867
0.4539060537553379,0.9752806563039723,0.08700843155384064
0.4539288585209003,0.9752806563039723,0.08712057024240494
0.45395166557805355,0.9752806563039723,0.08731456845998764
0.453974474927143,0.9752806563039723,0.08734502643346786
0.4539972865685141,0.9752806563039723,0.08735767006874084
0.45402010050251257,0.9752806563039723,0.08745931833982468
0.4540429167294839,0.9752806563039723,0.08756566792726517
0.45406573524977384,0.9752806563039723,0.0875997319817543
0.4540885560637282,0.9752806563039723,0.0877726674079895
0.4541113791716928,0.9752806563039723,0.08786384761333466
0.45413420457401354,0.9752806563039723,0.08795236796140671
0.4541570322710365,0.9752806563039723,0.0880405604839325
0.45417986226310764,0.9752806563039723,0.08810850232839584
0.4542026945505731,0.9752806563039723,0.08813685923814774
0.4542255291337791,0.9752806563039723,0.08824128657579422
0.4542483660130719,0.9752806563039723,0.08836418390274048
0.4542712051887978,0.9752806563039723,0.08836975693702698
0.4542940466613033,0.9752806563039723,0.08859719336032867
0.45426660632574045,0.9751727115716753,0.08884161710739136
0.4542894498642261,0.9751727115716753,0.08895983546972275
0.45433514383423856,0.9751727115716753,0.08897079527378082
0.4543579942664588,0.9751727115716753,0.08910983800888062
0.454380846997284,0.9751727115716753,0.08916383236646652
0.45440370202706104,0.9751727115716753,0.08938568830490112
0.4544265593561368,0.9751727115716753,0.08943051844835281
0.4544494189848584,0.9751727115716753,0.08952406793832779
0.4544722809135728,0.9751727115716753,0.08957771956920624
0.4544951451426272,0.9751727115716753,0.08961204439401627
0.4544676997383779,0.9750647668393783,0.08967714756727219
0.45449056603773585,0.9750647668393783,0.08969468623399734
0.4545134346382208,0.9750647668393783,0.08971468359231949
0.45453630554018015,0.9750647668393783,0.08996441215276718
0.45455917874396135,0.9750647668393783,0.09027709811925888
0.45458205424991194,0.9750647668393783,0.09029559791088104
0.4546049320583795,0.9750647668393783,0.09035847336053848
0.4546278121697116,0.9750647668393783,0.09036959707736969
0.4546506945842561,0.9750647668393783,0.0904192179441452
0.4546735793023607,0.9750647668393783,0.09051793813705444
0.4546964663243733,0.9750647668393783,0.0906515121459961
0.4547193556506418,0.9750647668393783,0.09081777930259705
0.45469190495368506,0.9749568221070811,0.090828076004982
0.45466445149272516,0.9748488773747841,0.09093812108039856
0.45468734266438426,0.9748488773747841,0.09095609188079834
0.4547102361411812,0.9748488773747841,0.09101339429616928
0.45473313192346426,0.9748488773747841,0.09104320406913757
0.45475603001158166,0.9748488773747841,0.09110180288553238
0.45477893040588174,0.9748488773747841,0.0911615788936615
0.454801833106713,0.9748488773747841,0.09117577970027924
0.45482473811442387,0.9748488773747841,0.09131796658039093
0.4547972802820448,0.9747409326424871,0.09133525937795639
0.45482018736778485,0.9747409326424871,0.09135045856237411
0.4548430967611948,0.9747409326424871,0.09135808795690536
0.45486600846262343,0.9747409326424871,0.0913853645324707
0.4548889224724195,0.9747409326424871,0.0915110632777214
0.454911838790932,0.9747409326424871,0.0915149375796318
0.45493475741850975,0.9747409326424871,0.0919748842716217
0.4549576783555018,0.9747409326424871,0.09205274283885956
0.4549806016022573,0.9747409326424871,0.09217812120914459
0.4550035271591253,0.9747409326424871,0.09235676378011703
0.455026455026455,0.9747409326424871,0.09243371337652206
0.45504938520459587,0.9747409326424871,0.09253513067960739
0.4550723176938971,0.9747409326424871,0.09255105257034302
0.45511818960737865,0.9747409326424871,0.09267197549343109
0.45514112903225806,0.9747409326424871,0.09267350286245346
0.45516407076969606,0.9747409326424871,0.09280756860971451
0.4551366065127533,0.9746329879101899,0.09288550168275833
0.45515955033523214,0.9746329879101899,0.09289421886205673
0.45518249647106274,0.9746329879101899,0.09296872466802597
0.4552054449205949,0.9746329879101899,0.09314291179180145
0.45522839568417867,0.9746329879101899,0.09317456185817719
0.4552009277466848,0.9745250431778929,0.09330791980028152
0.4552238805970149,0.9745250431778929,0.0935540720820427
0.4552468357621905,0.9745250431778929,0.09386301785707474
0.4552697932425618,0.9745250431778929,0.09396054595708847
0.455292753038479,0.9745250431778929,0.09400486201047897
0.4553157151502925,0.9745250431778929,0.09404173493385315
0.4553386795783528,0.9745250431778929,0.0941450446844101
0.4553616463230102,0.9745250431778929,0.09432660788297653
0.4553846153846154,0.9745250431778929,0.0945674479007721
0.45540758676351895,0.9745250431778929,0.0945720374584198
0.45543056046007163,0.9745250431778929,0.09458069503307343
0.45545353647462417,0.9745250431778929,0.09470795094966888
0.4554765148075274,0.9745250431778929,0.09475279599428177
0.4554994954591322,0.9745250431778929,0.09478247165679932
0.4555224784297896,0.9745250431778929,0.09521843492984772
0.45554546371985066,0.9745250431778929,0.09530558437108994
0.45556845132966645,0.9745250431778929,0.09533204883337021
0.4555639666919001,0.9744170984455959,0.0954664871096611
0.45558695871605936,0.9744170984455959,0.09590894728899002
0.45555948114874073,0.9743091537132987,0.09613809734582901
0.4554040404040404,0.9733376511226253,0.09626682847738266
0.4554270417697864,0.9733376511226253,0.09629281610250473
0.4554500454591373,0.9733376511226253,0.09646071493625641
0.4554730514724453,0.9733376511226253,0.09651020169258118
0.45549605981006264,0.9733376511226253,0.09653495997190475
0.4555190704723415,0.9733376511226253,0.09657582640647888
0.4555420834596342,0.9733376511226253,0.09666624665260315
0.45556509877229323,0.9733376511226253,0.09676266461610794
0.455588116410671,0.9733376511226253,0.0968119204044342
0.45561113637512,0.9733376511226253,0.09689606726169586
0.45563415866599294,0.9733376511226253,0.09701833128929138
0.4556571832836424,0.9733376511226253,0.09712041169404984
0.45568021022842126,0.9733376511226253,0.09717599302530289
0.45570323950068226,0.9733376511226253,0.09719264507293701
0.45572627110077835,0.9733376511226253,0.0973166972398758
0.4557493050290624,0.9733376511226253,0.09780040383338928
0.45577234128588756,0.9733376511226253,0.09787371009588242
0.45579537987160695,0.9733376511226253,0.09796085953712463
0.45581842078657364,0.9733376511226253,0.09807740151882172
0.455841464031141,0.9733376511226253,0.09841348230838776
0.45586450960566227,0.9733376511226253,0.09843093901872635
0.4558875575104909,0.9733376511226253,0.0984671413898468
0.45591060774598036,0.9733376511226253,0.09849368780851364
0.4559336603124842,0.9733376511226253,0.09849796444177628
0.45595671521035597,0.9733376511226253,0.0985066369175911
0.455929203539823,0.9732297063903281,0.09850859642028809
0.4559522605441489,0.9732297063903281,0.09865070134401321
0.4559753198806453,0.9732297063903281,0.09868471324443817
0.4559983815496662,0.9732297063903281,0.09892648458480835
0.45602144555156543,0.9732297063903281,0.09892677515745163
0.45604451188669703,0.9732297063903281,0.09899546205997467
0.456067580555415,0.9732297063903281,0.0992756113409996
0.45609065155807366,0.9732297063903281,0.09929778426885605
0.45611372489502705,0.9732297063903281,0.0992991030216217
0.4561368005666296,0.9732297063903281,0.09949759393930435
0.45615987857323553,0.9732297063903281,0.09974756836891174
0.45618295891519933,0.9732297063903281,0.09977007657289505
0.4562060415928756,0.9732297063903281,0.10010714828968048
0.45622912660661874,0.9732297063903281,0.10021417587995529
0.45625221395678356,0.9732297063903281,0.10026677697896957
0.4562753036437247,0.9732297063903281,0.10029008984565735
0.45629839566779695,0.9732297063903281,0.10032202303409576
0.4563214900293552,0.9732297063903281,0.10060369223356247
0.4563445867287544,0.9732297063903281,0.1008092537522316
0.45631706823243573,0.9731217616580311,0.10081134736537933
0.4563401670463174,0.9731217616580311,0.1010584905743599
0.4563632681988458,0.9731217616580311,0.10143642127513885
0.45638637169037616,0.9731217616580311,0.10157839208841324
0.45640947752126365,0.9731217616580311,0.10158509761095047
0.4564325856918637,0.9731217616580311,0.10176073759794235
0.4564556962025316,0.9731217616580311,0.1018037423491478
0.456478809053623,0.9731217616580311,0.10216645151376724
0.45650192424549324,0.9731217616580311,0.1022527813911438
0.456525041778498,0.9731217616580311,0.10225847363471985
0.456548161652993,0.9731217616580311,0.10227005183696747
0.456571283869334,0.9731217616580311,0.10233810544013977
0.4565944084278768,0.9731217616580311,0.10236412286758423
0.45661753532897736,0.9731217616580311,0.10261089354753494
0.4566406645729916,0.9731217616580311,0.10265292227268219
0.4566637961602756,0.9731217616580311,0.10290130972862244
0.4566869300911854,0.9731217616580311,0.10297275334596634
0.4567100663660773,0.9731217616580311,0.10309018939733505
0.4567332049853075,0.9731217616580311,0.10323239862918854
0.4567563459492324,0.9731217616580311,0.10328242927789688
0.4567794892582083,0.9731217616580311,0.10397770255804062
0.45675196351659486,0.9730138169257341,0.10401584953069687
0.456775108949022,0.9730138169257341,0.10423088818788528
0.45679825672730956,0.9730138169257341,0.10428330302238464
0.4568214068518143,0.9730138169257341,0.10440163314342499
0.4567938776544524,0.9729058721934369,0.10442464798688889
0.45681702990369993,0.9729058721934369,0.10454671829938889
0.45684018449997466,0.9729058721934369,0.1045551523566246
0.45681265206812655,0.9727979274611399,0.10455761104822159
0.45678511684493334,0.9726899827288429,0.10465039312839508
0.4568082733448241,0.9726899827288429,0.10474419593811035
0.4567807351077313,0.9725820379965457,0.10482677817344666
0.4568038937335226,0.9725820379965457,0.10485675185918808
0.4568270547077017,0.9725820379965457,0.10486437380313873
0.4568502180306257,0.9725820379965457,0.10486956685781479
0.456873383702652,0.9725820379965457,0.10492206364870071
0.45689655172413796,0.9725820379965457,0.10494127869606018
0.45691972209544096,0.9725820379965457,0.10508576035499573
0.4569428948169186,0.9725820379965457,0.10531309247016907
0.45691535223411267,0.9724740932642487,0.10541073232889175
0.45693852708460136,0.9724740932642487,0.10543897747993469
0.45691098148617804,0.9723661485319517,0.10562516748905182
0.4569341584660647,0.9723661485319517,0.1057095006108284
0.4569066098513671,0.9722582037996546,0.10571514815092087
0.456929788961039,0.9722582037996546,0.10601294040679932
0.4569529704226067,0.9722582037996546,0.10626582056283951
0.45697615423642823,0.9722582037996546,0.10635069757699966
0.4569993404028616,0.9722582037996546,0.10638131946325302
0.4570225289222651,0.9722582037996546,0.1064254567027092
0.4570457197949967,0.9722582037996546,0.10646459460258484
0.4570689130214148,0.9722582037996546,0.10648346692323685
0.4570921086018777,0.9722582037996546,0.10650849342346191
0.4571153065367438,0.9722582037996546,0.10653145611286163
0.4570877531340405,0.9721502590673575,0.10673686116933823
0.45706019693432137,0.9720423143350605,0.10676687955856323
0.45708339678188925,0.9720423143350605,0.10693249851465225
0.45705583756345175,0.9719343696027634,0.10699133574962616
0.45710224388262766,0.9719343696027634,0.10700397938489914
0.4571254505762299,0.9719343696027634,0.10718261450529099
0.45714865962632006,0.9719343696027634,0.10731170326471329
0.4571718710332572,0.9719343696027634,0.10747003555297852
0.45719508479740023,0.9719343696027634,0.10747374594211578
0.4572183009191083,0.9719343696027634,0.10751228034496307
0.45719073735527116,0.9718264248704663,0.10759423673152924
0.45721395561424,0.9718264248704663,0.10763072967529297
0.45718638902996445,0.9717184801381693,0.10791914910078049
0.457131247460382,0.9715025906735751,0.10792332142591476
0.45715446741504545,0.9715025906735751,0.10854321718215942
0.45717768972874123,0.9715025906735751,0.10861717909574509
0.4572009144018288,0.9715025906735751,0.10874879360198975
0.4572241414346678,0.9715025906735751,0.10876437276601791
0.45719656556419247,0.9713946459412781,0.10879548639059067
0.45716898689157603,0.971286701208981,0.1088055670261383
0.45719221584269093,0.971286701208981,0.1088758334517479
0.45721544715447154,0.971286701208981,0.10893743485212326
0.4572386808272778,0.971286701208981,0.10900093615055084
0.45726191686146966,0.971286701208981,0.10900528728961945
0.45728515525740715,0.971286701208981,0.10917578637599945
0.45725757267737344,0.971178756476684,0.10937921702861786
0.4572808132147395,0.971178756476684,0.10941579937934875
0.4573040561146691,0.971178756476684,0.10949699580669403
0.4573273013775225,0.971178756476684,0.1096026822924614
0.45735054900366,0.971178756476684,0.10967470705509186
0.4573737989934421,0.971178756476684,0.10967585444450378
0.4573970513472293,0.971178756476684,0.1097295954823494
0.4574203060653821,0.971178756476684,0.10993680357933044
0.4573927191376856,0.9710708117443869,0.11022141575813293
0.4574159760004068,0.9710708117443869,0.11031191796064377
0.4574392352283128,0.9710708117443869,0.11065405607223511
0.45746249682176454,0.9710708117443869,0.11077221482992172
0.45748576078112285,0.9710708117443869,0.11092936247587204
0.45750902710674873,0.9710708117443869,0.1110328808426857
0.4575322957990032,0.9710708117443869,0.11104458570480347
0.4575555668582473,0.9710708117443869,0.11105229705572128
0.4575788402848423,0.9710708117443869,0.11106047034263611
0.4576021160791495,0.9710708117443869,0.1112024113535881
0.45762539424153015,0.9710708117443869,0.11128611862659454
0.4576486747723457,0.9710708117443869,0.11131342500448227
0.4576719576719577,0.9710708117443869,0.1113852933049202
0.45769524294072755,0.9710708117443869,0.11223933100700378
0.4577418205871877,0.9710708117443869,0.11226961761713028
0.45776511296560146,0.9710708117443869,0.11242974549531937
0.4577884077146201,0.9710708117443869,0.11255121976137161
0.4578117048346056,0.9710708117443869,0.11267053335905075
0.4578350043259199,0.9710708117443869,0.11306342482566833
0.4578583061889251,0.9710708117443869,0.11313696205615997
0.4578816104239833,0.9710708117443869,0.11323384940624237
0.4579049170314568,0.9710708117443869,0.11325352638959885
0.4579282260117078,0.9710708117443869,0.11352607607841492
0.45784543325526933,0.9707469775474957,0.11355141550302505
0.4578687439539738,0.9707469775474957,0.11370103806257248
0.45789205702647656,0.9707469775474957,0.11417700350284576
0.4578644533835735,0.9706390328151986,0.11424228549003601
0.4578877686118749,0.9706390328151986,0.11477523297071457
0.4579110862147986,0.9706390328151986,0.11478015780448914
0.45793440619270726,0.9706390328151986,0.11481625586748123
0.45795772854596384,0.9706390328151986,0.11494635045528412
0.4579810532749312,0.9706390328151986,0.11496670544147491
0.4580043803799725,0.9706390328151986,0.11500582844018936
0.4580277098614507,0.9706390328151986,0.11517874151468277
0.458051041719729,0.9706390328151986,0.11521118879318237
0.45807437595517064,0.9706390328151986,0.11527424305677414
0.45809771256813897,0.9706390328151986,0.11527819186449051
0.45812105155899735,0.9706390328151986,0.11531250178813934
0.4580934427064758,0.9705310880829016,0.11531693488359451
0.45811678385814736,0.9705310880829016,0.11533311009407043
0.45814012738853505,0.9705310880829016,0.11534316837787628
0.45811251528740315,0.9704231433506045,0.11546436697244644
0.45813586097946285,0.9704231433506045,0.11547724902629852
0.4581592090510651,0.9704231433506045,0.11552921682596207
0.4581315937006269,0.9703151986183074,0.1156729906797409
0.4581549439347605,0.9703151986183074,0.1157098188996315
0.45817829654926345,0.9703151986183074,0.11586516350507736
0.45820165154449993,0.9703151986183074,0.1159362867474556
0.45822500892083395,0.9703151986183074,0.11610037833452225
0.45824836867862967,0.9703151986183074,0.11657319217920303
0.45827173081825134,0.9703151986183074,0.11660896241664886
0.45829509534006324,0.9703151986183074,0.11666186898946762
0.45831846224442974,0.9703151986183074,0.11691442131996155
0.45834183153171526,0.9703151986183074,0.11694111675024033
0.4583652032022844,0.9703151986183074,0.11707624793052673
0.4583885772565018,0.9703151986183074,0.11713215708732605
0.45841195369473203,0.9703151986183074,0.11740689724683762
0.4583843329253366,0.9702072538860104,0.11779550462961197
0.4584077115315959,0.9702072538860104,0.11786655336618423
0.45843109252269715,0.9702072538860104,0.11788813024759293
0.45845447589900534,0.9702072538860104,0.11794591695070267
0.45847786166088556,0.9702072538860104,0.11806824058294296
0.45850124980870277,0.9702072538860104,0.11813350021839142
0.45852464034282214,0.9702072538860104,0.11813444644212723
0.458548033263609,0.9702072538860104,0.11881262063980103
0.4585714285714286,0.9702072538860104,0.11904216557741165
0.4585438032552681,0.9700993091537133,0.11917445808649063
0.45856720073476887,0.9700993091537133,0.11925535649061203
0.45859060060213297,0.9700993091537133,0.11940658837556839
0.4586140028577261,0.9700993091537133,0.11966406553983688
0.45863740750191373,0.9700993091537133,0.11975926905870438
0.45860977850362356,0.9699913644214162,0.1199694275856018
0.4586331853212882,0.9699913644214162,0.12003452330827713
0.4586565945283789,0.9699913644214162,0.12048627436161041
0.4586800061252616,0.9699913644214162,0.12053192406892776
0.45865237366003064,0.9698834196891192,0.12083230912685394
0.4586757874317219,0.9698834196891192,0.12093137204647064
0.4586481519297529,0.9697754749568221,0.12100116163492203
0.45867156787665286,0.9697754749568221,0.12117292732000351
0.4586162879754914,0.969559585492228,0.12117789685726166
0.4586397058823529,0.969559585492228,0.12123876065015793
0.4586631261808712,0.969559585492228,0.12138047814369202
0.4586865488714125,0.969559585492228,0.12155835330486298
0.4587099739543435,0.969559585492228,0.12169574201107025
0.45873340143003066,0.969559585492228,0.12186580151319504
0.4587568312988406,0.969559585492228,0.12193362414836884
0.45878026356114004,0.969559585492228,0.12202534824609756
0.45880369821729583,0.969559585492228,0.12206704914569855
0.4588271352676747,0.969559585492228,0.12226933985948563
0.4588505747126437,0.969559585492228,0.12249302119016647
0.4588740165525697,0.969559585492228,0.12256836146116257
0.4588463699994891,0.969451640759931,0.12287083268165588
0.45886981402002863,0.969451640759931,0.12293703854084015
0.4588932604363599,0.969451640759931,0.1230672150850296
0.4589167092488503,0.969451640759931,0.12329278141260147
0.458940160457867,0.969451640759931,0.1235186755657196
0.4589636140637776,0.969451640759931,0.12354673445224762
0.45898707006694944,0.969451640759931,0.12414492666721344
0.4590105284677502,0.969451640759931,0.12417842447757721
0.4590339892665474,0.969451640759931,0.1242259219288826
0.4590574524637088,0.969451640759931,0.12430372089147568
0.4590809180596023,0.969451640759931,0.12436378747224808
0.45910438605459564,0.969451640759931,0.12438102811574936
0.4591278564490568,0.969451640759931,0.12456496059894562
0.4591513292433538,0.969451640759931,0.12497109919786453
0.4591748044378547,0.969451640759931,0.1250099241733551
0.45919828203292773,0.969451640759931,0.1251758635044098
0.45922176202894105,0.969451640759931,0.12526647746562958
0.459245244426263,0.969451640759931,0.1253175288438797
0.4592687292252621,0.969451640759931,0.12555894255638123
0.45929221642630663,0.969451640759931,0.12562797963619232
0.45931570602976524,0.969451640759931,0.12615826725959778
0.45933919803600654,0.969451640759931,0.12616948783397675
0.45936269244539923,0.969451640759931,0.12621167302131653
0.45938618925831204,0.969451640759931,0.1262541115283966
0.4594096884751138,0.969451640759931,0.12626171112060547
0.4594331900961735,0.969451640759931,0.12638361752033234
0.45945669412186013,0.969451640759931,0.1263916790485382
0.45948020055254274,0.969451640759931,0.12652504444122314
0.4595037093885904,0.969451640759931,0.1266321986913681
0.4595272206303725,0.969451640759931,0.12696103751659393
0.4595507342782582,0.969451640759931,0.12708939611911774
0.45957425033261695,0.969451640759931,0.12716922163963318
0.45959776879381814,0.969451640759931,0.1272730976343155
0.4596212896622313,0.969451640759931,0.12729038298130035
0.4596448129382261,0.969451640759931,0.1275099366903305
0.45966833862217216,0.969451640759931,0.1276775449514389
0.4596918667144393,0.969451640759931,0.12781381607055664
0.4597153972153972,0.969451640759931,0.12789808213710785
0.45973893012541595,0.969451640759931,0.12809477746486664
0.4597624654448654,0.969451640759931,0.12811626493930817
0.4597860031741156,0.969451640759931,0.12812598049640656
0.45980954331353674,0.969451640759931,0.12838239967823029
0.4597818852081307,0.9693436960276338,0.1285828799009323
0.45980542754736303,0.9693436960276338,0.12874382734298706
0.4597777663986891,0.9692357512953368,0.12893886864185333
0.4598248578890767,0.9692357512953368,0.12905706465244293
0.4598484072518693,0.9692357512953368,0.1291128396987915
0.4598719590268886,0.9692357512953368,0.12955835461616516
0.4598955132145052,0.9692357512953368,0.12975771725177765
0.4599190698150899,0.9692357512953368,0.12978072464466095
0.45994262882901343,0.9692357512953368,0.12988221645355225
0.4599661902566467,0.9692357512953368,0.13013696670532227
0.4599897540983607,0.9692357512953368,0.1301449090242386
0.46001332035452636,0.9692357512953368,0.1301877796649933
0.46003688902551493,0.9692357512953368,0.13025283813476562
0.4600604601116975,0.9692357512953368,0.13036105036735535
0.46008403361344535,0.9692357512953368,0.1305037885904312
0.4601076095311299,0.9692357512953368,0.13068482279777527
0.46013118786512247,0.9692357512953368,0.13081689178943634
0.4601547686157946,0.9692357512953368,0.13101458549499512
0.46017835178351785,0.9692357512953368,0.1313430368900299
0.4602019373686638,0.9692357512953368,0.131417915225029
0.4602255253716043,0.9692357512953368,0.13149359822273254
0.46024911579271105,0.9692357512953368,0.13171273469924927
0.460272708632356,0.9692357512953368,0.13214333355426788
0.46024504024196444,0.9691278065630398,0.13225619494915009
0.46026863529170514,0.9691278065630398,0.1326589286327362
0.46029223276083053,0.9691278065630398,0.13271193206310272
0.4603158326497129,0.9691278065630398,0.13275586068630219
0.4603394349587243,0.9691278065630398,0.13299567997455597
0.4603117628961132,0.9690198618307426,0.1330566108226776
0.46033536741705555,0.9690198618307426,0.1332605481147766
0.4603589743589744,0.9690198618307426,0.13326899707317352
0.46038258372224217,0.9690198618307426,0.13342687487602234
0.4604061955072315,0.9690198618307426,0.13364765048027039
0.460429809714315,0.9690198618307426,0.13382360339164734
0.4603744549884586,0.9688039723661486,0.13398490846157074
0.460346773366164,0.9686960276338514,0.13403262197971344
0.46037038937054325,0.9686960276338514,0.13404251635074615
0.460394007798071,0.9686960276338514,0.134168341755867
0.4604176286491201,0.9686960276338514,0.13430023193359375
0.4604412519240636,0.9686960276338514,0.13437330722808838
0.46046487762327465,0.9686960276338514,0.1347472369670868
0.46048850574712646,0.9686960276338514,0.13480573892593384
0.4605121362959922,0.9686960276338514,0.13483399152755737
0.4605357692702453,0.9686960276338514,0.13497982919216156
0.4605594046702592,0.9686960276338514,0.13519969582557678
0.46053171833299117,0.9685880829015544,0.1354004144668579
0.46055535595134217,0.9685880829015544,0.13563114404678345
0.4605789959963043,0.9685880829015544,0.13566336035728455
0.4606026384682511,0.9685880829015544,0.13569799065589905
0.46062628336755645,0.9685880829015544,0.1358558088541031
0.4606499306945942,0.9685880829015544,0.13607750833034515
0.46067358044973816,0.9685880829015544,0.13613981008529663
0.46064589002413103,0.9684801381692574,0.13643142580986023
0.46066954200041077,0.9684801381692574,0.13643771409988403
0.46069319640564826,0.9684801381692574,0.13664685189723969
0.4607168532402177,0.9684801381692574,0.13666768372058868
0.4607405125044934,0.9684801381692574,0.13689425587654114
0.46076417419884963,0.9684801381692574,0.13690704107284546
0.4607878383236608,0.9684801381692574,0.1370624303817749
0.4608115048793015,0.9684801381692574,0.137162446975708
0.4607838101597411,0.9683721934369602,0.1372678279876709
0.4608074789397986,0.9683721934369602,0.13755227625370026
0.4608311501515385,0.9683721934369602,0.13758251070976257
0.46077575134857435,0.9681563039723662,0.13812781870365143
0.4607994245787094,0.9681563039723662,0.13837598264217377
0.4608231002414838,0.9681563039723662,0.13840457797050476
0.4608467783372726,0.9681563039723662,0.1384771317243576
0.46081907404552697,0.968048359240069,0.13872094452381134
0.4608427543679342,0.968048359240069,0.13905757665634155
0.4608664371242099,0.968048359240069,0.1392804980278015
0.46089012231472914,0.968048359240069,0.1393612027168274
0.4609138099398674,0.968048359240069,0.13944211602210999
0.4609375,0.968048359240069,0.13959947228431702
0.46090979182729375,0.967940414507772,0.13965152204036713
0.4609334841163771,0.967940414507772,0.14022310078144073
0.4609571788413098,0.967940414507772,0.1403629034757614
0.4609808760024676,0.967940414507772,0.14056289196014404
0.46100457560022623,0.967940414507772,0.14075824618339539
0.46102827763496146,0.967940414507772,0.14089256525039673
0.46105198210704923,0.967940414507772,0.14110150933265686
0.46107568901686546,0.967940414507772,0.1415814757347107
0.4610479765516532,0.967832469775475,0.1419754922389984
0.4610716856937159,0.967832469775475,0.14205308258533478
0.4610953972743636,0.967832469775475,0.14217281341552734
0.4610676815470068,0.9677245250431779,0.14224456250667572
0.46109139536079824,0.9677245250431779,0.1425546258687973
0.46111511161403146,0.9677245250431779,0.14278531074523926
0.46108739262383625,0.9676165803108808,0.1428268849849701
0.46111111111111114,0.9676165803108808,0.14292454719543457
0.4611348320386851,0.9676165803108808,0.1429610550403595
0.46115855540693484,0.9676165803108808,0.1429954469203949
0.46118228121623706,0.9676165803108808,0.14309586584568024
0.4612060094669685,0.9676165803108808,0.1433582305908203
0.461229740159506,0.9676165803108808,0.14356346428394318
0.4612534732942266,0.9676165803108808,0.14363381266593933
0.46127720887150725,0.9676165803108808,0.14395378530025482
0.46124948538493205,0.9675086355785838,0.1445053368806839
0.46127322320004116,0.9675086355785838,0.14481620490550995
0.46124549665465775,0.9674006908462867,0.1449328362941742
0.4612692367080138,0.9674006908462867,0.1450892686843872
0.46129297920527074,0.9674006908462867,0.14516036212444305
0.46131672414680597,0.9674006908462867,0.1456155627965927
0.461340471532997,0.9674006908462867,0.1458047330379486
0.46136422136422134,0.9674006908462867,0.14593413472175598
0.4613364909390445,0.9672927461139896,0.14606492221355438
0.46130875765844614,0.9671848013816926,0.1462526023387909
0.4613325095252806,0.9671848013816926,0.14641137421131134
0.4613562638381134,0.9671848013816926,0.14646117389202118
0.46138002059732236,0.9671848013816926,0.14654909074306488
0.46142754145638065,0.9671848013816926,0.14665928483009338
0.46145130555698616,0.9671848013816926,0.14679239690303802
0.46147507210548,0.9671848013816926,0.14688609540462494
0.46149884110224054,0.9671848013816926,0.14703448116779327
0.46152261254764604,0.9671848013816926,0.14716485142707825
0.4615463864420749,0.9671848013816926,0.14729689061641693
0.461518648258809,0.9670768566493955,0.14766690135002136
0.46154242439853693,0.9670768566493955,0.14779862761497498
0.46156620298815043,0.9670768566493955,0.1480369120836258
0.46153846153846156,0.9669689119170984,0.14829519391059875
0.4615622423742787,0.9669689119170984,0.14835073053836823
0.461586025660844,0.9669689119170984,0.14853115379810333
0.4616098113985365,0.9669689119170984,0.14871056377887726
0.46163359958773514,0.9669689119170984,0.1487937718629837
0.4616573902288188,0.9669689119170984,0.148836150765419
0.4616811833221667,0.9669689119170984,0.14921459555625916
0.4617049788681579,0.9669689119170984,0.14973220229148865
0.4617287768671718,0.9669689119170984,0.14988891780376434
0.46170103092783504,0.9668609671848014,0.15032607316970825
0.4617248311768648,0.9668609671848014,0.15037605166435242
0.46174863387978143,0.9668609671848014,0.15044519305229187
0.4617208846728876,0.9667530224525043,0.15055018663406372
0.46174468962672716,0.9667530224525043,0.1508115828037262
0.46176849703531836,0.9667530224525043,0.15085262060165405
0.4617407445601732,0.9666450777202072,0.15086901187896729
0.5002246938546231,0.9612478411053541,0.15088465809822083
0.5002527947868097,0.9612478411053541,0.15091349184513092
0.5002808988764045,0.9612478411053541,0.15124434232711792
0.5003090061239396,0.9612478411053541,0.15149134397506714
0.5003371165299472,0.9612478411053541,0.1520262211561203
0.5003652300949598,0.9612478411053541,0.15206177532672882
0.5027664859981933,0.9612478411053541,0.15209972858428955
0.5027948732426176,0.9612478411053541,0.15214455127716064
0.5058255186132424,0.9607081174438687,0.1521584838628769
0.5058542685006252,0.9607081174438687,0.1522274911403656
0.5058830216563406,0.9607081174438687,0.1522406041622162
0.5059117780809459,0.9607081174438687,0.15227322280406952
0.5058836905235632,0.9606001727115717,0.1523493230342865
0.5058555997725981,0.9604922279792746,0.1523580700159073
0.5066909629292181,0.9604922279792746,0.15247343480587006
0.5067198177676537,0.9604922279792746,0.15251684188842773
0.5067486758927046,0.9604922279792746,0.15256741642951965
0.5067775373049322,0.9604922279792746,0.15267667174339294
0.5068064020048983,0.9604922279792746,0.15334556996822357
0.5068352699931647,0.9604922279792746,0.15349574387073517
0.5068641412702933,0.9604922279792746,0.15356047451496124
0.5069218936933857,0.9604922279792746,0.1536439210176468
0.5070952299538383,0.9604922279792746,0.15398134291172028
0.5071241308560356,0.9604922279792746,0.15431314706802368
0.5070960387574808,0.9603842832469776,0.1544581651687622
0.507124943000456,0.9603842832469776,0.154476135969162
0.5071538505386763,0.9603842832469776,0.1545625478029251
0.5071827613727055,0.9603842832469776,0.154739648103714
0.507211675503107,0.9603842832469776,0.1548008769750595
0.5072405929304447,0.9603842832469776,0.1548561453819275
0.5072695136552825,0.9603842832469776,0.15492935478687286
0.5072414186338237,0.9602763385146805,0.15495142340660095
0.5072703427039973,0.9602763385146805,0.15496551990509033
0.5072992700729927,0.9602763385146805,0.15552552044391632
0.5076756263196941,0.9602763385146805,0.15581247210502625
0.5077045999315146,0.9602763385146805,0.15585751831531525
0.509606010208178,0.9591968911917098,0.1559588462114334
0.5096352374397798,0.9591968911917098,0.15624473989009857
0.5097229392531406,0.9591968911917098,0.1562657207250595
0.5097521798990362,0.9591968911917098,0.15655669569969177
0.5097814238999484,0.9591968911917098,0.15659256279468536
0.510484287930143,0.9591968911917098,0.15704023838043213
0.5105136159944846,0.9591968911917098,0.1570410579442978
0.5105429474288997,0.9591968911917098,0.1570824235677719
0.5105722822339692,0.9591968911917098,0.15738670527935028
0.5113093525179856,0.9589810017271158,0.15749329328536987
0.5113387820881777,0.9589810017271158,0.15753968060016632
0.5113682150463362,0.9589810017271158,0.15769341588020325
0.5113976513930463,0.9589810017271158,0.15770623087882996
0.511427091128893,0.9589810017271158,0.15779687464237213
0.5114565342544617,0.9589810017271158,0.15799520909786224
0.5118814165417003,0.9580094991364422,0.1582174152135849
0.5118532618100017,0.957901554404145,0.15836559236049652
0.5119123161234497,0.957901554404145,0.15839380025863647
0.5119418483904465,0.957901554404145,0.1584361046552658
0.5267438409023449,0.957793609671848,0.15844641625881195
0.52677511279981,0.957793609671848,0.15845414996147156
0.5268063884106157,0.957793609671848,0.15858194231987
0.5268376677354234,0.957793609671848,0.15862134099006653
0.5268689507748946,0.957793609671848,0.1588461697101593
0.5273386425769642,0.957793609671848,0.1593717336654663
0.5273105497771173,0.957685664939551,0.1596774309873581
0.5273418925344746,0.957685664939551,0.15972253680229187
0.527373239018011,0.957685664939551,0.15991944074630737
0.5275613962062199,0.957685664939551,0.15998578071594238
0.5282210050011907,0.957685664939551,0.1600901037454605
0.5282839109205669,0.957685664939551,0.16017644107341766
0.5285356844989872,0.957685664939551,0.16019034385681152
0.5285671730711945,0.957685664939551,0.160206601023674
0.5285986653956148,0.957685664939551,0.16033853590488434
0.5286301614729191,0.957685664939551,0.16039909422397614
0.5286616613037779,0.957685664939551,0.160467728972435
0.5294117647058824,0.9569300518134715,0.16051004827022552
0.5293836598184424,0.9568221070811744,0.16062620282173157
0.529355551573792,0.9567141623488774,0.16080406308174133
0.5293871699916378,0.9567141623488774,0.1608763486146927
0.5294187921868466,0.9567141623488774,0.16090114414691925
0.5294504181600955,0.9567141623488774,0.1613684594631195
0.5294820479120617,0.9567141623488774,0.16137723624706268
0.5296402533763596,0.9567141623488774,0.16155409812927246
0.5296719058148569,0.9567141623488774,0.16156736016273499
0.5297668858338315,0.9567141623488774,0.16173429787158966
0.530154361613019,0.9564982728842832,0.16193389892578125
0.5301860826901215,0.9564982728842832,0.1619938462972641
0.5301579703207276,0.9563903281519862,0.16203345358371735
0.530380125710865,0.9563903281519862,0.16207541525363922
0.530411877394636,0.9563903281519862,0.16218435764312744
0.5304436328803209,0.9563903281519862,0.16247107088565826
0.530415519099509,0.9562823834196891,0.16282285749912262
0.5304472786060714,0.9562823834196891,0.16300801932811737
0.5304790419161677,0.9562823834196891,0.16300919651985168
0.5305108090304809,0.9562823834196891,0.16310752928256989
0.5305743546744924,0.9562823834196891,0.1631464660167694
0.5306061332055583,0.9562823834196891,0.1631740778684616
0.5306379155435759,0.9562823834196891,0.1631954312324524
0.5306697016892297,0.9562823834196891,0.16336578130722046
0.5307014916432038,0.9562823834196891,0.16341175138950348
0.5307332854061826,0.9562823834196891,0.16350491344928741
0.5308286895559949,0.9562823834196891,0.16355423629283905
0.5308604985618408,0.9562823834196891,0.16375361382961273
0.5327159008900649,0.956174438687392,0.16378691792488098
0.5328440808469682,0.956174438687392,0.16380062699317932
0.5328761354749444,0.956174438687392,0.16381627321243286
0.5329081939598123,0.956174438687392,0.16391882300376892
0.5329723225030084,0.956174438687392,0.1640474945306778
0.5331085961955213,0.9559585492227979,0.16412000358104706
0.5331406899042803,0.9559585492227979,0.1643456369638443
0.5331727874774232,0.9559585492227979,0.1643911451101303
0.5345243843553839,0.9559585492227979,0.16457876563072205
0.5345566487595823,0.9559585492227979,0.16466686129570007
0.5345889170590366,0.9559585492227979,0.1647610068321228
0.5345930934556871,0.9558506044905009,0.16481365263462067
0.534625369800157,0.9558506044905009,0.16494128108024597
0.5346899341827185,0.9558506044905009,0.1650860458612442
0.5347222222222222,0.9558506044905009,0.165150448679924
0.534819109742103,0.9558506044905009,0.1652667224407196
0.5348514133848756,0.9558506044905009,0.1653241515159607
0.5348837209302325,0.9558506044905009,0.16534508764743805
0.5351099830795262,0.9558506044905009,0.16540180146694183
0.535142321871034,0.9558506044905009,0.16541212797164917
0.5351746645714976,0.9558506044905009,0.1655115783214569
0.5352393617021277,0.9558506044905009,0.1656392216682434
0.5352717161337122,0.9558506044905009,0.16564124822616577
0.5353688029020556,0.9558506044905009,0.16566182672977448
0.536394516559505,0.9545552677029361,0.16584992408752441
0.5364595971851492,0.9545552677029361,0.16591927409172058
0.5364921434204939,0.9545552677029361,0.16595163941383362
0.536524693605145,0.9545552677029361,0.1660383939743042
0.536496571809963,0.9544473229706391,0.16605010628700256
0.5365291262135923,0.9544473229706391,0.16619354486465454
0.5365616845682384,0.9544473229706391,0.1662350445985794
0.5367245356319048,0.9544473229706391,0.16627538204193115
0.5367571177077642,0.9544473229706391,0.16642336547374725
0.5367897037396795,0.9544473229706391,0.16645276546478271
0.5368222937283711,0.9544473229706391,0.166484072804451
0.5370179167931977,0.9544473229706391,0.16648931801319122
0.5370505344995141,0.9544473229706391,0.16675278544425964
0.5370224138978315,0.9543393782383419,0.1667630970478058
0.5377410133203576,0.9543393782383419,0.16684012115001678
0.5378064359145933,0.9543393782383419,0.16713856160640717
0.5378391531816523,0.9543393782383419,0.16726812720298767
0.5379092126080078,0.9542314335060449,0.16748541593551636
0.5379419460840991,0.9542314335060449,0.16756267845630646
0.5379138266796495,0.9541234887737479,0.16760440170764923
0.5379465644209117,0.9541234887737479,0.16771982610225677
0.5379793061472915,0.9541234887737479,0.16822072863578796
0.5380120518595167,0.9541234887737479,0.16834671795368195
0.538044801558315,0.9541234887737479,0.16836503148078918
0.5380166798563341,0.9540155440414507,0.1685880422592163
0.5380494338244247,0.9540155440414507,0.1686854213476181
0.5382132635040497,0.9540155440414507,0.16882815957069397
0.5383443990984954,0.9540155440414507,0.16907626390457153
0.5383771929824561,0.9540155440414507,0.16910530626773834
0.5384099908620165,0.9540155440414507,0.1691174954175949
0.5383537439834277,0.9537996545768567,0.16918912529945374
0.5383865464294418,0.9537996545768567,0.16927140951156616
0.538419352873073,0.9537996545768567,0.1694471687078476
0.5384521633150517,0.9537996545768567,0.1695638746023178
0.5386491099731773,0.9537996545768567,0.16975615918636322
0.5386819484240688,0.9537996545768567,0.16986823081970215
0.5389776747590582,0.9537996545768567,0.1699025183916092
0.5390105532849387,0.9537996545768567,0.16994139552116394
0.5390434358223524,0.9537996545768567,0.16999173164367676
0.5391750061020258,0.9537996545768567,0.16999748349189758
0.5391468847256972,0.9536917098445595,0.1700383424758911
0.5392126945376869,0.9536917098445595,0.1701708287000656
0.53924560546875,0.9536917098445595,0.17020545899868011
0.5392785204175059,0.9536917098445595,0.1702796071767807
0.5393114393846905,0.9536917098445595,0.17037338018417358
0.5393443623710397,0.9536917098445595,0.17055761814117432
0.5393772893772893,0.9536917098445595,0.1705675572156906
0.5401027020418144,0.9536917098445595,0.17069938778877258
0.5401357217093599,0.9536917098445595,0.17070718109607697
0.5401687454145268,0.9536917098445595,0.17082245647907257
0.5402348049406873,0.9536917098445595,0.17089729011058807
0.5402678407631627,0.9536917098445595,0.17104093730449677
0.5403339245306098,0.9536917098445595,0.1711626946926117
0.5403058103975535,0.9535837651122625,0.1712607890367508
0.5403719109371177,0.9535837651122625,0.17143309116363525
0.5404710920770878,0.9535837651122625,0.17144526541233063
0.5405041605482134,0.9535837651122625,0.1715342402458191
0.5405372330661445,0.9535837651122625,0.17154574394226074
0.540570309631624,0.9535837651122625,0.17155684530735016
0.540603390245395,0.9535837651122625,0.17157767713069916
0.5409344192027432,0.9535837651122625,0.17182211577892303
0.5409675443968157,0.9535837651122625,0.17183083295822144
0.5410006736481108,0.9535837651122625,0.17183300852775574
0.5410338069573738,0.9535837651122625,0.1718606799840927
0.5410669443253506,0.9535837651122625,0.17221161723136902
0.5411332312404288,0.9535837651122625,0.17225170135498047
0.5411663807890223,0.9535837651122625,0.17232449352741241
0.5411995343993139,0.9535837651122625,0.17241767048835754
0.5412658538079774,0.9535837651122625,0.17250630259513855
0.5412990196078431,0.9535837651122625,0.17259523272514343
0.5413321894723941,0.9535837651122625,0.17267367243766785
0.5414317234616327,0.9535837651122625,0.1726839393377304
0.5414036163040147,0.9534758203799655,0.17276708781719208
0.5414368027461076,0.9534758203799655,0.17285317182540894
0.5414699932569117,0.9534758203799655,0.172854945063591
0.5415031878371751,0.9534758203799655,0.1729668378829956
0.5415695892090742,0.9534758203799655,0.1730131208896637
0.5416027960022074,0.9534758203799655,0.17310193181037903
0.5416360068677949,0.9534758203799655,0.17316575348377228
0.5417024408193303,0.9534758203799655,0.173182412981987
0.5417356639067771,0.9534758203799655,0.17324650287628174
0.5417688910696762,0.9534758203799655,0.1735040694475174
0.5417407839048028,0.9533678756476683,0.17355814576148987
0.541774015458226,0.9533678756476683,0.1737430840730667
0.5418072510888903,0.9533678756476683,0.17381899058818817
0.5419069824518346,0.9533678756476683,0.17401739954948425
0.5425394680262915,0.9533678756476683,0.1740444153547287
0.5425727976409879,0.9533678756476683,0.17407627403736115
0.542606131350986,0.9533678756476683,0.1741010844707489
0.5426394691570411,0.9533678756476683,0.17429235577583313
0.5426728110599078,0.9533678756476683,0.17431722581386566
0.5427061570603416,0.9533678756476683,0.1745724380016327
0.5427395071590979,0.9533678756476683,0.17458383738994598
0.5427728613569321,0.9533678756476683,0.1745910793542862
0.542839582052858,0.9533678756476683,0.17459148168563843
0.542811481959555,0.9532599309153713,0.17461015284061432
0.5428448487828866,0.9532599309153713,0.1746101677417755
0.5428782197086125,0.9532599309153713,0.1748867779970169
0.5429115947374893,0.9532599309153713,0.1750868856906891
0.5428834921610821,0.9531519861830743,0.1750888228416443
0.5428553861288736,0.9530440414507773,0.17511454224586487
0.5428887659103486,0.9530440414507773,0.17514492571353912
0.542922149797073,0.9530440414507773,0.1751771718263626
0.5429889298892989,0.9530440414507773,0.175215944647789
0.5430557264116127,0.9530440414507773,0.17548775672912598
0.5430891308359476,0.9530440414507773,0.17568109929561615
0.5431225393700787,0.9530440414507773,0.17568764090538025
0.5431559520147647,0.9530440414507773,0.1758842021226883
0.5431893687707641,0.9530440414507773,0.1758979707956314
0.5432227896388359,0.9530440414507773,0.17590634524822235
0.5433230769230769,0.9530440414507773,0.17596718668937683
0.5433565142470306,0.9530440414507773,0.1759777069091797
0.5433899556868538,0.9530440414507773,0.1760011464357376
0.5433618514187235,0.9529360967184801,0.17619441449642181
0.5433337436907546,0.9528281519861831,0.1763419657945633
0.543367189904586,0.9528281519861831,0.17639514803886414
0.543400640236395,0.9528281519861831,0.17642958462238312
0.543467553256988,0.9528281519861831,0.1764635592699051
0.543439443384028,0.9527202072538861,0.17647825181484222
0.5434729064039409,0.9527202072538861,0.17660468816757202
0.5435063735451691,0.9527202072538861,0.17669859528541565
0.5434782608695652,0.9526122625215889,0.17678317427635193
0.5438520801232666,0.9525043177892919,0.1768827885389328
0.5439526568857108,0.9525043177892919,0.17700430750846863
0.5439861907403982,0.9525043177892919,0.17709405720233917
0.5439580764488287,0.9523963730569949,0.17709508538246155
0.5440587038293149,0.9523963730569949,0.1771334409713745
0.5440922545633942,0.9523963730569949,0.1771555095911026
0.5441258094357077,0.9523963730569949,0.1772434264421463
0.5441929315981003,0.9523963730569949,0.17728950083255768
0.5442264988897113,0.9523963730569949,0.17736993730068207
0.5442936458975941,0.9523963730569949,0.17747877538204193
0.5443272256153988,0.9523963730569949,0.17782238125801086
0.5443608094768015,0.9523963730569949,0.17831379175186157
0.5443943974825692,0.9523963730569949,0.17842867970466614
0.5444279896334691,0.9523963730569949,0.17845498025417328
0.5443717600592446,0.9521804835924007,0.17862503230571747
0.5444053570326483,0.9521804835924007,0.1787363439798355
0.544472563422011,0.9521804835924007,0.1788184493780136
0.5445061728395062,0.9521804835924007,0.17883679270744324
0.5445397864065683,0.9521804835924007,0.17888402938842773
0.5446406520128427,0.9521804835924007,0.17900072038173676
0.5446742821858598,0.9521804835924007,0.179276242852211
0.5447415549928981,0.9521804835924007,0.17932885885238647
0.5447751976284585,0.9521804835924007,0.17939625680446625
0.5449098097356067,0.9521804835924007,0.1795784831047058
0.5448816951874962,0.9520725388601037,0.17977182567119598
0.5449153589521809,0.9520725388601037,0.1800900101661682
0.5449826989619377,0.9520725388601037,0.18014423549175262
0.5450500556173526,0.9520725388601037,0.18027018010616302
0.5450837401891107,0.9520725388601037,0.18043255805969238
0.5451174289245982,0.9520725388601037,0.18046487867832184
0.5451511218245875,0.9520725388601037,0.18054687976837158
0.5451848188898504,0.9520725388601037,0.18065997958183289
0.5452185201211597,0.9520725388601037,0.18068279325962067
0.5452522255192879,0.9520725388601037,0.1807153970003128
0.5452859350850078,0.9520725388601037,0.1811537742614746
0.5453196488190923,0.9520725388601037,0.18122966587543488
0.5453533667223149,0.9520725388601037,0.18157276511192322
0.545387088795449,0.9520725388601037,0.18178720772266388
0.5454208150392679,0.9520725388601037,0.18193268775939941
0.5454545454545454,0.9520725388601037,0.18196864426136017
0.5454882800420557,0.9520725388601037,0.1820702850818634
0.5454601682335477,0.9519645941278065,0.18220455944538116
0.5454939073421167,0.9519645941278065,0.18226078152656555
0.545527650624768,0.9519645941278065,0.182329460978508
0.5455613980822765,0.9519645941278065,0.18248344957828522
0.5457977472459463,0.9519645941278065,0.18262025713920593
0.5458315281302222,0.9519645941278065,0.1827651411294937
0.5458653131963357,0.9519645941278065,0.18297474086284637
0.5458991024450635,0.9519645941278065,0.18315169215202332
0.5458709917048409,0.9518566493955095,0.18315735459327698
0.5460061919504644,0.9518566493955095,0.18316739797592163
0.5460400024769335,0.9518566493955095,0.1834125965833664
0.5460738171909834,0.9518566493955095,0.18362358212471008
0.546107636093392,0.9518566493955095,0.18363891541957855
0.5462767934580597,0.9518566493955095,0.18423892557621002
0.5463444857496902,0.9518566493955095,0.1844303458929062
0.5463783381870004,0.9518566493955095,0.18449482321739197
0.5463502292725245,0.9517487046632125,0.18455998599529266
0.5463221168742641,0.9516407599309153,0.18459036946296692
0.5463559742191373,0.9516407599309153,0.18462978303432465
0.5463898357607685,0.9516407599309153,0.18473723530769348
0.5463617205900583,0.9515328151986183,0.18479351699352264
0.5463955866856753,0.9515328151986183,0.18486692011356354
0.5464294569799157,0.9515328151986183,0.1852295994758606
0.5464633314735602,0.9515328151986183,0.18545842170715332
0.54649721016739,0.9515328151986183,0.1855645626783371
0.5465310930621862,0.9515328151986183,0.18565326929092407
0.5465649801587301,0.9515328151986183,0.1856890618801117
0.5465988714578037,0.9515328151986183,0.18581938743591309
0.5466327669601885,0.9515328151986183,0.18583069741725922
0.5467344786950319,0.9515328151986183,0.18592236936092377
0.5468023075491595,0.9515328151986183,0.18593467772006989
0.5468362282878412,0.9515328151986183,0.18602612614631653
0.5468701532353124,0.9515328151986183,0.18615055084228516
0.5469040823923563,0.9515328151986183,0.18627019226551056
0.546875969473227,0.9514248704663213,0.18630632758140564
0.546909903201787,0.9514248704663213,0.18648599088191986
0.5469438411417934,0.9514248704663213,0.18660201132297516
0.54697778329403,0.9514248704663213,0.18665121495723724
0.5470117296592814,0.9514248704663213,0.1866905391216278
0.5470456802383317,0.9514248704663213,0.18669934570789337
0.5470796350319658,0.9514248704663213,0.18681511282920837
0.5471135940409684,0.9514248704663213,0.18692347407341003
0.5471475572661245,0.9514248704663213,0.18717987835407257
0.5471815247082196,0.9514248704663213,0.1872137039899826
0.5472154963680388,0.9514248704663213,0.18741223216056824
0.5472494722463678,0.9514248704663213,0.18755409121513367
0.5472834523439926,0.9514248704663213,0.1876145303249359
0.547317436661699,0.9514248704663213,0.1877095103263855
0.5473514252002732,0.9514248704663213,0.18777576088905334
0.5473854179605018,0.9514248704663213,0.18799978494644165
0.5475273359840954,0.9513169257340242,0.18800705671310425
0.5475613544579062,0.9513169257340242,0.18802177906036377
0.5475953771591897,0.9513169257340242,0.1881624460220337
0.5476294040887343,0.9513169257340242,0.18836486339569092
0.5476634352473279,0.9513169257340242,0.1884312778711319
0.5476974706357591,0.9513169257340242,0.1884586364030838
0.5477315102548167,0.9513169257340242,0.18864493072032928
0.5477655541052894,0.9513169257340242,0.18881641328334808
0.5477996021879662,0.9513169257340242,0.18882998824119568
0.5478677110530896,0.9513169257340242,0.18897008895874023
0.5478396021137706,0.9512089810017271,0.18910621106624603
0.5478736632678438,0.9512089810017271,0.18911229074001312
0.5478455512031337,0.9511010362694301,0.18943369388580322
0.5478796169630643,0.9511010362694301,0.18945711851119995
0.5478515017722778,0.950993091537133,0.1896117627620697
0.5478855721393034,0.950993091537133,0.1897543966770172
0.5479196467442005,0.950993091537133,0.1898035854101181
0.5478915287971141,0.9508851468048359,0.18988390266895294
0.547925608011445,0.9508851468048359,0.1899372786283493
0.5479596914655387,0.9508851468048359,0.19030436873435974
0.5480960676953708,0.9508851468048359,0.19032548367977142
0.5481983944240463,0.9508851468048359,0.1903368979692459
0.5482325118247449,0.9508851468048359,0.1903487592935562
0.5482666334723346,0.9508851468048359,0.19053702056407928
0.5483007593676086,0.9508851468048359,0.19070790708065033
0.5483348895113601,0.9508851468048359,0.19071577489376068
0.5483690239043825,0.9508851468048359,0.1907212883234024
0.5484031625474693,0.9508851468048359,0.19078128039836884
0.5484373054414146,0.9508851468048359,0.19118811190128326
0.548409189963265,0.9507772020725389,0.19118869304656982
0.5484433374844334,0.9507772020725389,0.1912326067686081
0.5484152188803786,0.9506692573402418,0.1912873536348343
0.5484493710300162,0.9506692573402418,0.19128964841365814
0.5484835274335181,0.9506692573402418,0.1915537267923355
0.5484554060787245,0.9505613126079447,0.1916102170944214
0.5482303090727817,0.9496977547495682,0.1920129358768463
0.5482021561662616,0.9495898100172712,0.1921381801366806
0.5484413965087281,0.9495898100172712,0.1921660453081131
0.5484755907475528,0.9495898100172712,0.1923172026872635
0.54850978925053,0.9495898100172712,0.19245480000972748
0.5485439920184573,0.9495898100172712,0.19256889820098877
0.5485781990521327,0.9495898100172712,0.19265112280845642
0.5487150698602794,0.9495898100172712,0.19266563653945923
0.5487492982346703,0.9495898100172712,0.19266630709171295
0.5487835308796007,0.9495898100172712,0.19277803599834442
0.54881776779587,0.9495898100172712,0.1929493248462677
0.5487896181682056,0.9494818652849741,0.19323261082172394
0.5488238597366943,0.9494818652849741,0.1934889703989029
0.5488581055784351,0.9494818652849741,0.19353069365024567
0.5488299531981279,0.949373920552677,0.19355928897857666
0.5488642036944583,0.949373920552677,0.19364452362060547
0.5488984584659552,0.949373920552677,0.19367992877960205
0.5489327175134191,0.949373920552677,0.19374240934848785
0.5490012484394506,0.949373920552677,0.19378681480884552
0.5490355203196204,0.949373920552677,0.1938726305961609
0.5490697964789611,0.949373920552677,0.19390927255153656
0.5491040769182743,0.949373920552677,0.1941901594400406
0.5491383616383616,0.949373920552677,0.1941933035850525
0.549172650640025,0.949373920552677,0.19430115818977356
0.5492069439240664,0.949373920552677,0.19443188607692719
0.5492412414912883,0.949373920552677,0.19477982819080353
0.5492130901823632,0.94926597582038,0.19493621587753296
0.5492473924177128,0.94926597582038,0.19506269693374634
0.5492816989381637,0.94926597582038,0.19525451958179474
0.5493160097445187,0.94926597582038,0.1952572762966156
0.5493503248375812,0.94926597582038,0.19529059529304504
0.5494532958450484,0.94926597582038,0.19538581371307373
0.5494876280929768,0.94926597582038,0.19591954350471497
0.5495219646316316,0.94926597582038,0.19625191390514374
0.5495563054618172,0.94926597582038,0.19628039002418518
0.5495906505843384,0.94926597582038,0.1963614821434021
0.549625,0.94926597582038,0.19637326896190643
0.5496593537096068,0.94926597582038,0.19644184410572052
0.5496937117139642,0.94926597582038,0.19645895063877106
0.5497280740138776,0.94926597582038,0.1964789479970932
0.5497624406101526,0.94926597582038,0.196595698595047
0.5497968115035948,0.94926597582038,0.19679337739944458
0.5498311866950106,0.94926597582038,0.19686466455459595
0.5498999499749875,0.94926597582038,0.19723474979400635
0.5498718028891252,0.9491580310880829,0.19724221527576447
0.5499061913696061,0.9491580310880829,0.19726501405239105
0.5499405841516042,0.9491580310880829,0.19733460247516632
0.5499749812359269,0.9491580310880829,0.1975313127040863
0.5500093826233815,0.9491580310880829,0.19768384099006653
0.5501126126126126,0.9491580310880829,0.19800859689712524
0.5500844647437902,0.9490500863557858,0.19808901846408844
0.5501188837442123,0.9490500863557858,0.198471337556839
0.5501533070521244,0.9490500863557858,0.1986834853887558
0.5501877346683354,0.9490500863557858,0.19903627038002014
0.5502221665936542,0.9490500863557858,0.19904261827468872
0.5502566028288898,0.9490500863557858,0.1991301029920578
0.5502284534017651,0.9489421416234888,0.1992102414369583
0.5502628943415123,0.9489421416234888,0.19927392899990082
0.5502347417840375,0.9488341968911918,0.19972465932369232
0.5503380916604057,0.9488341968911918,0.19986042380332947
0.5503725502473232,0.9488341968911918,0.19986803829669952
0.5504759519038076,0.9488341968911918,0.20006929337978363
0.5504477985845807,0.9487262521588946,0.20023182034492493
0.5504196417386947,0.9486183074265976,0.20026850700378418
0.550454118383965,0.9486183074265976,0.2002945989370346
0.5504885993485342,0.9486183074265976,0.20036828517913818
0.5505230846332143,0.9486183074265976,0.20046460628509521
0.5505575742388172,0.9486183074265976,0.20102235674858093
0.5506265664160401,0.9486183074265976,0.20113667845726013
0.550661068989285,0.9486183074265976,0.2011687010526657
0.5506955758867026,0.9486183074265976,0.20131899416446686
0.5507300871091058,0.9486183074265976,0.2013438493013382
0.5507646026573076,0.9486183074265976,0.2015063613653183
0.5507364462550924,0.9485103626943006,0.20171822607517242
0.5507709665287702,0.9485103626943006,0.20200495421886444
0.550805491130195,0.9485103626943006,0.20211352407932281
0.5508400200601805,0.9485103626943006,0.20229759812355042
0.550874553319541,0.9485103626943006,0.2024116963148117
0.5509090909090909,0.9485103626943006,0.20276027917861938
0.5509436328296445,0.9485103626943006,0.20289768278598785
0.5509781790820165,0.9485103626943006,0.2029801309108734
0.551012729667022,0.9485103626943006,0.20299190282821655
0.551047284585476,0.9485103626943006,0.20379051566123962
0.551019128253371,0.9484024179620034,0.2037944346666336
0.5510536879076768,0.9484024179620034,0.20383350551128387
0.5510882518973844,0.9484024179620034,0.20385797321796417
0.5510600928365325,0.9482944732297064,0.20397593080997467
0.5510946615645191,0.9482944732297064,0.20419423282146454
0.551129234629862,0.9482944732297064,0.20420512557029724
0.5511638120333773,0.9482944732297064,0.20438729226589203
0.5511983937758815,0.9482944732297064,0.204464390873909
0.5512329798581916,0.9482944732297064,0.20449134707450867
0.5512675702811245,0.9482944732297064,0.20460626482963562
0.5513367641521275,0.9482944732297064,0.20471766591072083
0.5514059753954306,0.9482944732297064,0.20471909642219543
0.5514405875337393,0.9482944732297064,0.20488259196281433
0.5514752040175769,0.9482944732297064,0.204889714717865
0.5514470462678134,0.9481865284974094,0.2048952281475067
0.5515509230189627,0.9481865284974094,0.20489828288555145
0.551585557299843,0.9481865284974094,0.20508262515068054
0.5516201959306707,0.9481865284974094,0.20512692630290985
0.5516548389122653,0.9481865284974094,0.20517484843730927
0.5516894862454466,0.9481865284974094,0.20554138720035553
0.5517241379310345,0.9481865284974094,0.20564790070056915
0.5517587939698493,0.9481865284974094,0.20570167899131775
0.5517934543627112,0.9481865284974094,0.2058093547821045
0.551828119110441,0.9481865284974094,0.20594097673892975
0.5518627882138594,0.9481865284974094,0.20601868629455566
0.5518974616737874,0.9481865284974094,0.2062179148197174
0.5518693056864593,0.9480785837651122,0.20648877322673798
0.5519039839135352,0.9480785837651122,0.20659124851226807
0.5519386664990888,0.9480785837651122,0.20663073658943176
0.5519733534439417,0.9480785837651122,0.20664027333259583
0.5520080447489158,0.9480785837651122,0.20678947865962982
0.5520427404148335,0.9480785837651122,0.20732058584690094
0.5520774404425168,0.9480785837651122,0.2075614333152771
0.5521121448327886,0.9480785837651122,0.2077561765909195
0.5521468535864714,0.9480785837651122,0.20797820389270782
0.5521815667043882,0.9480785837651122,0.20851118862628937
0.5522162841873625,0.9480785837651122,0.20854045450687408
0.5522510060362174,0.9480785837651122,0.2086675614118576
0.5522857322517764,0.9480785837651122,0.2089468240737915
0.5523204628348636,0.9480785837651122,0.20917865633964539
0.5523551977863027,0.9480785837651122,0.2091853767633438
0.5523899371069182,0.9480785837651122,0.20925727486610413
0.5524246807975345,0.9480785837651122,0.20929570496082306
0.5524594288589759,0.9480785837651122,0.2094421535730362
0.5524941812920677,0.9480785837651122,0.20969003438949585
0.5525289380976346,0.9480785837651122,0.2098616361618042
0.5525636992765021,0.9480785837651122,0.20991730690002441
0.5525984648294954,0.9480785837651122,0.2099771648645401
0.5526332347574404,0.9480785837651122,0.21011850237846375
0.5526050843191543,0.9479706390328152,0.2102060467004776
0.5527094216124363,0.9479706390328152,0.21035809814929962
0.5527442094662638,0.9479706390328152,0.21037885546684265
0.5527160571536477,0.9478626943005182,0.21086370944976807
0.5527508498048597,0.9478626943005182,0.21088983118534088
0.5529248787859706,0.9478626943005182,0.21090947091579437
0.5529596977329975,0.9478626943005182,0.21096011996269226
0.5529945210655582,0.9478626943005182,0.21099217236042023
0.5530293487844816,0.9478626943005182,0.21106716990470886
0.5530641808905965,0.9478626943005182,0.21128788590431213
0.5530990173847317,0.9478626943005182,0.2112886607646942
0.5531338582677165,0.9478626943005182,0.211429625749588
0.5531687035403805,0.9478626943005182,0.21149040758609772
0.5532732657047446,0.9478626943005182,0.2116955667734146
0.5533081285444235,0.9478626943005182,0.21181833744049072
0.5533429957779318,0.9478626943005182,0.21208718419075012
0.5533778674061003,0.9478626943005182,0.21213173866271973
0.5534127434297599,0.9478626943005182,0.21281059086322784
0.5534476238497416,0.9478626943005182,0.21293455362319946
0.5534825086668768,0.9478626943005182,0.21294111013412476
0.5535173978819969,0.9478626943005182,0.21294640004634857
0.5534892517178339,0.947754749568221,0.21299424767494202
0.5535241457571555,0.947754749568221,0.2133575975894928
0.5535590441964567,0.947754749568221,0.21339347958564758
0.553530895334174,0.947646804835924,0.2134135216474533
0.553565798600164,0.947646804835924,0.21343733370304108
0.5536007062681296,0.947646804835924,0.213576540350914
0.553635618338904,0.947646804835924,0.21360808610916138
0.5536705348133198,0.947646804835924,0.2140326201915741
0.5536423841059602,0.947538860103627,0.21418944001197815
0.5536773054118834,0.947538860103627,0.21437020599842072
0.5537122311234467,0.947538860103627,0.21438398957252502
0.5537471612414837,0.947538860103627,0.21479317545890808
0.5539568345323741,0.947538860103627,0.21486106514930725
0.5539917955190912,0.947538860103627,0.21494722366333008
0.5540267609189599,0.947538860103627,0.2153598666191101
0.5540617307328157,0.947538860103627,0.21537300944328308
0.5540967049614948,0.947538860103627,0.2156674563884735
0.554131683605833,0.947538860103627,0.215672105550766
0.5541035353535354,0.9474309153713298,0.21575427055358887
0.5541385188458867,0.9474309153713298,0.21585902571678162
0.5541735067559035,0.9474309153713298,0.21598146855831146
0.5542084990844226,0.9474309153713298,0.21604160964488983
0.5542434958322808,0.9474309153713298,0.21613706648349762
0.5542784970003157,0.9474309153713298,0.21616540849208832
0.5543135025893646,0.9474309153713298,0.2163776010274887
0.5543485126002653,0.9474309153713298,0.21711625158786774
0.5543835270338555,0.9474309153713298,0.2172597199678421
0.5544185458909734,0.9474309153713298,0.21749770641326904
0.5544535691724574,0.9474309153713298,0.21753619611263275
0.5544885968791459,0.9474309153713298,0.21757878363132477
0.5545236290118777,0.9474309153713298,0.21764416992664337
0.5545586655714918,0.9474309153713298,0.21775881946086884
0.5545937065588272,0.9474309153713298,0.21780657768249512
0.5546287519747235,0.9474309153713298,0.21815401315689087
0.5546638018200202,0.9474309153713298,0.2188969850540161
0.5546988560955571,0.9474309153713298,0.21891802549362183
0.5547339148021742,0.9474309153713298,0.21896788477897644
0.5547689779407117,0.9474309153713298,0.21897216141223907
0.5548040455120101,0.9474309153713298,0.219194695353508
0.5548391175169101,0.9474309153713298,0.21927282214164734
0.5548741939562524,0.9474309153713298,0.21940013766288757
0.5549092748308782,0.9474309153713298,0.21959370374679565
0.5549794498893456,0.9474309153713298,0.21961815655231476
0.5550145440748704,0.9474309153713298,0.21964600682258606
0.5550496426990451,0.9474309153713298,0.22021371126174927
0.5550847457627118,0.9474309153713298,0.22043323516845703
0.5550566061602682,0.9473229706390328,0.2205716073513031
0.5550917141049968,0.9473229706390328,0.2206435352563858
0.5551268264912391,0.9473229706390328,0.2206895649433136
0.555161943319838,0.9473229706390328,0.22092828154563904
0.5551970645916366,0.9473229706390328,0.22118988633155823
0.5552321903074782,0.9473229706390328,0.2212296724319458
0.5552673204682063,0.9473229706390328,0.22140564024448395
0.5553024550746647,0.9473229706390328,0.22155138850212097
0.5553375941276972,0.9473229706390328,0.22158674895763397
0.5553727376281483,0.9473229706390328,0.22175882756710052
0.5553445984431366,0.9472150259067358,0.22177186608314514
0.5553164556962026,0.9471070811744386,0.22209927439689636
0.5553516045319324,0.9471070811744386,0.22218921780586243
0.5553867578174453,0.9471070811744386,0.222630575299263
0.5554219155535861,0.9471070811744386,0.2229720503091812
0.5554570777412003,0.9471070811744386,0.22303684055805206
0.5554922443811333,0.9471070811744386,0.22305524349212646
0.5555274154742307,0.9471070811744386,0.2230827659368515
0.555597771023303,0.9471070811744386,0.22319388389587402
0.5556329554809701,0.9471070811744386,0.223207488656044
0.5556681443951869,0.9471070811744386,0.2232634276151657
0.5557033377667997,0.9471070811744386,0.22338613867759705
0.5557385355966556,0.9471070811744386,0.22361814975738525
0.555773737885602,0.9471070811744386,0.2237965166568756
0.5558441558441558,0.9471070811744386,0.22386117279529572
0.5558793715154587,0.9471070811744386,0.22388549149036407
0.5559145916492428,0.9471070811744386,0.2240370362997055
0.5559498162463566,0.9471070811744386,0.22427049279212952
0.5559850453076485,0.9471070811744386,0.22460488975048065
0.5560202788339671,0.9471070811744386,0.2258075773715973
0.5560555168261614,0.9471070811744386,0.22659151256084442
0.5560907592850804,0.9471070811744386,0.226999431848526
0.5561260062115738,0.9471070811744386,0.2271934598684311
0.5561612576064908,0.9471070811744386,0.22738614678382874
0.5563375816371822,0.9471070811744386,0.22758078575134277
0.5563728598604946,0.9471070811744386,0.22783023118972778
0.5564081425581838,0.9471070811744386,0.2278372198343277
0.556443429731101,0.9471070811744386,0.22814030945301056
0.5564787213800977,0.9471070811744386,0.2284563183784485
0.5567258883248731,0.9471070811744386,0.22855956852436066
0.5568318842419242,0.9471070811744386,0.2288370579481125
0.5568672251840568,0.9471070811744386,0.22906453907489777
0.5569025706125039,0.9471070811744386,0.2292974591255188
0.5569379205281199,0.9471070811744386,0.22951790690422058
0.5569732749317591,0.9471070811744386,0.22975903749465942
0.5570086338242762,0.9471070811744386,0.2297874093055725
0.5569805091740206,0.9469991364421416,0.22986678779125214
0.557015873015873,0.9469991364421416,0.22999094426631927
0.5569877452536669,0.9468911917098446,0.2305690199136734
0.5570231140462281,0.9468911917098446,0.23059320449829102
0.5570584873309202,0.9468911917098446,0.23070110380649567
0.557093865108599,0.9468911917098446,0.2307695597410202
0.5571292473801207,0.9468911917098446,0.23103053867816925
0.5571011178861789,0.9467832469775475,0.23114053905010223
0.5571365051133838,0.9467832469775475,0.23124417662620544
0.5571718968364884,0.9467832469775475,0.23127777874469757
0.5571437646909345,0.9466753022452504,0.23138929903507233
0.5572145625516234,0.9466753022452504,0.23166753351688385
0.5572853784075745,0.9466753022452504,0.2321317493915558
0.5573207930859176,0.9466753022452504,0.2322506159543991
0.5573562122656498,0.9466753022452504,0.2322605401277542
0.5573280793186729,0.9465673575129534,0.23240891098976135
0.5573989321128909,0.9465673575129534,0.23245136439800262
0.5574343652660352,0.9465673575129534,0.23294763267040253
0.5574698029243483,0.9465673575129534,0.23312510550022125
0.5575052450886897,0.9465673575129534,0.23365260660648346
0.5575406917599186,0.9465673575129534,0.23382122814655304
0.5575761429388949,0.9465673575129534,0.2338259220123291
0.5576115986264785,0.9465673575129534,0.23406748473644257
0.5576470588235294,0.9465673575129534,0.2343536913394928
0.5576189264818112,0.9464594127806563,0.23437611758708954
0.5576543916555364,0.9464594127806563,0.23454324901103973
0.5576898613407963,0.9464594127806563,0.2345828115940094
0.5577253355384517,0.9464594127806563,0.234626904129982
0.5576972010178117,0.9463514680483592,0.23469413816928864
0.5577326801959412,0.9463514680483592,0.23476216197013855
0.5577681638885355,0.9463514680483592,0.23477524518966675
0.557740026722657,0.9462435233160622,0.23482440412044525
0.5577755153983202,0.9462435233160622,0.23497675359249115
0.5578110085905186,0.9462435233160622,0.2352522313594818
0.5577828687794324,0.9461355785837651,0.2354723960161209
0.5577547253866225,0.946027633851468,0.23555977642536163
0.5578257271975049,0.946027633851468,0.23574423789978027
0.5578612348822406,0.946027633851468,0.23583859205245972
0.5578967470876568,0.946027633851468,0.23590600490570068
0.5579322638146168,0.946027633851468,0.23595373332500458
0.5579677850639843,0.946027633851468,0.23603589832782745
0.5580033108366229,0.946027633851468,0.23604948818683624
0.5580743759551706,0.946027633851468,0.23613576591014862
0.5581099153028084,0.946027633851468,0.23630240559577942
0.5581454591771748,0.946027633851468,0.2364199459552765
0.5581810075791351,0.946027633851468,0.23642221093177795
0.5582165605095541,0.946027633851468,0.2364310622215271
0.5582521179692974,0.946027633851468,0.23668596148490906
0.5582876799592305,0.946027633851468,0.23694084584712982
0.5583232464802191,0.946027633851468,0.2370685487985611
0.5583588175331294,0.946027633851468,0.23724141716957092
0.5583943931188277,0.946027633851468,0.2372923195362091
0.5587860239734762,0.946027633851468,0.23733872175216675
0.5588216540202767,0.946027633851468,0.23739837110042572
0.5589285714285714,0.946027633851468,0.23780010640621185
0.5589642196568658,0.946027633851468,0.23795296251773834
0.5589998724327082,0.946027633851468,0.23811477422714233
0.5590355297569688,0.946027633851468,0.2381424605846405
0.5590430622009569,0.945919689119171,0.2382201999425888
0.559078729105525,0.945919689119171,0.23839540779590607
0.5590505965673451,0.9458117443868739,0.2384503036737442
0.559086268504339,0.9458117443868739,0.23874814808368683
0.5591219449939379,0.9458117443868739,0.2389204502105713
0.5590938098276962,0.9457037996545768,0.2391352653503418
0.5591294913523518,0.9457037996545768,0.23922139406204224
0.5591651774317079,0.9457037996545768,0.23965342342853546
0.5592008680666368,0.9457037996545768,0.23967470228672028
0.559236563258011,0.9457037996545768,0.2399834245443344
0.5592722630067029,0.9457037996545768,0.24004676938056946
0.5594151075921078,0.9457037996545768,0.24007095396518707
0.5594508301404854,0.9457037996545768,0.2401544451713562
0.5595222889257887,0.9457037996545768,0.24097368121147156
0.5595580251644632,0.9457037996545768,0.24097497761249542
0.5595937659683189,0.9457037996545768,0.2410425841808319
0.5595656339827532,0.9455958549222798,0.24141791462898254
0.5596013798390188,0.9455958549222798,0.24161210656166077
0.5596371302625694,0.9455958549222798,0.24172434210777283
0.5596728852542806,0.9455958549222798,0.2417927235364914
0.5597086448150278,0.9455958549222798,0.24193230271339417
0.5595960887071004,0.9451640759930915,0.24215126037597656
0.559631854787166,0.9451640759930915,0.24216793477535248
0.5596676254394375,0.9451640759930915,0.24218012392520905
0.5597034006647916,0.9451640759930915,0.24237185716629028
0.5597391804641053,0.9451640759930915,0.24240949749946594
0.559774964838256,0.9451640759930915,0.2424422949552536
0.559810753788121,0.9451640759930915,0.24251128733158112
0.5598465473145781,0.9451640759930915,0.24253611266613007
0.5598184027111708,0.9450561312607945,0.2425675243139267
0.5598542013045147,0.9450561312607945,0.24264252185821533
0.5598260535908423,0.9449481865284974,0.24268986284732819
0.5597287094503807,0.944300518134715,0.2427450269460678
0.5597645252111595,0.944300518134715,0.2427651435136795
0.5598003455557689,0.944300518134715,0.24286580085754395
0.559872,0.944300518134715,0.24304132163524628
0.5599078341013825,0.944300518134715,0.24364393949508667
0.5599436727901171,0.944300518134715,0.24373742938041687
0.5599795160670848,0.944300518134715,0.2438971996307373
0.5600153639331669,0.944300518134715,0.2441873699426651
0.5600512163892446,0.944300518134715,0.24431510269641876
0.5600870734361995,0.944300518134715,0.24439479410648346
0.5601229350749135,0.944300518134715,0.24448765814304352
0.5601946721311475,0.944300518134715,0.24449113011360168
0.5602305475504322,0.944300518134715,0.2451581507921219
0.5602664275650058,0.944300518134715,0.24534538388252258
0.560302312175751,0.944300518134715,0.24536660313606262
0.5602741480912119,0.9441925734024179,0.2454485297203064
0.5603100377938633,0.9441925734024179,0.24547260999679565
0.560345932094811,0.9441925734024179,0.24553249776363373
0.5603818309949388,0.9441925734024179,0.2460109144449234
0.5603536647872885,0.9440846286701209,0.24602706730365753
0.5603895687832383,0.9440846286701209,0.24672161042690277
0.5604254773804946,0.9440846286701209,0.24682778120040894
0.5604613905799424,0.9440846286701209,0.24712660908699036
0.5605332307889509,0.9440846286701209,0.24718235433101654
0.560569157800282,0.9440846286701209,0.24725882709026337
0.560605089417345,0.9440846286701209,0.24752189218997955
0.5608645459209851,0.9439766839378239,0.247542604804039
0.5609005195304984,0.9439766839378239,0.24766843020915985
0.5609364977549711,0.9439766839378239,0.24777023494243622
0.5611524640657084,0.9439766839378239,0.24798689782619476
0.5611884746197779,0.9439766839378239,0.24813716113567352
0.5611603131818765,0.9438687392055267,0.2484317421913147
0.5611963288620756,0.9438687392055267,0.2484636753797531
0.5612323491655969,0.9438687392055267,0.24848484992980957
0.5612041851209962,0.9437607944732297,0.24851058423519135
0.5612402105533445,0.9437607944732297,0.24858729541301727
0.5612762406111574,0.9437607944732297,0.24899376928806305
0.5613122752953261,0.9437607944732297,0.24905769526958466
0.5613483146067416,0.9437607944732297,0.24911367893218994
0.5613843585462951,0.9437607944732297,0.24913616478443146
0.5614204071148783,0.9437607944732297,0.2492578625679016
0.561456460313383,0.9437607944732297,0.24930065870285034
0.5614925181427012,0.9437607944732297,0.24949902296066284
0.5615285806037251,0.9437607944732297,0.2495427131652832
0.5615646476973473,0.9437607944732297,0.2503534257411957
0.5616007194244604,0.9437607944732297,0.2505005896091461
0.5616367957859575,0.9437607944732297,0.2507758140563965
0.5616728767827316,0.9437607944732297,0.25081124901771545
0.5617089624156762,0.9437607944732297,0.2510247230529785
0.561680801850424,0.9436528497409327,0.2510504126548767
0.5617168926299556,0.9436528497409327,0.25130030512809753
0.5620057859209258,0.9436528497409327,0.25142228603363037
0.562041918477562,0.9436528497409327,0.25158560276031494
0.5620780556805761,0.9436528497409327,0.2516293525695801
0.5621141975308642,0.9436528497409327,0.2516924738883972
0.5621503440293228,0.9436528497409327,0.25196149945259094
0.5621864951768488,0.9436528497409327,0.25216996669769287
0.5622226509743392,0.9436528497409327,0.25231805443763733
0.5622588114226911,0.9436528497409327,0.25264814496040344
0.5622949765228018,0.9436528497409327,0.2528062164783478
0.5623311462755692,0.9436528497409327,0.2528761625289917
0.5623029913155355,0.9435449050086355,0.2529507577419281
0.5623391662377767,0.9435449050086355,0.2530391812324524
0.5623753458148363,0.9435449050086355,0.25305595993995667
0.5624115300476129,0.9435449050086355,0.25306278467178345
0.5624477189370053,0.9435449050086355,0.2530650794506073
0.5624195624195624,0.9434369602763385,0.25314271450042725
0.5624557564836862,0.9434369602763385,0.25315171480178833
0.5624919552065903,0.9434369602763385,0.2534004747867584
0.562600579336981,0.9434369602763385,0.253421813249588
0.5626367967040041,0.9434369602763385,0.2534683644771576
0.611994066539521,0.9352331606217616,0.25347745418548584
0.6120372986719412,0.9352331606217616,0.25347939133644104
0.6120098904980572,0.9351252158894646,0.2535754442214966
0.6120531298572841,0.9351252158894646,0.2536645829677582
0.6121396269078575,0.9351252158894646,0.2537187933921814
0.6121122182177938,0.9350172711571675,0.2538798749446869
0.6121554770318022,0.9350172711571675,0.2541079819202423
0.6122420130053717,0.9350172711571675,0.2541469931602478
0.6122852901675266,0.9350172711571675,0.2541631758213043
0.6125884016973125,0.9350172711571675,0.25435641407966614
0.6126317278449678,0.9350172711571675,0.25438371300697327
0.612675060121658,0.9350172711571675,0.2544751763343811
0.6126476621631181,0.9349093264248705,0.2546563744544983
0.6126202603282399,0.9348013816925734,0.25468263030052185
0.6126636009904493,0.9348013816925734,0.2547740638256073
0.6127069477854818,0.9348013816925734,0.2548072338104248
0.6127503007146395,0.9348013816925734,0.25488653779029846
0.6127936597792245,0.9348013816925734,0.2550487220287323
0.6155541337882988,0.9346934369602763,0.25505661964416504
0.6155268022181146,0.9345854922279793,0.2551729381084442
0.6154994667614646,0.9344775474956822,0.2551965117454529
0.6155432309442548,0.9344775474956822,0.2553160488605499
0.615587001351063,0.9344775474956822,0.2554132044315338
0.6156307779832172,0.9344775474956822,0.2554430067539215
0.6199741527857553,0.9321027633851469,0.2555296719074249
0.6199468658002442,0.9319948186528497,0.25564467906951904
0.6199195748958782,0.9318868739205527,0.25570768117904663
0.6199640933572711,0.9318868739205527,0.2559817135334015
0.619936799770181,0.9317789291882557,0.2559918463230133
0.6199095022624435,0.9316709844559585,0.25604039430618286
0.6199540295934493,0.9316709844559585,0.25606369972229004
0.6199267294016234,0.9315630397236615,0.2562212347984314
0.6199712643678161,0.9315630397236615,0.2562252879142761
0.6200158057331705,0.9315630397236615,0.25628089904785156
0.620060353499066,0.9315630397236615,0.25633901357650757
0.620238608595659,0.9315630397236615,0.25638431310653687
0.6201165551478524,0.9303756476683938,0.2567351758480072
0.6201611742696791,0.9303756476683938,0.2569873631000519
0.6202057998129092,0.9303756476683938,0.2570314407348633
0.6206250900187239,0.9302677029360967,0.25704655051231384
0.6206697875405114,0.9302677029360967,0.25715768337249756
0.6207144915010083,0.9302677029360967,0.2572750747203827
0.6207592019016063,0.9302677029360967,0.2573263645172119
0.620821325648415,0.9301597582037997,0.2575041651725769
0.6207940053317962,0.9300518134715026,0.25750985741615295
0.6208387375702551,0.9300518134715026,0.25770947337150574
0.6212219577292073,0.9296200345423143,0.25792738795280457
0.6212667724715049,0.9296200345423143,0.25807633996009827
0.6213115936801097,0.9296200345423143,0.2581823766231537
0.6213564213564213,0.9296200345423143,0.25828495621681213
0.6213739356328475,0.9295120898100173,0.2583262026309967
0.6214187775131702,0.9295120898100173,0.25846782326698303
0.6214636258660509,0.9295120898100173,0.25862136483192444
0.6214089793561426,0.9292962003454232,0.2586525082588196
0.6214987005486572,0.9292962003454232,0.25870004296302795
0.6215435708613096,0.9292962003454232,0.2587762773036957
0.6216782206816869,0.9292962003454232,0.258861243724823
0.6217231169206326,0.9292962003454232,0.2589707374572754
0.6217680196446628,0.9292962003454232,0.25900760293006897
0.6218129288551824,0.9292962003454232,0.2592553198337555
0.6218578445535973,0.9292962003454232,0.2592855989933014
0.6219027667413133,0.9292962003454232,0.2593070864677429
0.621947695419737,0.9292962003454232,0.2593472898006439
0.6219926305902753,0.9292962003454232,0.25966691970825195
0.6220375722543353,0.9292962003454232,0.2597377300262451
0.6220825204133247,0.9292962003454232,0.2602348327636719
0.6221274750686515,0.9292962003454232,0.2602819502353668
0.6221724362217244,0.9292962003454232,0.26032233238220215
0.622217403873952,0.9292962003454232,0.26066073775291443
0.6225678119349005,0.929080310880829,0.26078683137893677
0.6225405092592593,0.928972366148532,0.2611862123012543
0.6224858920561424,0.9287564766839378,0.2614215016365051
0.6225309311916648,0.9287564766839378,0.2614910900592804
0.622575976845152,0.9287564766839378,0.26169729232788086
0.6225486648816846,0.9286485319516408,0.2618735134601593
0.6225937183383992,0.9286485319516408,0.2619263827800751
0.6226838448176027,0.9286485319516408,0.2620072364807129
0.6230446118192352,0.9286485319516408,0.26214468479156494
0.6230173100601144,0.9285405872193437,0.26218414306640625
0.6230624366217586,0.9285405872193437,0.2622701823711395
0.6231075697211156,0.9285405872193437,0.262378990650177
0.6231527093596059,0.9285405872193437,0.26256030797958374
0.623197855538651,0.9285405872193437,0.2625986933708191
0.6232430082596725,0.9285405872193437,0.26274874806404114
0.6232157090065937,0.9284326424870466,0.2630159854888916
0.6537169897725538,0.9245466321243523,0.26327937841415405
0.6536905579726738,0.9244386873920553,0.26330649852752686
0.6536641221374045,0.9243307426597582,0.26350080966949463
0.6537140239712955,0.9243307426597582,0.26357129216194153
0.6537639334249504,0.9243307426597582,0.26402485370635986
0.6540371247421893,0.9242227979274611,0.26415640115737915
0.6540870893812071,0.9242227979274611,0.2643292546272278
0.6540606616242647,0.9241148531951641,0.2643321454524994
0.6541341892098426,0.924006908462867,0.26453158259391785
0.6541841803591899,0.924006908462867,0.2647753953933716
0.654234179150107,0.924006908462867,0.2649535536766052
0.6542841855843461,0.924006908462867,0.26497235894203186
0.65433419966366,0.924006908462867,0.26502811908721924
0.654384221389802,0.924006908462867,0.2650386095046997
0.6618866754515154,0.9217400690846287,0.26507633924484253
0.6619379844961241,0.9217400690846287,0.2659419775009155
0.6658856607310215,0.9203367875647669,0.2662675976753235
0.6659376708583926,0.9203367875647669,0.2663402557373047
0.665963596594016,0.9202288428324698,0.26635196805000305
0.6660934813193684,0.9199050086355786,0.2666461169719696
0.6666144936609798,0.9194732297063903,0.2671259045600891
0.6666666666666666,0.9194732297063903,0.26728299260139465
0.666771037181996,0.9194732297063903,0.26735416054725647
0.6668232346954752,0.9194732297063903,0.2673596441745758
0.6674766794700948,0.9191493955094991,0.2677071988582611
0.6675290059579806,0.9191493955094991,0.2678014636039734
0.6675813406507252,0.9191493955094991,0.26780369877815247
0.6676336835502588,0.9191493955094991,0.26789677143096924
0.6676860346585117,0.9191493955094991,0.26797205209732056
0.6677383939774153,0.9191493955094991,0.2679789066314697
0.6700259822061255,0.9186096718480138,0.2682185471057892
0.6700787401574804,0.9186096718480138,0.2684338688850403
0.6701315064178281,0.9186096718480138,0.2686864733695984
0.6705808180313657,0.9185017271157168,0.2687338888645172
0.6708192068122684,0.9183937823834197,0.2690016031265259
0.670951967820806,0.9182858376511226,0.26906323432922363
0.671322601010101,0.9182858376511226,0.2690812051296234
0.671375582037724,0.9182858376511226,0.26908543705940247
0.6713496448303078,0.9181778929188256,0.2691701352596283
0.6714026363564607,0.9181778929188256,0.2693544626235962
0.6714556362488159,0.9181778929188256,0.2693888247013092
0.671508644509355,0.9181778929188256,0.2698516845703125
0.6714827096162956,0.9180699481865285,0.2698555588722229
0.6715357283853138,0.9180699481865285,0.26989468932151794
0.6719083366258396,0.9178540587219344,0.26998889446258545
0.6717527077239307,0.917206390328152,0.27005115151405334
0.6718058191018342,0.917206390328152,0.2700594961643219
0.6717798687435755,0.917098445595855,0.2700609266757965
0.6717539142811957,0.9169905008635578,0.2701074481010437
0.6717279557137208,0.9168825561312608,0.2702747881412506
0.6718342165625247,0.9168825561312608,0.2703162431716919
0.6721000158252888,0.9168825561312608,0.2703370153903961
0.6720740682123921,0.9167746113989638,0.2703811526298523
0.6723441337241544,0.9161269430051814,0.2704319953918457
0.6723974013627001,0.9161269430051814,0.2704584002494812
0.6728037457344656,0.9151554404145078,0.27095451951026917
0.6727777777777778,0.9150474956822107,0.27102768421173096
0.6728311770775458,0.9150474956822107,0.27110716700553894
0.6728845848547389,0.9150474956822107,0.27118387818336487
0.6729380011113757,0.9150474956822107,0.2714064121246338
0.6729120355668466,0.9149395509499136,0.27141693234443665
0.6729654624851131,0.9149395509499136,0.2714259922504425
0.672939494997618,0.9148316062176166,0.2716238796710968
0.6732192598487863,0.9131044905008635,0.271711140871048
0.673246835946828,0.9129965457685665,0.27184543013572693
0.6733004298678554,0.9129965457685665,0.27209508419036865
0.6734076433121019,0.9129965457685665,0.2721398174762726
0.673461262839398,0.9129965457685665,0.27214381098747253
0.6734352603917821,0.9128886010362695,0.2723260223865509
0.6734888906585969,0.9128886010362695,0.27266427874565125
0.6735425294679834,0.9128886010362695,0.27283206582069397
0.6735961768219833,0.9128886010362695,0.2729591429233551
0.6736498327226382,0.9128886010362695,0.27296626567840576
0.6737034971719907,0.9128886010362695,0.272990345954895
0.6737571701720841,0.9128886010362695,0.2730884552001953
0.6738645418326693,0.9128886010362695,0.27329057455062866
0.6738385528727389,0.9127806563039723,0.27335867285728455
0.673945963178449,0.9127806563039723,0.2734683156013489
0.6739996811732824,0.9127806563039723,0.2735051214694977
0.6740534077321642,0.9127806563039723,0.2735922038555145
0.6741071428571429,0.9127806563039723,0.2736833393573761
0.6741608865502671,0.9127806563039723,0.2739621698856354
0.6742146388135863,0.9127806563039723,0.27419382333755493
0.6741886611912926,0.9126727115716753,0.27427950501441956
0.6742424242424242,0.9126727115716753,0.27441537380218506
0.6742164446925593,0.9125647668393783,0.2745458781719208
0.6741904609985644,0.9124568221070811,0.274661123752594
0.6742442370583074,0.9124568221070811,0.27472206950187683
0.6742980216975112,0.9124568221070811,0.27481043338775635
0.6743518149182289,0.9124568221070811,0.27485188841819763
0.6744056167225148,0.9124568221070811,0.27487748861312866
0.6744594271124232,0.9124568221070811,0.2749020457267761
0.6745132460900096,0.9124568221070811,0.2751315236091614
0.674487271566515,0.9123488773747841,0.2751648724079132
0.6743833320028738,0.9119170984455959,0.2751994729042053
0.6744371706849752,0.9119170984455959,0.27533310651779175
0.6743591791104367,0.9115932642487047,0.2753736972808838
0.6743331736144386,0.9114853195164075,0.27590134739875793
0.6743071639645396,0.9113773747841105,0.276028037071228
0.6742811501597444,0.9112694300518135,0.27604174613952637
0.6742551321990574,0.9111614853195165,0.27611419558525085
0.6751780997358521,0.9105138169257341,0.27619197964668274
0.6751520973422991,0.9104058721934369,0.2762053310871124
0.6760224538893344,0.9099740932642487,0.27655231952667236
0.6759964712486968,0.9098661485319517,0.2765854299068451
0.6759704844401668,0.9097582037996546,0.2767719626426697
0.6760247052217855,0.9097582037996546,0.27703988552093506
0.6760789347023906,0.9097582037996546,0.27709320187568665
0.6760529482551143,0.9096502590673575,0.27717727422714233
0.676107188703466,0.9096502590673575,0.2774045169353485
0.6761614378560539,0.9096502590673575,0.2775605618953705
0.6762699622823208,0.9096502590673575,0.27757132053375244
0.6763242375601927,0.9096502590673575,0.27759578824043274
0.6762982582871819,0.9095423143350605,0.27819952368736267
0.6767895878524945,0.9093264248704663,0.2785685956478119
0.6768439659328298,0.9093264248704663,0.27857232093811035
0.6768983527521093,0.9093264248704663,0.2786419093608856
0.6769267861448204,0.9092184801381693,0.27866247296333313
0.6769811927342871,0.9092184801381693,0.2787802815437317
0.6770356080700908,0.9092184801381693,0.278878778219223
0.6770171345828976,0.9084628670120898,0.27891573309898376
0.677126076112318,0.9084628670120898,0.2791425287723541
0.6771805600257483,0.9084628670120898,0.27915507555007935
0.6771286013198133,0.9082469775474957,0.2791869044303894
0.6771830985915493,0.9082469775474957,0.2792224586009979
0.677292119455848,0.9082469775474957,0.2792934477329254
0.6773466430526486,0.9082469775474957,0.27935174107551575
0.6774011754287095,0.9082469775474957,0.2793554663658142
0.6774842969882429,0.9081390328151986,0.2794356942176819
0.6775388580172345,0.9081390328151986,0.27950751781463623
0.6775128865979382,0.9080310880829016,0.279716819524765
0.6776220396326728,0.9080310880829016,0.27978581190109253
0.6776766293402079,0.9080310880829016,0.2798055112361908
0.677731227844022,0.9080310880829016,0.27982911467552185
0.6778404512489927,0.9080310880829016,0.2798640727996826
0.6778171852329518,0.9077072538860104,0.279948353767395
0.6778718258766626,0.9077072538860104,0.2801124155521393
0.6778458561754273,0.9075993091537133,0.2801409363746643
0.677900507941627,0.9075993091537133,0.28027215600013733
0.6778745363651024,0.9074913644214162,0.2803436517715454
0.6777186189093256,0.9068436960276338,0.280371755361557
0.6777732956837434,0.9068436960276338,0.2804056406021118
0.6777212942790285,0.9066278065630398,0.28040745854377747
0.677775984506133,0.9066278065630398,0.2805445194244385
0.677619893428064,0.9059801381692574,0.28059181571006775
0.6777580358585042,0.9058721934369602,0.2806266248226166
0.677812777643163,0.9058721934369602,0.280738890171051
0.6778675282714055,0.9058721934369602,0.2809261083602905
0.6779222877453752,0.9058721934369602,0.280927836894989
0.677977056067216,0.9058721934369602,0.28096699714660645
0.6780866192630899,0.9058721934369602,0.2810245752334595
0.678196217876192,0.9058721934369602,0.28105446696281433
0.6781181796136124,0.905548359240069,0.2811357080936432
0.6780921584478578,0.905440414507772,0.28127461671829224
0.6781469803541111,0.905440414507772,0.28143054246902466
0.678120957309185,0.905332469775475,0.28159740567207336
0.6783952115182399,0.905332469775475,0.28166472911834717
0.6784500889823654,0.905332469775475,0.28183722496032715
0.6785049753256209,0.905332469775475,0.28191879391670227
0.6786147746581439,0.905332469775475,0.28204432129859924
0.6785887684091277,0.9052245250431779,0.282087504863739
0.6786436837420086,0.9052245250431779,0.2822127342224121
0.678617675623179,0.9051165803108808,0.2825181484222412
0.6786726021853501,0.9051165803108808,0.28275537490844727
0.678782481988181,0.9051165803108808,0.2829585671424866
0.6788374352331606,0.9051165803108808,0.2830257713794708
0.6790023483682889,0.9051165803108808,0.2830677628517151
0.6790573372206026,0.9051165803108808,0.28307729959487915
0.6790313436462299,0.9050086355785838,0.2831052541732788
0.6791413527744026,0.9050086355785838,0.28333190083503723
0.679196370706416,0.9050086355785838,0.2835507392883301
0.679251397553269,0.9050086355785838,0.2837153673171997
0.6793064333171285,0.9050086355785838,0.28395792841911316
0.6793614780001621,0.9050086355785838,0.2840157449245453
0.679581745967415,0.9050086355785838,0.28406086564064026
0.6796368352788587,0.9050086355785838,0.28406280279159546
0.6796108633968383,0.9049006908462867,0.28415676951408386
0.6796659640019458,0.9049006908462867,0.2842009663581848
0.6797210735425282,0.9049006908462867,0.2842477560043335
0.6799967553536664,0.9049006908462867,0.28429675102233887
0.6801136363636363,0.9044689119170984,0.28436800837516785
0.6800876694536894,0.9043609671848014,0.2843859791755676
0.6801428803377172,0.9043609671848014,0.2843923568725586
0.6801721338096784,0.9042530224525043,0.2845289409160614
0.6801461632155907,0.9041450777202072,0.2846059799194336
0.6802013967841481,0.9041450777202072,0.28467974066734314
0.6802566393242914,0.9041450777202072,0.28474918007850647
0.680230669265757,0.9040371329879102,0.2849101126194
0.6802046949882219,0.9039291882556131,0.28502169251441956
0.680259951259139,0.9039291882556131,0.28505852818489075
0.6802339751401414,0.903821243523316,0.2851373851299286
0.68020799480013,0.903713298791019,0.2851761281490326
0.6802632648086455,0.903713298791019,0.2852383852005005
0.6803185437997725,0.903713298791019,0.2852955460548401
0.6802925639983747,0.9036053540587219,0.28538376092910767
0.6802665799739922,0.9034974093264249,0.2854984998703003
0.6800878477306003,0.9025259067357513,0.28558799624443054
0.6801431709102741,0.9025259067357513,0.285668283700943
0.680117149365441,0.9024179620034543,0.2858342230319977
0.680091123586364,0.9023100172711571,0.2859848141670227
0.6800650935720097,0.9022020725388601,0.28601664304733276
0.6801204329074783,0.9022020725388601,0.28606119751930237
0.6800944010416666,0.9020941278065631,0.2861919105052948
0.6801497517701636,0.9020941278065631,0.286227285861969
0.6802051115090346,0.9020941278065631,0.286350280046463
0.6802604802604802,0.9020941278065631,0.28650596737861633
0.6802344513187887,0.9019861830742659,0.2865060269832611
0.6802898314743955,0.9019861830742659,0.28678834438323975
0.6803452206481029,0.9019861830742659,0.28699061274528503
0.6803191922481883,0.9018782383419689,0.2870296239852905
0.6802931596091205,0.9017702936096719,0.2870565950870514
0.680267122729864,0.9016623488773747,0.2873781621456146
0.6802443991853361,0.9013385146804835,0.2873862087726593
0.6802998207593287,0.9013385146804835,0.28749802708625793
0.6802737716939623,0.9012305699481865,0.2876092791557312
0.6803292046936115,0.9012305699481865,0.287665992975235
0.6803358878199902,0.9007987910189983,0.28770339488983154
0.6803098247044436,0.9006908462867013,0.2878069281578064
0.6803392318356031,0.9005829015544041,0.28786081075668335
0.6803947153808514,0.9005829015544041,0.287869393825531
0.6804502079765109,0.9005829015544041,0.2879966199398041
0.6805057096247961,0.9005829015544041,0.28800901770591736
0.6805612203279223,0.9005829015544041,0.2884521484375
0.6805351607113722,0.9004749568221071,0.2889479994773865
0.6804569563443492,0.9001511226252159,0.28897660970687866
0.680512485718949,0.9001511226252159,0.28900647163391113
0.6805680241573492,0.9001511226252159,0.2890489399433136
0.6806235716617695,0.9001511226252159,0.28908681869506836
0.6806791282344299,0.9001511226252159,0.28923606872558594
0.680734693877551,0.9001511226252159,0.2894289493560791
0.6807086292758593,0.9000431778929189,0.28943687677383423
0.6807381399526414,0.8999352331606217,0.2897081673145294
0.6807937285644292,0.8999352331606217,0.28971752524375916
0.6808493262556146,0.8999352331606217,0.28974518179893494
0.6807971902311525,0.8997193436960277,0.28997769951820374
0.6808528018297664,0.8997193436960277,0.2900920808315277
0.6809084225145005,0.8997193436960277,0.2901614308357239
0.6808562791077702,0.8995034542314335,0.2902326285839081
0.6808302010132374,0.8993955094991365,0.29033350944519043
0.6808041186565335,0.8992875647668394,0.2903982102870941
0.6808597580908794,0.8992875647668394,0.2905096411705017
0.6809154066203514,0.8992875647668394,0.290509968996048
0.68097106424718,0.8992875647668394,0.29053419828414917
0.681026730973596,0.8992875647668394,0.2905711233615875
0.6811937857726901,0.8992875647668394,0.29075801372528076
0.6813052011776252,0.8992875647668394,0.2908268868923187
0.6813609225484584,0.8992875647668394,0.2909941077232361
0.6814166530345166,0.8992875647668394,0.2910173535346985
0.6813905930470348,0.8991796200345423,0.2910251319408417
0.681446335078534,0.8991796200345423,0.29107898473739624
0.6814202732553383,0.8990716753022453,0.29115939140319824
0.6814760268368516,0.8990716753022453,0.2912854850292206
0.6815317895425906,0.8990716753022453,0.2914583384990692
0.681505728314239,0.8989637305699482,0.29151540994644165
0.6815615025779523,0.8989637305699482,0.29151567816734314
0.6816172859715174,0.8989637305699482,0.29168492555618286
0.6815912253417369,0.8988557858376511,0.29178863763809204
0.6816470203012442,0.8988557858376511,0.29181092977523804
0.6817028243962341,0.8988557858376511,0.2919061779975891
0.6817586376289504,0.8988557858376511,0.29191291332244873
0.6818144600016376,0.8988557858376511,0.2921363413333893
0.6818702915165411,0.8988557858376511,0.292224258184433
0.681844238801081,0.8987478411053541,0.2922267019748688
0.6819000819000819,0.8987478411053541,0.2923279106616974
0.6819559341469408,0.8987478411053541,0.2927198112010956
0.6820676660932252,0.8987478411053541,0.29290932416915894
0.6820416188759626,0.898639896373057,0.29306527972221375
0.6820975010241704,0.898639896373057,0.2930713891983032
0.6821533923303835,0.898639896373057,0.2932189702987671
0.6821012948696935,0.8984240069084629,0.2933966815471649
0.682075239734448,0.8983160621761658,0.29346591234207153
0.6820491803278689,0.8982081174438687,0.29349783062934875
0.6821610100016396,0.8982081174438687,0.2935452163219452
0.6822169385914569,0.8982081174438687,0.2936268448829651
0.6822728763529026,0.8982081174438687,0.293796181678772
0.6823288232882329,0.8982081174438687,0.2938915491104126
0.6823847793997048,0.8982081174438687,0.293902724981308
0.6823587304190929,0.8981001727115717,0.29390794038772583
0.6823326771653543,0.8979922279792746,0.2939701974391937
0.6823886473628086,0.8979922279792746,0.29398971796035767
0.6821279041129628,0.896912780656304,0.29422733187675476
0.6822399211757944,0.896912780656304,0.29441195726394653
0.6822959435046806,0.896912780656304,0.2944510281085968
0.6823519750349019,0.896912780656304,0.29454708099365234
0.6824080157687253,0.896912780656304,0.294547438621521
0.6824640657084189,0.896912780656304,0.2946018576622009
0.6826322707854091,0.896912780656304,0.29469048976898193
0.6826362067548689,0.8966968911917098,0.2947264611721039
0.6827523840841828,0.8964810017271158,0.2947748303413391
0.6827263010770369,0.8963730569948186,0.294807493686676
0.6827824370991613,0.8963730569948186,0.2948707044124603
0.6828385823534249,0.8963730569948186,0.29504719376564026
0.6828947368421052,0.8963730569948186,0.2951691746711731
0.6829509005674809,0.8963730569948186,0.29521554708480835
0.6828505595786701,0.8957253886010362,0.29527348279953003
0.6828244588922723,0.8956174438687392,0.29537633061408997
0.682880658436214,0.8956174438687392,0.2954953908920288
0.6828545559305292,0.8955094991364422,0.2956197261810303
0.6828284491274283,0.895401554404145,0.2956622242927551
0.6828846628797234,0.895401554404145,0.2957746386528015
0.6829971181556196,0.895401554404145,0.2959540784358978
0.683083511777302,0.895293609671848,0.2965753376483917
0.6830574087801664,0.895185664939551,0.296690970659256
0.6830051898838455,0.8949697754749568,0.29698723554611206
0.6830614598780689,0.8949697754749568,0.2974526882171631
0.6830353464612342,0.8948618307426598,0.2978314757347107
0.6831479192418624,0.8948618307426598,0.2980121970176697
0.6831218064941487,0.8947538860103627,0.298075407743454
0.6831781092887167,0.8947538860103627,0.29866823554039
0.6832344213649851,0.8947538860103627,0.2988300025463104
0.6832083092902481,0.8946459412780656,0.29899799823760986
0.6832646331409727,0.8946459412780656,0.299349844455719
0.683238519251381,0.8945379965457686,0.29939931631088257
0.683576672440815,0.8945379965457686,0.2993996739387512
0.6836330638508497,0.8945379965457686,0.29954037070274353
0.6836894645656298,0.8945379965457686,0.299703985452652
0.6837458745874587,0.8945379965457686,0.2998118996620178
0.6837197788596419,0.8944300518134715,0.2998140752315521
0.6837762006931837,0.8944300518134715,0.29982098937034607
0.683919432062077,0.8943221070811744,0.2998822331428528
0.6839758936679601,0.8943221070811744,0.2999761998653412
0.6839498018494056,0.8942141623488774,0.3000161945819855
0.6840062752869293,0.8942141623488774,0.30005940794944763
0.6840627580511973,0.8942141623488774,0.30011415481567383
0.6841192501445206,0.8942141623488774,0.30046629905700684
0.6841757515692104,0.8942141623488774,0.300791472196579
0.684232262327579,0.8942141623488774,0.3009386360645294
0.6842887824219396,0.8942141623488774,0.3009529411792755
0.6848544973544973,0.8942141623488774,0.3010977506637573
0.6849111202976437,0.8942141623488774,0.30121248960494995
0.6848850669753597,0.8941062176165803,0.301393061876297
0.684941701810965,0.8941062176165803,0.30146247148513794
0.6849156467085676,0.8939982728842832,0.3017241656780243
0.6848895872963361,0.8938903281519862,0.30173376202583313
0.6849462365591398,0.8938903281519862,0.30179882049560547
0.6849201753660352,0.8937823834196891,0.3019154965877533
0.684976836532098,0.8937823834196891,0.30202028155326843
0.6848986346710798,0.8934585492227979,0.3020290434360504
0.684872558755379,0.8933506044905009,0.30219539999961853
0.6850732676546072,0.8932426597582038,0.30220189690589905
0.6850778403444849,0.8930267702936097,0.30256387591362
0.6851345755693582,0.8930267702936097,0.302677720785141
0.6851913201921485,0.8930267702936097,0.30268874764442444
0.6857071795722103,0.8928108808290155,0.3028178811073303
0.6857640328330984,0.8928108808290155,0.3033367395401001
0.685820895522388,0.8928108808290155,0.30333900451660156
0.685794842026702,0.8927029360967185,0.30340322852134705
0.685851716702604,0.8927029360967185,0.3035331666469574
0.6859086008128058,0.8927029360967185,0.30374473333358765
0.6858825481088254,0.8925949913644214,0.30375081300735474
0.6860532647473658,0.8925949913644214,0.3038587272167206
0.6861671230603269,0.8925949913644214,0.3038741946220398
0.6862240663900415,0.8925949913644214,0.30398669838905334
0.6862810191717155,0.8925949913644214,0.304294615983963
0.6863949531003569,0.8925949913644214,0.3044319450855255
0.6864519342520339,0.8925949913644214,0.3044632375240326
0.6865089248650893,0.8925949913644214,0.3045870065689087
0.6861962935261364,0.8912996545768567,0.3047582507133484
0.6862533244680851,0.8912996545768567,0.30481693148612976
0.6862272462804422,0.8911917098445595,0.30488377809524536
0.6862011637572735,0.8910837651122625,0.3048901855945587
0.6865175081094569,0.8909758203799655,0.30509015917778015
0.6865746132091166,0.8909758203799655,0.30511048436164856
0.6866317278096664,0.8909758203799655,0.30512771010398865
0.6866888519134775,0.8909758203799655,0.3052004873752594
0.686745985522922,0.8909758203799655,0.3054230809211731
0.6867770658234168,0.8908678756476683,0.3055036664009094
0.6868342210386151,0.8908678756476683,0.3055834472179413
0.6868081564710778,0.8907599309153713,0.3056684136390686
0.686865323788913,0.8907599309153713,0.3059481084346771
0.6869225006243237,0.8907599309153713,0.3061210513114929
0.686979686979687,0.8907599309153713,0.30612847208976746
0.6870368828573807,0.8907599309153713,0.3063974976539612
0.6870940882597835,0.8907599309153713,0.3064326345920563
0.6871513031892748,0.8907599309153713,0.306675523519516
0.6871252498334444,0.8906519861830743,0.30667588114738464
0.6872136609745939,0.8905440414507773,0.30668699741363525
0.6872709096967677,0.8905440414507773,0.3069412410259247
0.6877032096706961,0.8904360967184801,0.3070369362831116
0.6877605469401368,0.8904360967184801,0.3070670962333679
0.6878178937713666,0.8904360967184801,0.30707472562789917
0.6878752501667779,0.8904360967184801,0.30741235613822937
0.6878492202485197,0.8903281519861831,0.30746015906333923
0.68790658882402,0.8903281519861831,0.3074823021888733
0.6879639669697223,0.8903281519861831,0.3076152801513672
0.6880213546880214,0.8903281519861831,0.3076777160167694
0.6880787519813131,0.8903281519861831,0.30770841240882874
0.6881101376720901,0.8902202072538861,0.3079007565975189
0.6880841121495327,0.8901122625215889,0.3079679310321808
0.6881415338396061,0.8901122625215889,0.3080690801143646
0.6881989651143382,0.8901122625215889,0.3083607256412506
0.6881729404891077,0.8900043177892919,0.3085334002971649
0.6882303839732888,0.8900043177892919,0.3086434602737427
0.6882878370481676,0.8900043177892919,0.30866968631744385
0.6882618133244282,0.8898963730569949,0.30874067544937134
0.6882357852550722,0.8897884283246977,0.3091966211795807
0.6883507306889353,0.8897884283246977,0.30922770500183105
0.6884082178052447,0.8897884283246977,0.3092800974845886
0.6884396926161043,0.8896804835924007,0.30932119488716125
0.6884136663603709,0.8895725388601037,0.3094952702522278
0.6884711779448621,0.8895725388601037,0.3095090985298157
0.6885286991394436,0.8895725388601037,0.3096175789833069
0.6885862299465241,0.8895725388601037,0.3097520172595978
0.6885602072365672,0.8894645941278065,0.30976602435112
0.6886177502924954,0.8894645941278065,0.30982258915901184
0.6886753029669871,0.8894645941278065,0.3098437190055847
0.688649281176864,0.8893566493955095,0.3098834455013275
0.6887068461088356,0.8893566493955095,0.30988627672195435
0.6887644206654405,0.8893566493955095,0.3099479377269745
0.6887383997993479,0.8892487046632125,0.31004446744918823
0.6887959866220735,0.8892487046632125,0.3100677728652954
0.6887699640438164,0.8891407599309153,0.3103886842727661
0.6905001678415575,0.8881692573402418,0.3104245066642761
0.6905581200167855,0.8881692573402418,0.31053560972213745
0.6906160819204298,0.8881692573402418,0.31055665016174316
0.6906740535549399,0.8881692573402418,0.3105587363243103
0.6907320349227669,0.8881692573402418,0.3106226623058319
0.6907900260263622,0.8881692573402418,0.3106922507286072
0.6907640638119228,0.8880613126079447,0.31070318818092346
0.6907380972373834,0.8879533678756477,0.3109317421913147
0.6907961034598589,0.8879533678756477,0.31100764870643616
0.690854119425548,0.8879533678756477,0.3112376630306244
0.6909121451369058,0.8879533678756477,0.3113577365875244
0.6909442204301075,0.8878454231433506,0.3114698827266693
0.6909182559018735,0.8877374784110535,0.31153130531311035
0.6909763065031087,0.8877374784110535,0.3116200864315033
0.6910343668599277,0.8877374784110535,0.31169039011001587
0.69109243697479,0.8877374784110535,0.3118150234222412
0.6910664761744685,0.8876295336787565,0.3118218779563904
0.6911245587493696,0.8876295336787565,0.31207016110420227
0.6911826510885097,0.8876295336787565,0.3120979070663452
0.6912407531943511,0.8876295336787565,0.31219014525413513
0.6912988650693569,0.8876295336787565,0.3122461438179016
0.6913569867159912,0.8876295336787565,0.3124188184738159
0.6913310350626419,0.8875215889464594,0.3124775290489197
0.691389169189371,0.8875215889464594,0.31248077750205994
0.6913632158775544,0.8874136442141624,0.31253781914711
0.6914213624894869,0.8874136442141624,0.3125881552696228
0.6915117355093799,0.8873056994818653,0.31259238719940186
0.6915699141847552,0.8873056994818653,0.31274282932281494
0.6916281026503996,0.8873056994818653,0.31288087368011475
0.6916863009087849,0.8873056994818653,0.3129028379917145
0.6916603551291761,0.8871977547495682,0.3129257559776306
0.691718565897997,0.8871977547495682,0.3131282329559326
0.6917767864657857,0.8871977547495682,0.31315600872039795
0.6918350168350168,0.8871977547495682,0.3131972849369049
0.6918090748379493,0.8870898100172712,0.31330206990242004
0.6918673177302577,0.8870898100172712,0.3133943974971771
0.6919255704302433,0.8870898100172712,0.31339654326438904
0.691983832940384,0.8870898100172712,0.31353041529655457
0.6920421052631579,0.8870898100172712,0.31361740827560425
0.6925347954449599,0.8862262521588946,0.3138824999332428
0.6925932174793319,0.8862262521588946,0.3140880763530731
0.6925672825445035,0.8861183074265976,0.31420692801475525
0.6925413432332096,0.8860103626943006,0.31426653265953064
0.6925997806092313,0.8860103626943006,0.31438755989074707
0.6926582278481013,0.8860103626943006,0.3143937289714813
0.6928336287667763,0.8860103626943006,0.31447306275367737
0.6928402566700439,0.8857944732297064,0.31451401114463806
0.6928468879317625,0.8855785837651122,0.31456100940704346
0.6929054054054054,0.8855785837651122,0.3146360218524933
0.6929639327645916,0.8855785837651122,0.3148667812347412
0.6930224700118264,0.8855785837651122,0.3150797188282013
0.6929965362845315,0.8854706390328152,0.3151976466178894
0.6929705981750591,0.8853626943005182,0.3153112828731537
0.6930291508238277,0.8853626943005182,0.31551849842071533
0.6930032110866994,0.885254749568221,0.31567639112472534
0.6930358350236646,0.885146804835924,0.3156774044036865
0.6933288238775682,0.885146804835924,0.31571561098098755
0.693302891933029,0.885038860103627,0.31574612855911255
0.6933559035124841,0.8842832469775475,0.31576988101005554
0.6934145928559337,0.8842832469775475,0.31582385301589966
0.6933886396343012,0.8841753022452504,0.31585565209388733
0.6934213868427737,0.8840673575129534,0.3158625364303589
0.6935975609756098,0.8840673575129534,0.31598928570747375
0.6936563055814348,0.8840673575129534,0.31605789065361023
0.6938325991189427,0.8840673575129534,0.3163590133190155
0.693891383546556,0.8840673575129534,0.31644952297210693
0.6938654465344857,0.8839594127806563,0.3165680170059204
0.6939242437081603,0.8839594127806563,0.3167340159416199
0.6939830508474576,0.8839594127806563,0.31695207953453064
0.6941006950330565,0.8839594127806563,0.31695878505706787
0.694022891055532,0.8836355785837651,0.31718334555625916
0.6939969476004748,0.883527633851468,0.31725800037384033
0.6940557958110743,0.883527633851468,0.317261278629303
0.6941146540027137,0.883527633851468,0.3176490068435669
0.6941735221779323,0.883527633851468,0.3177615702152252
0.6942324003392706,0.883527633851468,0.31785130500793457
0.6942064636525574,0.883419689119171,0.3179406523704529
0.6941805225653207,0.8833117443868739,0.31800228357315063
0.6942394163061,0.8833117443868739,0.31802502274513245
0.6942134736127609,0.8832037996545768,0.3182133734226227
0.6942723801442512,0.8832037996545768,0.31832191348075867
0.6943312966734555,0.8832037996545768,0.3183615207672119
0.6943053551727064,0.8830958549222798,0.3187485933303833
0.6942794092683755,0.8829879101899827,0.31875133514404297
0.6942534589593413,0.8828799654576857,0.31880220770835876
0.6943123938879456,0.8828799654576857,0.31883949041366577
0.6943713388233297,0.8828799654576857,0.31893470883369446
0.6942934782608695,0.8825561312607945,0.3189491927623749
0.6943524416135881,0.8825561312607945,0.3189612030982971
0.6944703983691497,0.8825561312607945,0.31921595335006714
0.6944444444444444,0.8824481865284974,0.3192424178123474
0.6945624468988955,0.8824481865284974,0.31930503249168396
0.6946214631659444,0.8824481865284974,0.319388210773468
0.6946804894629504,0.8824481865284974,0.31939974427223206
0.6947395257924704,0.8824481865284974,0.3195323348045349
0.6947985721570628,0.8824481865284974,0.3196074664592743
0.694857628559286,0.8824481865284974,0.31962814927101135
0.6949166950017001,0.8824481865284974,0.3196429908275604
0.6948907591600783,0.8823402417962003,0.31973838806152344
0.694864818908349,0.8822322970639033,0.31974896788597107
0.6948388742453873,0.8821243523316062,0.3198064863681793
0.6948460622554856,0.8819084628670121,0.31984102725982666
0.6949051628816875,0.8819084628670121,0.3199074864387512
0.6949642735624362,0.8819084628670121,0.32019615173339844
0.6949383241173969,0.881800518134715,0.3202448785305023
0.6949123702569339,0.8816925734024179,0.3206530213356018
0.6949714966391559,0.8816925734024179,0.32075443863868713
0.6950306330837305,0.8816925734024179,0.32077139616012573
0.6950897795932262,0.8816925734024179,0.3208619952201843
0.695063829787234,0.8815846286701209,0.3210667371749878
0.6950378755638777,0.8814766839378239,0.3211221992969513
0.6950119169220292,0.8813687392055267,0.3212026059627533
0.6950710819783774,0.8813687392055267,0.32125309109687805
0.6951894423158791,0.8813687392055267,0.32132938504219055
0.6952486376021798,0.8813687392055267,0.321550577878952
0.6952226858554033,0.8812607944732297,0.3217960000038147
0.6952818940555272,0.8812607944732297,0.3219545781612396
0.6953411123413679,0.8812607944732297,0.3220415413379669
0.6953151618398637,0.8811528497409327,0.32216379046440125
0.6953743930488117,0.8811528497409327,0.3222205340862274
0.6953484409609815,0.8810449050086355,0.3225075304508209
0.6954076850984068,0.8810449050086355,0.3228866755962372
0.69546693933197,0.8810449050086355,0.3229648768901825
0.6954150332367479,0.8808290155440415,0.3230418860912323
0.6954743032472513,0.8808290155440415,0.32308727502822876
0.6954297407912687,0.8803972366148531,0.32319676876068115
0.6954037690799011,0.8802892918825561,0.3232317864894867
0.6953777929387686,0.8801813471502591,0.32333076000213623
0.6954371002132196,0.8801813471502591,0.32360395789146423
0.695496417604913,0.8801813471502591,0.32372868061065674
0.6955037966043853,0.8799654576856649,0.3238583505153656
0.6955631399317406,0.8799654576856649,0.32387596368789673
0.6956224933868077,0.8799654576856649,0.32401829957962036
0.6956818569721795,0.8799654576856649,0.324623167514801
0.6957412306904498,0.8799654576856649,0.3246817886829376
0.695800614544213,0.8799654576856649,0.32484859228134155
0.6958600085360649,0.8799654576856649,0.3251174986362457
0.6959194126686017,0.8799654576856649,0.32524773478507996
0.6959788269444207,0.8799654576856649,0.3252498209476471
0.6959863364645602,0.8797495682210709,0.32534515857696533
0.6961052271950803,0.8797495682210709,0.32535892724990845
0.6960499316005472,0.8787780656303973,0.3253680467605591
0.6961094484822574,0.8787780656303973,0.32551059126853943
0.6961689755430135,0.8787780656303973,0.32554805278778076
0.6964407939767283,0.8786701208981001,0.32557573914527893
0.6965003850432104,0.8786701208981001,0.32588449120521545
0.6965599863084032,0.8786701208981001,0.3259087800979614
0.6966195977749251,0.8786701208981001,0.32593753933906555
0.6965936323176994,0.8785621761658031,0.32601162791252136
0.6969411361494302,0.8780224525043178,0.3262508809566498
0.6970008568980292,0.8780224525043178,0.32627373933792114
0.6970605878824235,0.8780224525043178,0.3263002634048462
0.6971203291052451,0.8780224525043178,0.3263336718082428
0.6970943687323219,0.8779145077720207,0.3263460695743561
0.6971541230927482,0.8779145077720207,0.3263886272907257
0.6971281611658808,0.8778065630397237,0.3265935480594635
0.6971879286694102,0.8778065630397237,0.32681530714035034
0.6972477064220184,0.8778065630397237,0.327120840549469
0.697307494426342,0.8778065630397237,0.32727503776550293
0.6973672926850184,0.8778065630397237,0.32728251814842224
0.6974271012006861,0.8778065630397237,0.3273659348487854
0.6976065883160333,0.8778065630397237,0.3276006877422333
0.6976664378860673,0.8778065630397237,0.32761406898498535
0.6977842665750601,0.8770509499136442,0.3277641832828522
0.6978441982306965,0.8770509499136442,0.32776644825935364
0.6979041401820993,0.8770509499136442,0.3278336822986603
0.6980240549828178,0.8770509499136442,0.3280869424343109
0.6979981098032477,0.8769430051813472,0.3281274437904358
0.6985382631126398,0.8769430051813472,0.3282061219215393
0.6986925855840358,0.8768350604490501,0.3282090127468109
0.6987267721954576,0.876727115716753,0.32862788438796997
0.6986572559820967,0.8761873920552677,0.32866916060447693
0.6989488195760813,0.8756476683937824,0.3287114202976227
0.6990692864529473,0.8756476683937824,0.3289147913455963
0.6988876433560404,0.874892055267703,0.32918140292167664
0.6989479130734736,0.874892055267703,0.3292508125305176
0.6990081931867184,0.874892055267703,0.3292551040649414
0.6990684836984647,0.874892055267703,0.32932019233703613
0.6990425256620374,0.8747841105354058,0.3293386399745941
0.6991028295376122,0.8747841105354058,0.32943329215049744
0.6990768699853335,0.8746761658031088,0.329464852809906
0.6990509059534081,0.8745682210708118,0.32947564125061035
0.6990249374406765,0.8744602763385146,0.32948121428489685
0.6990852606144288,0.8744602763385146,0.3295252025127411
0.699145594200397,0.8744602763385146,0.32954615354537964
0.69898972454883,0.8738126079447323,0.3296341300010681
0.6989637305699482,0.8737046632124352,0.32965826988220215
0.6990240953450212,0.8737046632124352,0.3296680450439453
0.6989980998445328,0.8735967184801382,0.32969146966934204
0.6990584780167574,0.8735967184801382,0.33003371953964233
0.6990324809951624,0.8734887737478411,0.330373615026474
0.6990064794816415,0.873380829015544,0.330405592918396
0.6991876944348427,0.873380829015544,0.3304625153541565
0.6992481203007519,0.873380829015544,0.3304930031299591
0.6992221261884183,0.873272884283247,0.3305571973323822
0.6992565698478561,0.8731649395509499,0.3306797742843628
0.6993170225641913,0.8731649395509499,0.3306841254234314
0.6993774857340481,0.8731649395509499,0.3307833671569824
0.6993514915693904,0.8730569948186528,0.3308141231536865
0.6994119681771014,0.8730569948186528,0.3308507800102234
0.6993684574790207,0.8726252158894646,0.33097007870674133
0.699342446790102,0.8725172711571675,0.33134302496910095
0.6994029592454789,0.8725172711571675,0.3313746154308319
0.6994634821737625,0.8725172711571675,0.33147886395454407
0.6994374729554306,0.8724093264248705,0.3315339982509613
0.699411459234897,0.8723013816925734,0.3317466676235199
0.6993854410109929,0.8721934369602763,0.3318246006965637
0.6993594182825484,0.8720854922279793,0.33206501603126526
0.6996016626255629,0.8720854922279793,0.332167387008667
0.6996622499350481,0.8720854922279793,0.3326002061367035
0.6996362376580634,0.8719775474956822,0.3326769769191742
0.6996968384582071,0.8719775474956822,0.3326874375343323
0.6997574497574498,0.8719775474956822,0.3326876163482666
0.6997314389673395,0.8718696027633851,0.3327299952507019
0.6997054236700745,0.8717616580310881,0.3327416181564331
0.6996794038644831,0.871653713298791,0.33279773592948914
0.6996533795493934,0.8715457685664939,0.33310946822166443
0.6996273507236329,0.8714378238341969,0.3331167995929718
0.6996879875195008,0.8714378238341969,0.33317506313323975
0.699748634827078,0.8714378238341969,0.33338475227355957
0.6998092926490985,0.8714378238341969,0.3334772288799286
0.6998699609882965,0.8714378238341969,0.3336154520511627
0.6999306398474077,0.8714378238341969,0.33367928862571716
0.6999913292291685,0.8714378238341969,0.3342289626598358
0.7000520291363164,0.8714378238341969,0.33432427048683167
0.7001127395715896,0.8714378238341969,0.3344636559486389
0.7000867302688638,0.8713298791018999,0.33447709679603577
0.7001474542458149,0.8713298791018999,0.33448323607444763
0.7002081887578071,0.8713298791018999,0.33451664447784424
0.7001561686621551,0.8711139896373057,0.3345322906970978
0.7002169197396964,0.8711139896373057,0.3346039950847626
0.7002776813606386,0.8711139896373057,0.3347010314464569
0.7003384535277272,0.8711139896373057,0.33470386266708374
0.7003124457559452,0.8710060449050087,0.33485081791877747
0.700373231490322,0.8710060449050087,0.3350715637207031
0.7004948346210609,0.8710060449050087,0.3351162374019623
0.7005556520229207,0.8710060449050087,0.33514267206192017
0.70059048280653,0.8708981001727115,0.33515068888664246
0.700651324359531,0.8708981001727115,0.3352910876274109
0.7006253256904638,0.8707901554404145,0.3355058431625366
0.7008079228563983,0.8707901554404145,0.33559754490852356
0.700781928757602,0.8706822107081175,0.3357546329498291
0.7007559301416283,0.8705742659758203,0.3358834385871887
0.7008168230795968,0.8705742659758203,0.33590397238731384
0.7008777266011993,0.8705742659758203,0.3359087407588959
0.7009386407091952,0.8705742659758203,0.3359794020652771
0.7009995654063451,0.8705742659758203,0.3361237645149231
0.7009735744089013,0.8704663212435233,0.336182177066803
0.7009475788924628,0.8703583765112263,0.33639538288116455
0.7010085202573465,0.8703583765112263,0.3364488482475281
0.701069472219807,0.8703583765112263,0.3364742696285248
0.7010434782608695,0.8702504317789291,0.336639940738678
0.7011044438646838,0.8702504317789291,0.3368290364742279
0.7011224223440355,0.8698186528497409,0.3371398150920868
0.7011834319526628,0.8698186528497409,0.3371698558330536
0.7011574275519972,0.8697107081174439,0.33732399344444275
0.7012184508268059,0.8697107081174439,0.3374522924423218
0.7012794847245191,0.8697107081174439,0.33746859431266785
0.7013405292479109,0.8697107081174439,0.33748218417167664
0.7011844626371713,0.8690630397236615,0.33757489919662476
0.7011584356763348,0.8689550949913645,0.33760717511177063
0.7011324041811847,0.8688471502590673,0.33764976263046265
0.7011063681505357,0.8687392055267703,0.33766791224479675
0.7010803275832026,0.8686312607944733,0.33782920241355896
0.7012636165577342,0.8686312607944733,0.3378481864929199
0.701324734181628,0.8686312607944733,0.33792516589164734
0.7013858624596879,0.8686312607944733,0.33802470564842224
0.7013598326359832,0.8685233160621761,0.3381657600402832
0.7014209746316798,0.8685233160621761,0.33824753761291504
0.7013949433304272,0.8684153713298791,0.33843106031417847
0.7016136066288705,0.8683074265975821,0.3385363221168518
0.7016748080949058,0.8683074265975821,0.33856654167175293
0.7016487830410887,0.868199481865285,0.3391816020011902
0.70162275344617,0.8680915371329879,0.33948495984077454
0.7015967193089608,0.8679835924006909,0.3395591676235199
0.7016579406631762,0.8679835924006909,0.339743047952652
0.7019121627521173,0.8677677029360967,0.3397488296031952
0.7020960698689956,0.8677677029360967,0.33983278274536133
0.7021573936588348,0.8677677029360967,0.34012964367866516
0.7022187281621244,0.8677677029360967,0.3401311933994293
0.7022800733816721,0.8677677029360967,0.34014078974723816
0.7022540625546042,0.8676597582037997,0.34030741453170776
0.7023154215814766,0.8676597582037997,0.340309202671051
0.7023767913317022,0.8676597582037997,0.3405086100101471
0.7027996500437446,0.8671200345423143,0.34056252241134644
0.7027476373818691,0.8669041450777202,0.340697705745697
0.7028091362562352,0.8669041450777202,0.34072646498680115
0.7027831262033958,0.8667962003454232,0.34088802337646484
0.7029416914725968,0.8666882556131261,0.3408980667591095
0.7030032396462657,0.8666882556131261,0.3410350978374481
0.7030647985989492,0.8666882556131261,0.3410353660583496
0.7030387949908048,0.866580310880829,0.34104302525520325
0.7031003678402522,0.866580310880829,0.3411194086074829
0.7031619514758694,0.866580310880829,0.3412349820137024
0.7032235459004905,0.866580310880829,0.3412740230560303
0.703197547087166,0.866472366148532,0.3414190411567688
0.7032591554231645,0.866472366148532,0.34149467945098877
0.7033207745553316,0.866472366148532,0.3416740298271179
0.7032947774272695,0.8663644214162349,0.34179145097732544
0.7033564104811147,0.8663644214162349,0.3417980670928955
0.703330411919369,0.8662564766839378,0.3418361246585846
0.7033920589008678,0.8662564766839378,0.34190934896469116
0.7034537166900421,0.8662564766839378,0.3420095443725586
0.7034277198211625,0.8661485319516408,0.3422561287879944
0.7034893915483079,0.8661485319516408,0.3423055112361908
0.7035510740903113,0.8661485319516408,0.342369019985199
0.7035250789196773,0.8660405872193437,0.3425397574901581
0.7035867754099798,0.8660405872193437,0.3426118791103363
0.703560778810735,0.8659326424870466,0.3428891599178314
0.7036224892553284,0.8659326424870466,0.3429028391838074
0.7035964912280702,0.8658246977547496,0.34304264187812805
0.7036582156329503,0.8658246977547496,0.34312519431114197
0.70444952514949,0.864745250431779,0.343315452337265
0.7044235335502594,0.8646373056994818,0.343393474817276
0.7044854881266491,0.8646373056994818,0.3437390625476837
0.7044594951183042,0.8645293609671848,0.34375640749931335
0.7045214637579169,0.8645293609671848,0.34380030632019043
0.7045834433007829,0.8645293609671848,0.3438475728034973
0.7045574520499736,0.8644214162348878,0.34388986229896545
0.7046814501935939,0.8644214162348878,0.3439372181892395
0.7047434656340755,0.8644214162348878,0.3439379334449768
0.7048415492957747,0.8643134715025906,0.3439991772174835
0.704903600669073,0.8643134715025906,0.3443142771720886
0.7049656629688326,0.8643134715025906,0.3446124792098999
0.7049396847759092,0.8642055267702936,0.34467604756355286
0.7049238086849291,0.8638816925734024,0.34474706649780273
0.7048978153629316,0.8637737478411054,0.34540295600891113
0.7050220264317181,0.8637737478411054,0.3456706404685974
0.7050841483831175,0.8637737478411054,0.34571024775505066
0.7051462812830455,0.8637737478411054,0.34585705399513245
0.705394922425952,0.8637737478411054,0.34634560346603394
0.7054154171811607,0.8633419689119171,0.34667760133743286
0.7055398729710657,0.8633419689119171,0.34668657183647156
0.7056021173356859,0.8633419689119171,0.34701117873191833
0.7055761425798482,0.86323402417962,0.3472244441509247
0.705638401129445,0.86323402417962,0.34740546345710754
0.7057006706671373,0.86323402417962,0.347578763961792
0.7057369814651369,0.863126079447323,0.3476865291595459
0.7057992761938389,0.863126079447323,0.3480214476585388
0.705861581920904,0.863126079447323,0.34804245829582214
0.7059238986492452,0.863126079447323,0.34808409214019775
0.7059862263817764,0.863126079447323,0.3482138514518738
0.7059602649006622,0.8630181347150259,0.3482700288295746
0.7060849598163031,0.8630181347150259,0.34838366508483887
0.7061473237943826,0.8630181347150259,0.34868866205215454
0.706095406360424,0.8628022452504318,0.34872984886169434
0.7060694407633183,0.8626943005181347,0.34880587458610535
0.7061163160685876,0.8623704663212435,0.34885373711586
0.7061787324317157,0.8623704663212435,0.34887558221817017
0.7062411598302687,0.8623704663212435,0.3491182029247284
0.7063035982671736,0.8623704663212435,0.34923702478408813
0.706366047745358,0.8623704663212435,0.34932205080986023
0.7064285082677514,0.8623704663212435,0.34959983825683594
0.7064909798372834,0.8623704663212435,0.3497639298439026
0.7064650216679933,0.8622625215889465,0.35005372762680054
0.7064390589067752,0.8621545768566494,0.35012561082839966
0.7065015479876161,0.8621545768566494,0.35025864839553833
0.7063716814159292,0.8616148531951641,0.35056808590888977
0.7064341977166121,0.8616148531951641,0.35059043765068054
0.7064967250840857,0.8616148531951641,0.35062700510025024
0.7064447592067988,0.8613989637305699,0.3506949841976166
0.7065073041168659,0.8613989637305699,0.35075879096984863
0.7064813175137241,0.8612910189982729,0.35081183910369873
0.7065438767378022,0.8612910189982729,0.35088589787483215
0.7065178887708112,0.8611830742659758,0.3510979115962982
0.7065804623151183,0.8611830742659758,0.35140714049339294
0.7066430469441984,0.8611830742659758,0.35147109627723694
0.7066170608557002,0.8610751295336787,0.3515166938304901
0.7066796598157336,0.8610751295336787,0.35161498188972473
0.7067422698679897,0.8610751295336787,0.35177937150001526
0.7067162856636541,0.8609671848013817,0.35191792249679565
0.7067789100575986,0.8609671848013817,0.3519332706928253
0.7068415455512229,0.8609671848013817,0.3520983159542084
0.7070295186596933,0.8609671848013817,0.35212254524230957
0.7070035460992907,0.8608592400690847,0.3522515296936035
0.707066229275645,0.8608592400690847,0.3522821068763733
0.7070402553644263,0.8607512953367875,0.352375864982605
0.7071029529130087,0.8607512953367875,0.35244056582450867
0.7071656615821214,0.8607512953367875,0.3525555431842804
0.707139689578714,0.8606433506044905,0.35267460346221924
0.7072024126308321,0.8606433506044905,0.3529741168022156
0.7072651468109642,0.8606433506044905,0.3530277907848358
0.7073387168337918,0.8604274611398963,0.3530386686325073
0.7073127440539582,0.8603195164075993,0.35304197669029236
0.7072867666637082,0.8602115716753023,0.3530847132205963
0.7073495473104917,0.8602115716753023,0.35327982902526855
0.7073863636363636,0.8601036269430051,0.35332247614860535
0.7074491698481754,0.8601036269430051,0.3533955514431
0.7075119872136388,0.8601036269430051,0.35343730449676514
0.7075748157357251,0.8601036269430051,0.3534913957118988
0.7075488454706927,0.8599956822107081,0.35370537638664246
0.7076116884270361,0.8599956822107081,0.35372161865234375
0.7078002842928216,0.8599956822107081,0.3538491725921631
0.7078631719235895,0.8599956822107081,0.3539843261241913
0.707837213435223,0.8598877374784111,0.35398584604263306
0.707900115524749,0.8598877374784111,0.35403749346733093
0.7079630287948809,0.8598877374784111,0.3540594279766083
0.7079740421370788,0.8596718480138169,0.35409560799598694
0.7080369843527738,0.8596718480138169,0.35430052876472473
0.7080999377611807,0.8596718480138169,0.3543799817562103
0.7081629023652855,0.8596718480138169,0.35440900921821594
0.7082258781680747,0.8596718480138169,0.3544779121875763
0.7082888651725364,0.8596718480138169,0.35455238819122314
0.7083518633816597,0.8596718480138169,0.3546310067176819
0.7084148727984344,0.8596718480138169,0.35482266545295715
0.7087378640776699,0.8589162348877375,0.3548465073108673
0.708800997683948,0.8589162348877375,0.3548470139503479
0.7087750556792873,0.8588082901554405,0.35498398542404175
0.7088122605363985,0.8587003454231433,0.3549911379814148
0.7088754232757084,0.8587003454231433,0.3550434708595276
0.7088494786560913,0.8585924006908463,0.3550478518009186
0.7089126559714795,0.8585924006908463,0.3551192879676819
0.7089758445494251,0.8585924006908463,0.3552382290363312
0.70903904439294,0.8585924006908463,0.3553193509578705
0.709102255505037,0.8585924006908463,0.3553934097290039
0.7091654778887304,0.8585924006908463,0.3553994297981262
0.7092027822364901,0.8584844559585493,0.3554147183895111
0.7092660305003121,0.8584844559585493,0.3555529713630676
0.7093292900463789,0.8584844559585493,0.3556820750236511
0.7093925608777094,0.8584844559585493,0.3558519780635834
0.7093666369313113,0.8583765112262521,0.3559815287590027
0.7093407083593541,0.8582685664939551,0.35602840781211853
0.7093147751605996,0.8581606217616581,0.3561333119869232
0.7093780672793789,0.8581606217616581,0.3562344014644623
0.7094413706942709,0.8581606217616581,0.35639768838882446
0.7094154395359215,0.8580526770293609,0.3564754128456116
0.709542086940998,0.8580526770293609,0.3566019833087921
0.7096054276022139,0.8580526770293609,0.3566302955150604
0.7095795018301937,0.8579447322970639,0.3567216992378235
0.7096428571428571,0.8579447322970639,0.35682204365730286
0.7097062237699795,0.8579447322970639,0.35702958703041077
0.7096284387281172,0.8576208981001727,0.35711655020713806
0.7096025011165699,0.8575129533678757,0.3571680188179016
0.7096399535423926,0.8574050086355786,0.3572181463241577
0.7099570968895245,0.8574050086355786,0.35726043581962585
0.7100205595780817,0.8574050086355786,0.35739874839782715
0.7101475189986589,0.8574050086355786,0.3574749529361725
0.7102110157367668,0.8574050086355786,0.357806921005249
0.7103380432838491,0.8574050086355786,0.3578415811061859
0.710312136660406,0.8572970639032815,0.35784485936164856
0.7103756708407871,0.8572970639032815,0.35792985558509827
0.7103497629483854,0.8571891191709845,0.3579452335834503
0.7104133118625873,0.8571891191709845,0.3579894006252289
0.7103874027019773,0.8570811744386874,0.35808855295181274
0.7104509663564782,0.8570811744386874,0.3581653833389282
0.7105145413870246,0.8570811744386874,0.35827091336250305
0.7104886343296939,0.8569732297063903,0.35832372307777405
0.7105522241116978,0.8569732297063903,0.3583449125289917
0.7106158252774795,0.8569732297063903,0.35836949944496155
0.7106794378300958,0.8569732297063903,0.35837844014167786
0.710806697108067,0.8569732297063903,0.3584289848804474
0.7108703438395415,0.8569732297063903,0.358852744102478
0.7107786040677359,0.856325561312608,0.3588756024837494
0.7108422939068101,0.856325561312608,0.3589766025543213
0.710969707832945,0.856325561312608,0.3590797483921051
0.711033431926145,0.856325561312608,0.35911643505096436
0.7110971674435281,0.856325561312608,0.35925668478012085
0.7112246727631343,0.856325561312608,0.35933560132980347
0.7111987805971487,0.8562176165803109,0.3594299852848053
0.7112625538020086,0.8562176165803109,0.3595878481864929
0.7113263384449825,0.8562176165803109,0.35962074995040894
0.7113004484304932,0.8561096718480138,0.3596772253513336
0.7113642479146112,0.8561096718480138,0.3596823513507843
0.7113383566559024,0.8560017271157168,0.3600488305091858
0.7113124607517718,0.8558937823834197,0.36012575030326843
0.7113762784855554,0.8558937823834197,0.3601445257663727
0.7113503813369224,0.8557858376511226,0.3601992726325989
0.7114142139267767,0.8557858376511226,0.3602326512336731
0.7114780579736157,0.8557858376511226,0.3602856695652008
0.7115419134805241,0.8557858376511226,0.3602948486804962
0.7116057804505879,0.8557858376511226,0.3604090213775635
0.7115798922800718,0.8556778929188256,0.3605287969112396
0.7116437741269414,0.8556778929188256,0.3606129288673401
0.7117076674447836,0.8556778929188256,0.360790878534317
0.7116817814492233,0.8555699481865285,0.3607948422431946
0.7117456896551724,0.8555699481865285,0.3608051538467407
0.7117198024247867,0.8554620034542314,0.3608166575431824
0.7116939105442788,0.8553540587219344,0.36082908511161804
0.7117578370609898,0.8553540587219344,0.36091411113739014
0.7118217750628818,0.8553540587219344,0.3609209954738617
0.7117958853651963,0.8552461139896373,0.3612724542617798
0.7118598382749326,0.8552461139896373,0.3612918257713318
0.711923802677689,0.8552461139896373,0.3612951338291168
0.7118979151689432,0.8551381692573402,0.3614930212497711
0.711961894490878,0.8551381692573402,0.36156049370765686
0.7120258853136797,0.8551381692573402,0.36157655715942383
0.7120898876404494,0.8551381692573402,0.3616284132003784
0.7121539014742898,0.8551381692573402,0.3617649972438812
0.7122179268183044,0.8551381692573402,0.361789733171463
0.7122819636755979,0.8551381692573402,0.36188220977783203
0.7123460120492762,0.8551381692573402,0.3620019853115082
0.7123842072128789,0.8550302245250432,0.36213937401771545
0.712279438242708,0.8540587219343696,0.3621640205383301
0.7123435671198344,0.8540587219343696,0.3621886074542999
0.7124077075454709,0.8540587219343696,0.3622495234012604
0.7124718595227375,0.8540587219343696,0.3624347746372223
0.712536023054755,0.8540587219343696,0.36274805665016174
0.7126001981446456,0.8540587219343696,0.36281871795654297
0.7126385010359427,0.8539507772020726,0.36287426948547363
0.7127027027027028,0.8539507772020726,0.3629150092601776
0.7127669159383728,0.8539507772020726,0.36295485496520996
0.7128311407460803,0.8539507772020726,0.3630639314651489
0.7128052626836082,0.8538428324697754,0.36315083503723145
0.7128695025234318,0.8538428324697754,0.3635570704936981
0.7129337539432177,0.8538428324697754,0.3638910949230194
0.712998016946097,0.8538428324697754,0.36397144198417664
0.7130364226469528,0.8537348877374784,0.363975465297699
0.7131007122892435,0.8537348877374784,0.3639926314353943
0.7131650135256988,0.8537348877374784,0.36402252316474915
0.7131391469023356,0.8536269430051814,0.36404821276664734
0.7131132756132756,0.8535189982728842,0.36437493562698364
0.7130873996572562,0.8534110535405872,0.3644969165325165
0.7131517228937398,0.8534110535405872,0.36472341418266296
0.7132160577356789,0.8534110535405872,0.36486396193504333
0.7131901840490797,0.8533031088082902,0.36487531661987305
0.7132930240952983,0.853195164075993,0.36499935388565063
0.7133574007220217,0.853195164075993,0.3653523325920105
0.7134217889701236,0.853195164075993,0.36550936102867126
0.7133959198411266,0.853087219343696,0.3655225932598114
0.7133700460413469,0.852979274611399,0.36559751629829407
0.7133441675695197,0.8528713298791019,0.3656139671802521
0.7134729998193968,0.8528713298791019,0.3657608926296234
0.7135374333965502,0.8528713298791019,0.36580467224121094
0.7136018786127167,0.8528713298791019,0.36582034826278687
0.7136663354710505,0.8528713298791019,0.3659004867076874
0.7137308039747065,0.8528713298791019,0.3659219741821289
0.7138339206650403,0.8527633851468048,0.3659828007221222
0.7138984276161214,0.8527633851468048,0.36610284447669983
0.7139629462268414,0.8527633851468048,0.3661738932132721
0.713937093275488,0.8526554404145078,0.3661881685256958
0.7140016270451053,0.8526554404145078,0.36622947454452515
0.71397577291629,0.8525474956822107,0.366835355758667
0.7140403218515505,0.8525474956822107,0.36686766147613525
0.7141694547427435,0.8525474956822107,0.3669291138648987
0.7141436064387774,0.8524395509499136,0.36722683906555176
0.7143115614257283,0.8523316062176166,0.36725109815597534
0.7142857142857143,0.8522236614853195,0.3675169348716736
0.7143503438291712,0.8522236614853195,0.36752811074256897
0.7143244955207674,0.8521157167530224,0.3676791787147522
0.7142986425339366,0.8520077720207254,0.3677705228328705
0.7143632907955471,0.8520077720207254,0.36824139952659607
0.7144279507603186,0.8520077720207254,0.36879709362983704
0.714402100117679,0.8518998272884283,0.3690294027328491
0.7144667753032772,0.8518998272884283,0.369035929441452
0.7145314622000906,0.8518998272884283,0.36913755536079407
0.7145961608113003,0.8518998272884283,0.3691394627094269
0.7146608711400887,0.8518998272884283,0.36915650963783264
0.7149198296947187,0.8518998272884283,0.3693269193172455
0.7149845986591774,0.8518998272884283,0.36977633833885193
0.7150493793603334,0.8518998272884283,0.3698452413082123
0.7151141718013773,0.8518998272884283,0.3700091540813446
0.7156978325927269,0.8518998272884283,0.37009745836257935
0.7157627426083802,0.8518998272884283,0.3702434003353119
0.715827664399093,0.8518998272884283,0.3702990412712097
0.7158925979680697,0.8518998272884283,0.3703994154930115
0.7158668239136351,0.8517918825561313,0.3704693019390106
0.7158410451823626,0.8516839378238342,0.370512992143631
0.7159059976408675,0.8516839378238342,0.3705478012561798
0.7159709618874773,0.8516839378238342,0.37058788537979126
0.7159451855885289,0.8515759930915371,0.37073439359664917
0.7158936189525279,0.851360103626943,0.3707836866378784
0.7164695177434031,0.8499568221070811,0.37092238664627075
0.7165347165347166,0.8499568221070811,0.3709867000579834
0.7165999271933018,0.8499568221070811,0.3709886372089386
0.7165741330663511,0.8498488773747841,0.3710007071495056
0.7166393591844166,0.8498488773747841,0.3712075650691986
0.71670459717797,0.8498488773747841,0.3713473677635193
0.7167698470502549,0.8498488773747841,0.37151065468788147
0.7167440590002732,0.8497409326424871,0.37153249979019165
0.7168093243489346,0.8497409326424871,0.37180498242378235
0.7168746015845552,0.8497409326424871,0.37189364433288574
0.7169398907103826,0.8497409326424871,0.3719521760940552
0.716914108753074,0.8496329879101899,0.37198910117149353
0.7168625307461055,0.8494170984455959,0.3720622956752777
0.7168367346938775,0.8493091537132987,0.37211164832115173
0.7168109339407744,0.8492012089810017,0.3721192479133606
0.7168762529615454,0.8492012089810017,0.37212935090065
0.7169415838877244,0.8492012089810017,0.37214499711990356
0.7169157856361648,0.8490932642487047,0.37302079796791077
0.7169811320754716,0.8490932642487047,0.3733198046684265
0.7170464904284412,0.8490932642487047,0.3736705482006073
0.7171772428884027,0.8490932642487047,0.3738408088684082
0.7172426370019148,0.8490932642487047,0.3740074336528778
0.7173080430421303,0.8490932642487047,0.37407025694847107
0.717282261741906,0.8489853195164075,0.3742334842681885
0.7172564757387815,0.8488773747841105,0.3742438852787018
0.7173219009395239,0.8488773747841105,0.37432244420051575
0.717296113847838,0.8487694300518135,0.3744350075721741
0.7173615546026822,0.8487694300518135,0.3745585083961487
0.7174270072992701,0.8487694300518135,0.37469109892845154
0.7174924719408705,0.8487694300518135,0.37475264072418213
0.7175579485307538,0.8487694300518135,0.37478557229042053
0.7175321712147485,0.8486614853195165,0.37500378489494324
0.7175063891931361,0.8485535405872193,0.3750327527523041
0.7175718849840256,0.8485535405872193,0.3750973343849182
0.7176373927332481,0.8485535405872193,0.3753468990325928
0.717611613256642,0.8484455958549223,0.3756592571735382
0.7176771365960555,0.8484455958549223,0.37566861510276794
0.7176513560405442,0.8483376511226253,0.3757147490978241
0.7176255707762557,0.8482297063903281,0.375728577375412
0.7175997808018997,0.8481217616580311,0.37577247619628906
0.7176653270003653,0.8481217616580311,0.3758041262626648
0.7177964553261466,0.8481217616580311,0.3759654760360718
0.7178620374600274,0.8481217616580311,0.3760213553905487
0.7179276315789473,0.8481217616580311,0.37607496976852417
0.717993237686192,0.8481217616580311,0.3763377070426941
0.7180588557850485,0.8481217616580311,0.37635907530784607
0.7181244858788045,0.8481217616580311,0.3766096532344818
0.7181901279707495,0.8481217616580311,0.3766653835773468
0.7182557820641741,0.8481217616580311,0.37674620747566223
0.7183214481623698,0.8481217616580311,0.3770720064640045
0.7183871262686294,0.8481217616580311,0.37746086716651917
0.7185185185185186,0.8481217616580311,0.3776247501373291
0.7185842326687397,0.8481217616580311,0.3779662251472473
0.7186499588402085,0.8481217616580311,0.37800708413124084
0.718715697036224,0.8481217616580311,0.3780641555786133
0.718689964321654,0.8480138169257341,0.37823712825775146
0.7186642268984447,0.8479058721934369,0.37826618552207947
0.7187299844450544,0.8479058721934369,0.3786259591579437
0.7187042459736457,0.8477979274611399,0.378715455532074
0.7187700192184497,0.8477979274611399,0.3790323734283447
0.7187442796997986,0.8476899827288429,0.3795258104801178
0.7188100686498856,0.8476899827288429,0.3796713054180145
0.7187843280849505,0.8475820379965457,0.3798027038574219
0.7188501327474137,0.8475820379965457,0.379831463098526
0.7188243911371544,0.8474740932642487,0.3798660635948181
0.7188902115190916,0.8474740932642487,0.37988415360450745
0.7191021530004581,0.8472582037996546,0.37991994619369507
0.7190764156129742,0.8471502590673575,0.37996312975883484
0.7191423073398698,0.8471502590673575,0.3800281286239624
0.719208211143695,0.8471502590673575,0.38003483414649963
0.7192741270277702,0.8471502590673575,0.380156934261322
0.7193400549954171,0.8471502590673575,0.38052865862846375
0.7193143276193968,0.8470423143350605,0.3805735409259796
0.7192885955262193,0.8469343696027634,0.3806993067264557
0.7193545429540662,0.8469343696027634,0.3808065354824066
0.7193288098294517,0.8468264248704663,0.3808901011943817
0.7194607483492297,0.8468264248704663,0.38091135025024414
0.7195267357607997,0.8468264248704663,0.38155215978622437
0.7195927352779307,0.8468264248704663,0.38161835074424744
0.7196587469039538,0.8468264248704663,0.38171499967575073
0.7197247706422019,0.8468264248704663,0.38209325075149536
0.7197908064960088,0.8468264248704663,0.38212141394615173
0.7197650945127546,0.8467184801381693,0.3822006583213806
0.7198311461870239,0.8467184801381693,0.3822670876979828
0.7198972099853157,0.8467184801381693,0.3822886347770691
0.7199632859109684,0.8467184801381693,0.38234102725982666
0.7200293739673215,0.8467184801381693,0.3823946714401245
0.7201615864854939,0.8467184801381693,0.3826766014099121
0.7202277109539987,0.8467184801381693,0.38280969858169556
0.7202938475665749,0.8467184801381693,0.3832640051841736
0.7203599963265681,0.8467184801381693,0.3832785487174988
0.7204261572373255,0.8467184801381693,0.38329195976257324
0.7204409738171796,0.8465025906735751,0.3834325671195984
0.7205071664829107,0.8465025906735751,0.3834720849990845
0.7205733713130571,0.8465025906735751,0.3835781514644623
0.7206139141623013,0.8463946459412781,0.38361042737960815
0.7206801470588236,0.8463946459412781,0.38361361622810364
0.7206544719183748,0.846286701208981,0.3836313486099243
0.7206287920573635,0.846178756476684,0.38376328349113464
0.7205774181684442,0.8459628670120898,0.3840159773826599
0.7206436781609196,0.8459628670120898,0.3840276002883911
0.7207099503402612,0.8459628670120898,0.3840654194355011
0.7207762347098317,0.8459628670120898,0.38427022099494934
0.7207505518763797,0.8458549222797928,0.38429272174835205
0.72072486431791,0.8457469775474957,0.384344220161438
0.7207911683532658,0.8457469775474957,0.38440901041030884
0.7208574845891986,0.8457469775474957,0.3846167325973511
0.7209238130290762,0.8457469775474957,0.3847253918647766
0.7208981319591423,0.8456390328151986,0.38484910130500793
0.7209644763482422,0.8456390328151986,0.3849441111087799
0.7214035734020998,0.8455310880829016,0.385281503200531
0.7213779128672746,0.8454231433506045,0.38540932536125183
0.721352247605011,0.8453151986183074,0.38541504740715027
0.7214187010594196,0.8453151986183074,0.38553252816200256
0.7214851667587986,0.8453151986183074,0.38566577434539795
0.7215516447065328,0.8453151986183074,0.38580062985420227
0.7216181349060081,0.8453151986183074,0.3858421742916107
0.721684637360612,0.8453151986183074,0.3859141767024994
0.7216589861751153,0.8452072538860104,0.38595351576805115
0.7216333302608535,0.8450993091537133,0.38599464297294617
0.7216998525073747,0.8450993091537133,0.386067271232605
0.7217663870194524,0.8450993091537133,0.3861013650894165
0.7218329338004794,0.8450993091537133,0.38635796308517456
0.7218994928538497,0.8450993091537133,0.38671135902404785
0.7219660641829583,0.8450993091537133,0.3867659270763397
0.7219404223923268,0.8449913644214162,0.3867951035499573
0.722007009776794,0.8449913644214162,0.386956125497818
0.722073609445623,0.8449913644214162,0.3870583772659302
0.7220479704797048,0.8448834196891192,0.38712218403816223
0.7221145862164406,0.8448834196891192,0.387126624584198
0.7221812142461709,0.8448834196891192,0.3871413469314575
0.7222478545722986,0.8448834196891192,0.3872815668582916
0.7223145071982281,0.8448834196891192,0.38728654384613037
0.7222888786340563,0.8447754749568221,0.3873690962791443
0.7222632453387484,0.844667530224525,0.3876951336860657
0.7222376073109942,0.844559585492228,0.387784481048584
0.722211964549483,0.844451640759931,0.3880094587802887
0.7222786446311513,0.844451640759931,0.38815876841545105
0.7223453370267775,0.844451640759931,0.388215571641922
0.7225454881315231,0.844451640759931,0.38839319348335266
0.7226122298171069,0.844451640759931,0.38851508498191833
0.7226789838337182,0.844451640759931,0.3885755240917206
0.7227869155424136,0.8443436960276338,0.3892463743686676
0.7227612974771278,0.8442357512953368,0.3898438513278961
0.722735674676525,0.8441278065630398,0.3898833990097046
0.7228024771235789,0.8441278065630398,0.3899393677711487
0.7228692919208726,0.8441278065630398,0.3899627923965454
0.7229361190718314,0.8441278065630398,0.38999903202056885
0.7230029585798816,0.8441278065630398,0.3902450501918793
0.7230698104484512,0.8441278065630398,0.39028215408325195
0.7231366746809691,0.8441278065630398,0.39035773277282715
0.7232035512808657,0.8441278065630398,0.39061903953552246
0.7232704402515723,0.8441278065630398,0.3906935751438141
0.7232448432152437,0.8440198618307426,0.39072197675704956
0.7232192414431082,0.8439119170984456,0.39082542061805725
0.7232861504301971,0.8439119170984456,0.3908322751522064
0.7234200055519571,0.8439119170984456,0.3908345699310303
0.7234869516935036,0.8439119170984456,0.390864759683609
0.7235539102267469,0.8439119170984456,0.39087149500846863
0.7236208811551277,0.8439119170984456,0.39096754789352417
0.7235952976025178,0.8438039723661486,0.390982061624527
0.723662284762081,0.8438039723661486,0.3910638093948364
0.7237292843255254,0.8438039723661486,0.3911362290382385
0.7237037037037037,0.8436960276338514,0.3912171423435211
0.7237707195110659,0.8436960276338514,0.39133942127227783
0.7238377477310614,0.8436960276338514,0.39136338233947754
0.723904788367139,0.8436960276338514,0.39211833477020264
0.7238792145238977,0.8435880829015544,0.3922266662120819
0.7240133407448582,0.8435880829015544,0.39230406284332275
0.7240804224960623,0.8435880829015544,0.39237385988235474
0.7241475166790216,0.8435880829015544,0.39244407415390015
0.7242146232971921,0.8435880829015544,0.3924494981765747
0.7241890639481001,0.8434801381692574,0.39252331852912903
0.724256186856984,0.8434801381692574,0.3927212655544281
0.7243233222098628,0.8434801381692574,0.3928847908973694
0.7243904700101974,0.8434801381692574,0.39326322078704834
0.7243649174856295,0.8433721934369602,0.3935055434703827
0.7243393602225313,0.8432642487046632,0.39351680874824524
0.724406528189911,0.8432642487046632,0.3936430811882019
0.7244737086154132,0.8432642487046632,0.39370670914649963
0.7245409015025042,0.8432642487046632,0.39376503229141235
0.7246081068546517,0.8432642487046632,0.39378100633621216
0.724582560296846,0.8431563039723662,0.39380112290382385
0.7246497819834864,0.8431563039723662,0.3942851722240448
0.7246242345518649,0.843048359240069,0.39428892731666565
0.7245986823791407,0.842940414507772,0.39449092745780945
0.7246659242761693,0.842940414507772,0.39482831954956055
0.7247331786542923,0.842940414507772,0.3948291540145874
0.7248004455169853,0.842940414507772,0.3948902189731598
0.7248677248677249,0.842940414507772,0.3949699103832245
0.7249350167099888,0.842940414507772,0.3950516879558563
0.7249094791569957,0.842832469775475,0.39520004391670227
0.7249767873723305,0.842832469775475,0.39537790417671204
0.7250441080880304,0.842832469775475,0.3954658806324005
0.725018573551263,0.8427245250431779,0.3958866596221924
0.7251277287505806,0.8426165803108808,0.39597243070602417
0.7251950947603122,0.8426165803108808,0.3960109353065491
0.7252624732881167,0.8426165803108808,0.3960167169570923
0.7253298643374837,0.8426165803108808,0.39625367522239685
0.7253043397453768,0.8425086355785838,0.39647385478019714
0.7253717472118959,0.8425086355785838,0.3965328633785248
0.7253462217678223,0.8424006908462867,0.39659032225608826
0.7254136456590444,0.8424006908462867,0.39680129289627075
0.7254810820860835,0.8424006908462867,0.3974660336971283
0.7254555596876162,0.8422927461139896,0.3975171446800232
0.7254974893063046,0.8421848013816926,0.39765655994415283
0.725471961313122,0.8420768566493955,0.39770230650901794
0.7254464285714286,0.8419689119170984,0.39772889018058777
0.7254208910798996,0.8418609671848014,0.39786720275878906
0.725462833751977,0.8417530224525043,0.3978769779205322
0.7255303312244138,0.8417530224525043,0.398429811000824
0.7255978412580255,0.8417530224525043,0.39856135845184326
0.7256653638563186,0.8417530224525043,0.3985927700996399
0.7257328990228012,0.8417530224525043,0.3987186849117279
0.7258004467609829,0.8417530224525043,0.398764431476593
0.725868007074374,0.8417530224525043,0.39887675642967224
0.7259355799664867,0.8417530224525043,0.39907190203666687
0.7260031654408342,0.8417530224525043,0.39933067560195923
0.7260707635009311,0.8417530224525043,0.3994300663471222
0.7261383741502934,0.8417530224525043,0.3994368612766266
0.7262059973924381,0.8417530224525043,0.39960816502571106
0.7262736332308839,0.8417530224525043,0.3998982012271881
0.7264511320227336,0.8416450777202072,0.4000355899333954
0.7265188222139396,0.8416450777202072,0.4002075493335724
0.7265865250209673,0.8416450777202072,0.4004453122615814
0.726654240447344,0.8416450777202072,0.40071848034858704
0.726628763165253,0.8415371329879102,0.4009076654911041
0.726696495152871,0.8415371329879102,0.40097758173942566
0.7267642397688077,0.8415371329879102,0.4011075794696808
0.7268065268065268,0.8414291882556131,0.4014170467853546
0.7268233538518933,0.841213298791019,0.4014762341976166
0.726891148213786,0.841213298791019,0.4014916718006134
0.7269589552238805,0.841213298791019,0.4015248119831085
0.727026774885717,0.841213298791019,0.4015262722969055
0.7270013062138458,0.8411053540587219,0.4015747010707855
0.7269758327890268,0.8409974093264249,0.40160414576530457
0.727043673012318,0.8409974093264249,0.40181782841682434
0.7271115258982734,0.8409974093264249,0.40199390053749084
0.7270860556281501,0.8408894645941278,0.4024425745010376
0.7271539251376832,0.8408894645941278,0.4024694263935089
0.7272218073188947,0.8408894645941278,0.40262001752853394
0.7272897021753337,0.8408894645941278,0.4026426076889038
0.7272642390289449,0.8407815198618307,0.40268775820732117
0.7273321505275936,0.8407815198618307,0.40276792645454407
0.7273066865894658,0.8406735751295337,0.4028710424900055
0.7272812178948351,0.8405656303972366,0.40292736887931824
0.7273491500093405,0.8405656303972366,0.4029553234577179
0.7274170948155068,0.8405656303972366,0.40314340591430664
0.7274850523168909,0.8405656303972366,0.40319734811782837
0.7274595907689433,0.8404576856649395,0.4033149182796478
0.7275275649411325,0.8404576856649395,0.40335920453071594
0.7275955518175872,0.8404576856649395,0.4036421477794647
0.7276635514018691,0.8404576856649395,0.40367093682289124
0.7277315636975418,0.8404576856649395,0.40375828742980957
0.7277061132922041,0.8403497409326425,0.4038000702857971
0.7277741422828831,0.8403497409326425,0.40381884574890137
0.7278421839940165,0.8403497409326425,0.403870165348053
0.7279102384291725,0.8403497409326425,0.4039751887321472
0.7279783055919207,0.8403497409326425,0.4040526747703552
0.7279528663611708,0.8402417962003454,0.40407902002334595
0.7280209502431725,0.8402417962003454,0.4043062627315521
0.7280890468618464,0.8402417962003454,0.40438783168792725
0.7280636108512628,0.8401338514680483,0.4044228494167328
0.728038170081392,0.8400259067357513,0.4044799208641052
0.7281062874251497,0.8400259067357513,0.40464773774147034
0.7281744175166089,0.8400259067357513,0.404857873916626
0.728310715956949,0.8400259067357513,0.4048897624015808
0.7283788843129914,0.8400259067357513,0.40494996309280396
0.7283534587662641,0.8399179620034543,0.4051307439804077
0.728302593390132,0.8397020725388601,0.40513503551483154
0.7282771535580524,0.8395941278065631,0.4051392674446106
0.7282008054697012,0.8392702936096719,0.4053596258163452
0.7281753465717498,0.8391623488773747,0.40550747513771057
0.7282435597189696,0.8391623488773747,0.4055665135383606
0.7283117856473674,0.8391623488773747,0.4057176411151886
0.728380024360536,0.8391623488773747,0.4059094786643982
0.728448275862069,0.8391623488773747,0.4059208333492279
0.7284228282260332,0.8390544041450777,0.406078577041626
0.7285593776361421,0.8390544041450777,0.4061048924922943
0.7286959782506797,0.8390544041450777,0.4063679575920105
0.7286705419088693,0.8389464594127807,0.40646108984947205
0.7288755509706462,0.8389464594127807,0.40648624300956726
0.7289439129619208,0.8389464594127807,0.4067001938819885
0.7289868667917448,0.8388385146804835,0.4069267511367798
0.7290552584670231,0.8388385146804835,0.4069307744503021
0.7291236629761682,0.8388385146804835,0.40697699785232544
0.7290473955889254,0.8385146804835925,0.40717950463294983
0.7291158250422377,0.8385146804835925,0.40744176506996155
0.7291588434096883,0.8384067357512953,0.407564640045166
0.7291334147028448,0.8382987910189983,0.40768828988075256
0.7292018779342723,0.8382987910189983,0.407713383436203
0.7291764484928163,0.8381908462867013,0.40778154134750366
0.7291510142749812,0.8380829015544041,0.40785059332847595
0.7292194984502677,0.8380829015544041,0.4081055521965027
0.7291940634980274,0.8379749568221071,0.4081171154975891
0.7293056469040684,0.8378670120898101,0.4081350266933441
0.7293741777861305,0.8378670120898101,0.408353328704834
0.7307728602434651,0.8359240069084629,0.40858620405197144
0.7307474518686297,0.8358160621761658,0.4086553752422333
0.7308164228409627,0.8358160621761658,0.40871456265449524
0.730885406834057,0.8358160621761658,0.40886178612709045
0.7308600018880392,0.8357081174438687,0.4089452028274536
0.7308345921450151,0.8356001727115717,0.4090242385864258
0.7308091776036257,0.8354922279792746,0.409171462059021
0.7308781869688386,0.8354922279792746,0.4096600115299225
0.7308527717442629,0.8353842832469776,0.4100523889064789
0.7309217982621836,0.8353842832469776,0.41016846895217896
0.7309908378199679,0.8353842832469776,0.4103459119796753
0.7310598904213111,0.8353842832469776,0.41037192940711975
0.7311289560699102,0.8353842832469776,0.41041553020477295
0.7311980347694633,0.8353842832469776,0.4105536639690399
0.7313362313362314,0.8353842832469776,0.4106717109680176
0.7318895403820692,0.8353842832469776,0.4107455015182495
0.7320279984865683,0.8353842832469776,0.41098281741142273
0.7320972471856967,0.8353842832469776,0.41101351380348206
0.7321665089877011,0.8353842832469776,0.4111862778663635
0.7322357838963005,0.8353842832469776,0.41124075651168823
0.7324436872988832,0.8353842832469776,0.41131919622421265
0.7325130146710838,0.8353842832469776,0.4114397466182709
0.7325823551684968,0.8353842832469776,0.4121095538139343
0.7325570387200606,0.8352763385146805,0.41261327266693115
0.7326263965158114,0.8352763385146805,0.41290193796157837
0.7326010794432345,0.8351683937823834,0.41294094920158386
0.7326704545454545,0.8351683937823834,0.4131801724433899
0.7327398427881429,0.8351683937823834,0.4132191240787506
0.7328092441750331,0.8351683937823834,0.4132719337940216
0.7328786587098608,0.8351683937823834,0.4132755398750305
0.7329480863963622,0.8351683937823834,0.41333967447280884
0.7330175272382757,0.8351683937823834,0.41338807344436646
0.7329922304339587,0.8350604490500864,0.4135061800479889
0.73306168861935,0.8350604490500864,0.4137394428253174
0.733131159969674,0.8350604490500864,0.4137924015522003
0.7331058667424889,0.8349525043177893,0.4141130745410919
0.7330805687203792,0.8348445595854922,0.414228230714798
0.7330552659019812,0.8347366148531952,0.4142327606678009
0.7331247629882442,0.8347366148531952,0.41424626111984253
0.7331942732530577,0.8347366148531952,0.41427895426750183
0.7332637967001707,0.8347366148531952,0.41435137391090393
0.7333080424886191,0.8346286701208981,0.4146094024181366
0.7333775965095324,0.8346286701208981,0.41482603549957275
0.7959987560899762,0.8289075993091537,0.4153202176094055
0.795977607298362,0.8287996545768567,0.41547730565071106
0.7959564541213063,0.8286917098445595,0.41553112864494324
0.795935296557445,0.8285837651122625,0.41569364070892334
0.7959141346054133,0.8284758203799655,0.41569897532463074
0.7958929682638457,0.8283678756476683,0.4157954454421997
0.7958717975313764,0.8282599309153713,0.41590163111686707
0.795954356846473,0.8282599309153713,0.4159679114818573
0.7959331880900509,0.8281519861830743,0.4160577654838562
0.7959120149408591,0.8280440414507773,0.41607749462127686
0.7958908373975303,0.8279360967184801,0.41616275906562805
0.7959734329597343,0.8279360967184801,0.41634851694107056
0.7960560456668396,0.8279360967184801,0.4165634512901306
0.7961386755241852,0.8279360967184801,0.41665446758270264
0.796117512716703,0.8278281519861831,0.4166545569896698
0.7962001661129569,0.8278281519861831,0.41666340827941895
0.7962828366732426,0.8278281519861831,0.41689759492874146
0.7963655244029075,0.8278281519861831,0.4169684648513794
0.7964482293073009,0.8278281519861831,0.41702067852020264
0.7964270876609888,0.8277202072538861,0.4170217514038086
0.7965098161421004,0.8277202072538861,0.4170225262641907
0.7965925618117599,0.8277202072538861,0.41707342863082886
0.7966753246753246,0.8277202072538861,0.41708847880363464
0.7966541978387365,0.8276122625215889,0.4172733426094055
0.7966330666112439,0.8275043177892919,0.4173375368118286
0.7966119309914779,0.8273963730569949,0.41743987798690796
0.7966947302775179,0.8273963730569949,0.417892724275589
0.7966735966735967,0.8272884283246977,0.41797319054603577
0.796652458675538,0.8271804835924007,0.41798970103263855
0.7967352880016636,0.8271804835924007,0.41863882541656494
0.7967141520224602,0.8270725388601037,0.41866809129714966
0.797999791644963,0.8268566493955095,0.4187116324901581
0.8171110397258807,0.8237262521588946,0.41881290078163147
0.8170914542728636,0.8236183074265976,0.4188496172428131
0.8172469201928227,0.8235103626943006,0.4189378023147583
0.8172365741237003,0.8229706390328152,0.41899773478507996
0.823484766345007,0.8198402417962003,0.41900327801704407
0.82366337707407,0.8198402417962003,0.41921374201774597
0.8237527114967462,0.8198402417962003,0.41929328441619873
0.8238420652999241,0.8198402417962003,0.4193498492240906
0.823931438489911,0.8198402417962003,0.41937705874443054
0.8239123359010524,0.8197322970639033,0.4193934202194214
0.8243595310464611,0.8197322970639033,0.41942766308784485
0.8243404624905005,0.8196243523316062,0.41959089040756226
0.8246090356211989,0.8196243523316062,0.41969063878059387
0.825146707237557,0.8196243523316062,0.41980376839637756
0.8252363873492011,0.8196243523316062,0.41987842321395874
0.8252173913043478,0.8195164075993091,0.4200285077095032
0.8253070985976737,0.8195164075993091,0.42005443572998047
0.8253968253968254,0.8195164075993091,0.4202626943588257
0.8254865717081658,0.8195164075993091,0.42048725485801697
0.82557633753806,0.8195164075993091,0.4205225110054016
0.8442650521358896,0.8128238341968912,0.42065876722335815
0.8443597219107423,0.8128238341968912,0.42084452509880066
0.8444544129191432,0.8128238341968912,0.42098864912986755
0.8445491251682369,0.8128238341968912,0.42142948508262634
0.8445316881660123,0.8127158894645942,0.4214351773262024
0.8446264303343056,0.8127158894645942,0.4217734634876251
0.8447211937619208,0.8127158894645942,0.4218990206718445
0.8448159784560144,0.8127158894645942,0.4220030605792999
0.8449107844237459,0.8127158894645942,0.42230239510536194
0.8450056116722784,0.8127158894645942,0.4223543703556061
0.8456353218739467,0.8125,0.42238131165504456
0.8457130014608383,0.812392055267703,0.42281463742256165
0.8456956619465048,0.8122841105354058,0.42323535680770874
0.8457907159716759,0.8122841105354058,0.42329227924346924
0.8457560427206295,0.8120682210708118,0.4233143925666809
0.8458511355970317,0.8120682210708118,0.4233854115009308
0.84594624985944,0.8120682210708118,0.4234189987182617
0.8460413855150697,0.8120682210708118,0.4234372079372406
0.8461365425711393,0.8120682210708118,0.4235495328903198
0.8467514919491048,0.8117443868739206,0.42357945442199707
0.8468468468468469,0.8117443868739206,0.4235905706882477
0.8471330404415907,0.8117443868739206,0.423816055059433
0.847228481297882,0.8117443868739206,0.4238365590572357
0.8477157360406091,0.8112046632124352,0.42396101355552673
0.8478113718411552,0.8112046632124352,0.4242863655090332
0.8477942006092745,0.8110967184801382,0.4243182837963104
0.8478898668472128,0.8110967184801382,0.4243790805339813
0.8484300880957759,0.810880829015544,0.4244228005409241
0.8574556349389261,0.8032167530224525,0.4244428277015686
0.8575544543044831,0.8032167530224525,0.42453160881996155
0.8576532964499769,0.8032167530224525,0.4245415925979614
0.8577521613832852,0.8032167530224525,0.4247065782546997
0.8666277030976037,0.8003022452504318,0.4247099757194519
0.8673923220973783,0.7999784110535406,0.42471322417259216
0.8674938546178158,0.7999784110535406,0.4247204661369324
0.8674783423085929,0.7998704663212435,0.42488715052604675
0.8681434599156118,0.7995466321243523,0.42513564229011536
0.8697444352844188,0.7971718480138169,0.42515864968299866
0.8698468786808009,0.7971718480138169,0.42525455355644226
0.8699493462127459,0.7971718480138169,0.4253639280796051
0.8700518378887842,0.7971718480138169,0.4254053831100464
0.8703288930802782,0.7969559585492227,0.4254925549030304
0.8704315020042442,0.7969559585492227,0.42556795477867126
0.8705341351255748,0.7969559585492227,0.42585277557373047
0.8706367924528302,0.7969559585492227,0.4258549213409424
0.8707394739945749,0.7969559585492227,0.425907701253891
0.8707242274121255,0.7968480138169257,0.42610469460487366
0.8707089772325115,0.7967400690846287,0.42615756392478943
0.8708117036337896,0.7967400690846287,0.4263074994087219
0.8707964601769912,0.7966321243523317,0.42634356021881104
0.8707812131224923,0.7965241796200345,0.42668628692626953
0.8708839844211024,0.7965241796200345,0.42673802375793457
0.8708687440982058,0.7964162348877375,0.42689403891563416
0.8709715499940975,0.7964162348877375,0.42709723114967346
0.8710743801652893,0.7964162348877375,0.42709964513778687
0.8711772346203802,0.7964162348877375,0.4271034896373749
0.8712801133679735,0.7964162348877375,0.427276074886322
0.8712649108302822,0.7963082901554405,0.427364319562912
0.871367824238129,0.7963082901554405,0.42738720774650574
0.8713526284701713,0.7962003454231433,0.42749857902526855
0.8713374291115312,0.7960924006908463,0.42756175994873047
0.8713222261609358,0.7959844559585493,0.4275893270969391
0.8714251949893642,0.7959844559585493,0.42807862162590027
0.8716160302636246,0.7958765112262521,0.42809823155403137
0.8717190825254197,0.7958765112262521,0.42817944288253784
0.8717039139174648,0.7957685664939551,0.4281865656375885
0.8718070009460738,0.7957685664939551,0.4285857677459717
0.8719101123595505,0.7957685664939551,0.42864397168159485
0.8720132481665483,0.7957685664939551,0.4288083612918854
0.8721164083757246,0.7957685664939551,0.42893165349960327
0.8721012778040701,0.7956606217616581,0.4290262460708618
0.8722044728434505,0.7956606217616581,0.4291037321090698
0.8723076923076923,0.7956606217616581,0.42936620116233826
0.8724109362054681,0.7956606217616581,0.4295136630535126
0.8723958333333334,0.7955526770293609,0.4295625686645508
0.8725420516465292,0.7951208981001727,0.4295639097690582
0.8726454211586305,0.7951208981001727,0.4296967089176178
0.8726303317535545,0.7950129533678757,0.4297436475753784
0.8728220931610762,0.7949050086355786,0.4297483265399933
0.8729255571360834,0.7949050086355786,0.4299464523792267
0.8729104919976289,0.7947970639032815,0.43000999093055725
0.8728954232866967,0.7946891191709845,0.43043896555900574
0.8764916467780429,0.7928540587219344,0.43051910400390625
0.8765962525361022,0.7928540587219344,0.4306201636791229
0.8765373134328358,0.7924222797927462,0.430698424577713
0.8765225698590876,0.792314335060449,0.43073591589927673
0.8766272542696764,0.792314335060449,0.4307531714439392
0.8767319636884854,0.792314335060449,0.43076714873313904
0.8767172380838609,0.792206390328152,0.43085038661956787
0.8768219832735962,0.792206390328152,0.4309176206588745
0.8768072649062014,0.792098445595855,0.43092113733291626
0.8769120458891013,0.792098445595855,0.43113255500793457
0.8770168519182503,0.792098445595855,0.4313433766365051
0.8770021515658618,0.7919905008635578,0.43137261271476746
0.8771069934249851,0.7919905008635578,0.4313746392726898
0.877092300334768,0.7918825561312608,0.43143704533576965
0.8770776037307186,0.7917746113989638,0.4315389394760132
0.87718249222674,0.7917746113989638,0.43164074420928955
0.8772727272727273,0.7916666666666666,0.43164411187171936
0.8788935658448587,0.788860103626943,0.43188604712486267
0.8791050162396247,0.788860103626943,0.4318947196006775
0.8792107795957652,0.788860103626943,0.4321749806404114
0.879316568403321,0.788860103626943,0.43251484632492065
0.8793020457280385,0.7887521588946459,0.4326801002025604
0.8794078709832711,0.7887521588946459,0.43285179138183594
0.8795137217140105,0.7887521588946459,0.432888925075531
0.8796195979294571,0.7887521588946459,0.43305501341819763
0.8797254996388153,0.7887521588946459,0.43326839804649353
0.8797110174593619,0.7886442141623489,0.4334210455417633
0.8798169556840078,0.7886442141623489,0.43388789892196655
0.8799229194267132,0.7886442141623489,0.4340023696422577
0.8800289086966996,0.7886442141623489,0.4342800974845886
0.8804531212340323,0.7886442141623489,0.43434879183769226
0.880559238278896,0.7886442141623489,0.4344325661659241
0.880665380906461,0.7886442141623489,0.43453270196914673
0.8807715491259795,0.7886442141623489,0.43469831347465515
0.8808777429467085,0.7886442141623489,0.43476733565330505
0.8808633787531653,0.7885362694300518,0.4347822964191437
0.8808490110950313,0.7884283246977547,0.43482449650764465
0.8808346399710529,0.7883203799654577,0.4350191354751587
0.880940892641737,0.7883203799654577,0.43502622842788696
0.8815074284333857,0.7877806563039723,0.43502843379974365
0.8816139164049287,0.7877806563039723,0.43518877029418945
0.8817204301075269,0.7877806563039723,0.435311883687973
0.8822533849129593,0.7877806563039723,0.435430645942688
0.8822391488332729,0.7876727115716753,0.4359508752822876
0.8823458282950423,0.7876727115716753,0.4361231029033661
0.8823315999516266,0.7875647668393783,0.436186820268631
0.8824383164005806,0.7875647668393783,0.43633130192756653
0.8825450586669892,0.7875647668393783,0.4364309012889862
0.8825308492620373,0.7874568221070811,0.4367617964744568
0.8825166364186328,0.7873488773747841,0.4369378387928009
0.8826234269119071,0.7873488773747841,0.4373571574687958
0.8826092218322643,0.7872409326424871,0.43739554286003113
0.8859778597785978,0.7775259067357513,0.43757742643356323
0.8863552323431529,0.7762305699481865,0.437618613243103
0.8863412228796844,0.7761226252158895,0.43783077597618103
0.8863272099617803,0.7760146804835925,0.4381256103515625
0.8864364981504316,0.7760146804835925,0.4383426904678345
0.886545813293871,0.7760146804835925,0.43835732340812683
0.8866551554020721,0.7760146804835925,0.4384478032588959
0.8866411742938202,0.7759067357512953,0.4387674927711487
0.8866271897359981,0.7757987910189983,0.4388226270675659
0.88673658235657,0.7757987910189983,0.43893352150917053
0.8868460019743336,0.7757987910189983,0.4391542673110962
0.8869554485992842,0.7757987910189983,0.43953830003738403
0.8870649222414219,0.7757987910189983,0.4403124749660492
0.8871744229107518,0.7757987910189983,0.4403804540634155
0.8872839506172839,0.7757987910189983,0.4405328035354614
0.8880237300704487,0.7755829015544041,0.4407544434070587
0.8881334981458591,0.7755829015544041,0.4408164322376251
0.8884629652528749,0.7755829015544041,0.4408336579799652
0.8885728419490477,0.7755829015544041,0.44091132283210754
0.8885590599876314,0.7754749568221071,0.4409964382648468
0.8885452746165264,0.7753670120898101,0.44122835993766785
0.8886552022763825,0.7753670120898101,0.44137856364250183
0.8887651571393219,0.7753670120898101,0.4414549767971039
0.8887513921544363,0.7752590673575129,0.44145992398262024
0.8888613861386139,0.7752590673575129,0.4415004253387451
0.8889714073523951,0.7752590673575129,0.4415276348590851
0.8890814558058926,0.7752590673575129,0.44180843234062195
0.8890677231645413,0.7751511226252159,0.44212138652801514
0.8891778107974244,0.7751511226252159,0.4421279728412628
0.8892879256965944,0.7751511226252159,0.44230368733406067
0.8892742135248948,0.7750431778929189,0.44231605529785156
0.8892604979561501,0.7749352331606217,0.4427471458911896
0.889453463874086,0.7747193436960277,0.4429984390735626
0.8897842796925366,0.7747193436960277,0.44300180673599243
0.8898946063236206,0.7747193436960277,0.4432377517223358
0.8900049603174603,0.7747193436960277,0.4433803856372833
0.8901153416842367,0.7747193436960277,0.4435808062553406
0.890101711734061,0.7746113989637305,0.44358888268470764
0.8900880784021834,0.7745034542314335,0.4439607262611389
0.890074441687345,0.7743955094991365,0.44407233595848083
0.8901848864623403,0.7743955094991365,0.444731205701828
0.890295358649789,0.7743955094991365,0.4447329342365265
0.8904058582598983,0.7743955094991365,0.44508132338523865
0.8905163853028798,0.7743955094991365,0.445175439119339
0.8909316770186335,0.7741796200345423,0.4452017843723297
0.8910423655112436,0.7741796200345423,0.44527122378349304
0.8911530815109344,0.7741796200345423,0.44585421681404114
0.891139555113707,0.7740716753022453,0.44586673378944397
0.891250310713398,0.7740716753022453,0.4459499716758728
0.8912367930391547,0.7739637305699482,0.44602689146995544
0.891347588264545,0.7739637305699482,0.44606104493141174
0.8914584110406565,0.7739637305699482,0.4464636743068695
0.8914449142004477,0.7738557858376511,0.4465719759464264
0.8914314140032334,0.7737478411053541,0.44661810994148254
0.891542288557214,0.7737478411053541,0.44687676429748535
0.8916531906953601,0.7737478411053541,0.4469602108001709
0.8918347025143142,0.7734240069084629,0.44708240032196045
0.8919457238889581,0.7734240069084629,0.44725659489631653
0.8920567729083665,0.7734240069084629,0.44742316007614136
0.8921678495828664,0.7734240069084629,0.4478205144405365
0.8921544209215442,0.7733160621761658,0.4479881227016449
0.8922655374268278,0.7733160621761658,0.44801175594329834
0.8923766816143498,0.7733160621761658,0.4481845796108246
0.8924878534944563,0.7733160621761658,0.44828546047210693
0.8924744580114627,0.7732081174438687,0.4483233690261841
0.8925856697819314,0.7732081174438687,0.44854259490966797
0.8925588931821015,0.7729922279792746,0.4486880898475647
0.8926701570680629,0.7729922279792746,0.44883856177330017
0.8938296277791656,0.7724525043177893,0.44892245531082153
0.8938163647720175,0.7723445595854922,0.4489485025405884
0.893928035982009,0.7723445595854922,0.4490039646625519
0.8940397350993378,0.7723445595854922,0.44924095273017883
0.8941514621344664,0.7723445595854922,0.4499968886375427
0.8941382327209099,0.7722366148531952,0.4501747190952301
0.894125,0.7721286701208981,0.45020681619644165
0.8942367795974496,0.7721286701208981,0.4502341151237488
0.8943485871467867,0.7721286701208981,0.45037025213241577
0.8944604226584969,0.7721286701208981,0.4504354000091553
0.894447223611806,0.772020725388601,0.45052146911621094
0.8945590994371482,0.772020725388601,0.4505596160888672
0.8946710032524393,0.772020725388601,0.45096415281295776
0.8946578255973977,0.771912780656304,0.45103710889816284
0.8946446446446447,0.771804835924007,0.451127827167511
0.8946314603929421,0.7716968911917098,0.45116469264030457
0.8947434292866082,0.7716968911917098,0.45122119784355164
0.8948554262110402,0.7716968911917098,0.45131155848503113
0.8948422633950927,0.7715889464594128,0.4515237510204315
0.8949543007387004,0.7715889464594128,0.4518105685710907
0.8950663661407463,0.7715889464594128,0.4518279433250427
0.8952905811623246,0.7715889464594128,0.4518483579158783
0.8954027308029563,0.7715889464594128,0.4520231783390045
0.8955149085442246,0.7715889464594128,0.4520629346370697
0.8955018168149355,0.7714810017271158,0.45229238271713257
0.8954887218045112,0.7713730569948186,0.4526784420013428
0.8954756235117183,0.7712651122625216,0.45300495624542236
0.8955878666332414,0.7712651122625216,0.4532541334629059
0.8955616850551655,0.7710492227979274,0.45366042852401733
0.8955485893416928,0.7709412780656304,0.45374518632888794
0.8956608979182342,0.7709412780656304,0.4537724554538727
0.8957732346670011,0.7709412780656304,0.45381927490234375
0.895885599598595,0.7709412780656304,0.4538661241531372
0.8959979927236231,0.7709412780656304,0.45438525080680847
0.8959849435382685,0.7708333333333334,0.4546358585357666
0.8964433831846174,0.7699697754749568,0.45481905341148376
0.8964649641464335,0.7692141623488774,0.4555564224720001
0.896577755410166,0.7692141623488774,0.45585453510284424
0.8966864054428625,0.7682426597582038,0.45587754249572754
0.8967993951612904,0.7682426597582038,0.4559893012046814
0.8969124133585381,0.7682426597582038,0.4560847878456116
0.8970254600453743,0.7682426597582038,0.45617154240608215
0.8971385352325728,0.7682426597582038,0.4562920331954956
0.8972516389309128,0.7682426597582038,0.4570726156234741
0.8972386836464507,0.7681347150259067,0.4571705758571625
0.8974650018917897,0.7681347150259067,0.4574401080608368
0.8975782038345106,0.7681347150259067,0.4575331211090088
0.8976914343383373,0.7681347150259067,0.45817941427230835
0.8978046934140802,0.7681347150259067,0.4582323133945465
0.8977659977281333,0.7678108808290155,0.45833295583724976
0.8977530926533703,0.7677029360967185,0.4587613046169281
0.8978664310061861,0.7677029360967185,0.4588946998119354
0.897979797979798,0.7677029360967185,0.4591326117515564
0.8979669150145221,0.7675949913644214,0.4591640830039978
0.8980803233139681,0.7675949913644214,0.4591979384422302
0.8981937602627258,0.7675949913644214,0.45947733521461487
0.8983072258716523,0.7675949913644214,0.4596599340438843
0.8984207201516109,0.7675949913644214,0.4597867429256439
0.8984078847611827,0.7674870466321243,0.45978957414627075
0.898395046126627,0.7673791018998273,0.4602249264717102
0.8986973567724801,0.7670552677029361,0.4602368474006653
0.8988110295977738,0.7670552677029361,0.4604117274284363
0.8994936708860759,0.7670552677029361,0.46041417121887207
0.8994809469553108,0.7669473229706391,0.4607793092727661
0.8993407707910751,0.7657599309153713,0.4608573317527771
0.899328008114619,0.7656519861830743,0.4611423909664154
0.8994420492011159,0.7656519861830743,0.46120485663414
0.899429296131896,0.7655440414507773,0.461260050535202
0.8995433789954338,0.7655440414507773,0.4612812399864197
0.8995306355448434,0.7654360967184801,0.46157029271125793
0.8995178888606953,0.7653281519861831,0.4616202712059021
0.8996320263925898,0.7653281519861831,0.4616665244102478
0.8997713414634146,0.7645725388601037,0.46185019612312317
0.8996821360457724,0.7638169257340242,0.4620054066181183
0.8997965412004069,0.7638169257340242,0.4621596336364746
0.899910975454661,0.7638169257340242,0.46231842041015625
0.899898244721445,0.7637089810017271,0.4623962640762329
0.8998855107492686,0.7636010362694301,0.4624853730201721
0.9,0.7636010362694301,0.46249598264694214
0.9001145183865632,0.7636010362694301,0.4626055061817169
0.9001018070755917,0.763493091537133,0.46266716718673706
0.9000890925289551,0.7633851468048359,0.4628843069076538
0.90020366598778,0.7633851468048359,0.46296727657318115
0.9001909611712285,0.7632772020725389,0.4631708562374115
0.9001782531194296,0.7631692573402418,0.46350181102752686
0.9002928817012606,0.7631692573402418,0.46354371309280396
0.9004075394803872,0.7631692573402418,0.464002788066864
0.9005222264679659,0.7631692573402418,0.464103102684021
0.9006242833481972,0.7630613126079447,0.46420320868492126
0.900611620795107,0.7629533678756477,0.46494805812835693
0.9007263922518159,0.7629533678756477,0.4651689827442169
0.9008411929645679,0.7629533678756477,0.4652729034423828
0.9008159102498725,0.7627374784110535,0.46549856662750244
0.9009307662884101,0.7627374784110535,0.46564537286758423
0.9010456516194848,0.7627374784110535,0.46574315428733826
0.9011605662543043,0.7627374784110535,0.46604838967323303
0.9012629161882894,0.7626295336787565,0.4661707878112793
0.9013779025261547,0.7626295336787565,0.4661851227283478
0.9013653183616179,0.7625215889464594,0.466600239276886
0.9017088526275215,0.7575561312607945,0.46678414940834045
0.9016477857878475,0.7560449050086355,0.4668136537075043
0.901763872795159,0.7560449050086355,0.4671221077442169
0.9017512232809684,0.7559369602763385,0.46732547879219055
0.9018673535093368,0.7559369602763385,0.46794360876083374
0.901854714064915,0.7558290155440415,0.4683091342449188
0.9019708875434754,0.7558290155440415,0.46841832995414734
0.9019582581808813,0.7557210708117443,0.4685637056827545
0.9019379844961241,0.7535621761658031,0.46921032667160034
0.9019126389247868,0.753346286701209,0.470039039850235
0.9018999612252812,0.7532383419689119,0.4701104164123535
0.9020165460186143,0.7532383419689119,0.47082310914993286
0.9020038784744667,0.7531303972366149,0.4708935022354126
0.9019912076545126,0.7530224525043178,0.47091856598854065
0.9019785335574809,0.7529145077720207,0.47100400924682617
0.9019658561821003,0.7528065630397237,0.47104865312576294
0.9020825248997543,0.7528065630397237,0.47117069363594055
0.9021992238033635,0.7528065630397237,0.47120901942253113
0.9021865700608099,0.7526986183074266,0.4713734984397888
0.9021739130434783,0.7525906735751295,0.4714905917644501
0.9022906690824382,0.7525906735751295,0.4715246260166168
0.9024074553455863,0.7525906735751295,0.47154441475868225
0.9023948220064725,0.7524827288428325,0.47158873081207275
0.9025116519937856,0.7524827288428325,0.47211605310440063
0.9026285122361777,0.7524827288428325,0.4722665846347809
0.9026032897293097,0.7522668393782384,0.47231268882751465
0.9025906735751296,0.7521588946459413,0.4725743532180786
0.9025780541520922,0.7520509499136442,0.4728010296821594
0.9025654314589272,0.7519430051813472,0.4729570150375366
0.9025528054943631,0.7518350604490501,0.47295936942100525
0.9026697770865734,0.7518350604490501,0.4731024503707886
0.9028066528066528,0.75,0.47315651178359985
0.9029239766081871,0.75,0.4731782376766205
0.9029113595009098,0.749892055267703,0.4733774960041046
0.9028987391134797,0.7497841105354058,0.473950058221817
0.9030161206448258,0.7497841105354058,0.47399452328681946
0.9031335327005591,0.7497841105354058,0.4743894636631012
0.9031209362808843,0.7496761658031088,0.47463446855545044
0.9031083365847314,0.7495682210708118,0.4752097725868225
0.9032258064516129,0.7495682210708118,0.4752316176891327
0.9032132171198126,0.7494602763385146,0.4755588471889496
0.9032006245120999,0.7493523316062176,0.4755912721157074
0.9033181522446324,0.7493523316062176,0.47560834884643555
0.9034357105674128,0.7493523316062176,0.4758939743041992
0.9035532994923858,0.7493523316062176,0.47787079215049744
0.9036709190315022,0.7493523316062176,0.4778863787651062
0.9037885691967191,0.7493523316062176,0.4779519736766815
0.90390625,0.7493523316062176,0.47810399532318115
0.9039614281991138,0.7488126079447323,0.4782542288303375
0.9039489117685391,0.7487046632124352,0.4787461459636688
0.9040667361835245,0.7487046632124352,0.4788336455821991
0.9041845913179507,0.7487046632124352,0.4790959060192108
0.9043024771838332,0.7487046632124352,0.47914621233940125
0.904289998696049,0.7485967184801382,0.479633092880249
0.9044079290558164,0.7485967184801382,0.47983840107917786
0.9045258901786879,0.7485967184801382,0.48026135563850403
0.9046438820767023,0.7485967184801382,0.4802723526954651
0.9047494780793319,0.7484887737478411,0.4804447591304779
0.9047370481534647,0.748380829015544,0.4806402325630188
0.9048551292090838,0.748380829015544,0.48064491152763367
0.9049732410912413,0.748380829015544,0.4807657301425934
0.9050665970227213,0.7481649395509499,0.48085281252861023
0.9050541987723651,0.7480569948186528,0.4811753034591675
0.9050417972831766,0.7479490500863558,0.4812690317630768
0.9051600261267145,0.7479490500863558,0.48151713609695435
0.9052782858636007,0.7479490500863558,0.48161908984184265
0.9053965765059454,0.7479490500863558,0.48241886496543884
0.9055148980658652,0.7479490500863558,0.48244988918304443
0.9056332505554829,0.7479490500863558,0.48249199986457825
0.9057516339869282,0.7479490500863558,0.48257195949554443
0.905739312328409,0.7478411053540587,0.4827093482017517
0.9058577405857741,0.7478411053540587,0.482757568359375
0.9059761998169217,0.7478411053540587,0.4828592836856842
0.9060946900340047,0.7478411053540587,0.48293766379356384
0.9060824068018313,0.7477331606217616,0.4829905033111572
0.9062009419152276,0.7477331606217616,0.48302942514419556
0.906188669370666,0.7476252158894646,0.48304590582847595
0.9063072494111489,0.7476252158894646,0.48325949907302856
0.9062949875670724,0.7475172711571675,0.4833197593688965
0.9064136125654451,0.7475172711571675,0.4833608567714691
0.9065322686215473,0.7475172711571675,0.48374485969543457
0.9066509557475779,0.7475172711571675,0.48401695489883423
0.9067696739557418,0.7475172711571675,0.4842351973056793
0.9067574646411733,0.7474093264248705,0.48436638712882996
0.9067452521283562,0.7473013816925734,0.48446598649024963
0.9067330364160335,0.7471934369602763,0.48503994941711426
0.9067208175029478,0.7470854922279793,0.4850485324859619
0.9067085953878407,0.7469775474956822,0.48509207367897034
0.9068274144935133,0.7469775474956822,0.48553794622421265
0.9069462647444299,0.7469775474956822,0.4855681359767914
0.9070651461528378,0.7469775474956822,0.4857357144355774
0.9071840587309911,0.7469775474956822,0.4858608841896057
0.9073030024911498,0.7469775474956822,0.48600512742996216
0.907421977445581,0.7469775474956822,0.48618900775909424
0.9074098360655738,0.7468696027633851,0.4862842857837677
0.9073976915005246,0.7467616580310881,0.48646441102027893
0.9073855437491801,0.746653713298791,0.48682019114494324
0.9073733928102861,0.7465457685664939,0.48687800765037537
0.9074924550583913,0.7465457685664939,0.48800989985466003
0.90748031496063,0.7464378238341969,0.48801732063293457
0.9075994224963906,0.7464378238341969,0.4880855977535248
0.9078377313903111,0.7464378238341969,0.4883041977882385
0.9087922197397819,0.7464378238341969,0.4883870482444763
0.9089116719242902,0.7464378238341969,0.48864638805389404
0.9090311555146575,0.7464378238341969,0.48943576216697693
0.9091506705232711,0.7464378238341969,0.4895153343677521
0.9091387245233399,0.7463298791018999,0.4895399510860443
0.9092582851130984,0.7463298791018999,0.48959705233573914
0.9093778771537551,0.7463298791018999,0.48978784680366516
0.9094975006577216,0.7463298791018999,0.4904579818248749
0.9096171556374161,0.7463298791018999,0.4905230402946472
0.9095695669343162,0.7458981001727115,0.49077552556991577
0.9096893101632438,0.7458981001727115,0.4909714162349701
0.9096774193548387,0.7457901554404145,0.49212872982025146
0.9104812129202373,0.7454663212435233,0.49226441979408264
0.9106012658227848,0.7454663212435233,0.4922935962677002
0.9107590759075908,0.7447107081174439,0.49235236644744873
0.9108793240031687,0.7447107081174439,0.49320557713508606
0.9108675557903076,0.7446027633851469,0.4933089315891266
0.910987849973587,0.7446027633851469,0.49380603432655334
0.9111081759344869,0.7446027633851469,0.494153767824173
0.9110964332892999,0.7444948186528497,0.4942260682582855
0.9112168053904083,0.7444948186528497,0.49444326758384705
0.9112050739957717,0.7443868739205527,0.4945307970046997
0.9111933395004626,0.7442789291882557,0.49469953775405884
0.9113137721385144,0.7442789291882557,0.4947986304759979
0.9114342366159948,0.7442789291882557,0.4948747456073761
0.9114225277630883,0.7441709844559585,0.4953955411911011
0.911543038476795,0.7441709844559585,0.49604952335357666
0.9116635810632108,0.7441709844559585,0.49626556038856506
0.9117841555349822,0.7441709844559585,0.496369868516922
0.9119047619047619,0.7441709844559585,0.4964768588542938
0.9118931075539093,0.7440630397236615,0.49652257561683655
0.9118814501190792,0.7439550949913645,0.4970313012599945
0.912002117242292,0.7439550949913645,0.49706509709358215
0.9121228163049232,0.7439550949913645,0.49755358695983887
0.9122435473196558,0.7439550949913645,0.49760234355926514
0.912208686440678,0.7436312607944733,0.49771204590797424
0.9123294927824129,0.7436312607944733,0.4979196786880493
0.9124503311258279,0.7436312607944733,0.49797523021698
0.9125712014836402,0.7436312607944733,0.4979833960533142
0.9129508851324372,0.7403929188255614,0.4981003701686859
0.9129392971246006,0.7402849740932642,0.49825331568717957
0.9130608440953268,0.7402849740932642,0.49828583002090454
0.9131824234354194,0.7402849740932642,0.498561292886734
0.9133040351578107,0.7402849740932642,0.49908483028411865
0.9134256792754395,0.7402849740932642,0.4991377592086792
0.9135473558012521,0.7402849740932642,0.49920353293418884
0.9135358379962697,0.7401770293609672,0.499251127243042
0.9135243171219187,0.7400690846286702,0.49930691719055176
0.9136460554371002,0.7400690846286702,0.4993685185909271
0.9136345461815274,0.739961139896373,0.49943771958351135
0.913623033857638,0.739853195164076,0.49963000416755676
0.9137448340221304,0.739853195164076,0.4996682107448578
0.9138666666666667,0.739853195164076,0.49970704317092896
0.9139885318042406,0.739853195164076,0.5001527667045593
0.9141104294478528,0.739853195164076,0.5001776814460754
0.9140989729225023,0.739745250431779,0.5004701018333435
0.9140875133404482,0.7396373056994818,0.5007128715515137
0.914209472981988,0.7396373056994818,0.5008333921432495
0.9143314651721377,0.7396373056994818,0.5008401870727539
0.9143200320298945,0.7395293609671848,0.5008525252342224
0.9142971565879054,0.7393134715025906,0.501099705696106
0.9142857142857143,0.7392055267702936,0.5011776685714722
0.9142742689277608,0.7390975820379966,0.5012702345848083
0.9142628205128205,0.7389896373056994,0.5016743540763855
0.9142513690396687,0.7388816925734024,0.5020638704299927
0.9142399145070799,0.7387737478411054,0.5021989941596985
0.9143620574482298,0.7387737478411054,0.5022330284118652
0.914484233030465,0.7387737478411054,0.5022430419921875
0.9144728050247227,0.7386658031088082,0.5025166869163513
0.9145950280673617,0.7386658031088082,0.5025320053100586
0.9145836118166021,0.7385578583765112,0.5028536915779114
0.9147058823529411,0.7385578583765112,0.5037128925323486
0.9156174658451648,0.7379101899827288,0.5039351582527161
0.9156061620897522,0.7378022452504318,0.5042453408241272
0.9157288317256163,0.7378022452504318,0.5049577951431274
0.9159742696328063,0.7378022452504318,0.5052900910377502
0.9160970379305723,0.7378022452504318,0.5052919983863831
0.9160857908847185,0.7376943005181347,0.5054274201393127
0.9160745408231666,0.7375863557858376,0.505698025226593
0.9160632877447037,0.7374784110535406,0.5056988000869751
0.9161861338339815,0.7374784110535406,0.5057600140571594
0.9161748927038627,0.7373704663212435,0.50577312707901
0.9162977867203219,0.7373704663212435,0.5059117078781128
0.9164207137107593,0.7373704663212435,0.5061319470405579
0.9164094995303904,0.7372625215889465,0.5062310099601746
0.916532474503489,0.7372625215889465,0.5062762498855591
0.9166554824855724,0.7372625215889465,0.506295382976532
0.9167785234899329,0.7372625215889465,0.5063148736953735
0.9169015975298698,0.7372625215889465,0.5066215395927429
0.9171478447697059,0.7372625215889465,0.5068946480751038
0.917136717700779,0.7371545768566494,0.5071704387664795
0.9172599059771659,0.7371545768566494,0.5072338581085205
0.9172487909725954,0.7370466321243523,0.5074388980865479
0.9173720274083031,0.7370466321243523,0.5075368285179138
0.917495296963182,0.7370466321243523,0.507548451423645
0.9174842091116785,0.7369386873920553,0.5075652003288269
0.9174731182795699,0.7368307426597582,0.5078819394111633
0.9175964511359054,0.7368307426597582,0.5082206726074219
0.9177198171551493,0.7368307426597582,0.5091961026191711
0.9177087535296491,0.7367227979274611,0.5094669461250305
0.9178321678321678,0.7367227979274611,0.509567141532898
0.9181644880174292,0.7278713298791019,0.5098580121994019
0.9182895274411004,0.7278713298791019,0.5100361704826355
0.918653767543262,0.7277633851468048,0.5101071000099182
0.9187789588443718,0.7277633851468048,0.510554850101471
0.9189041842715007,0.7277633851468048,0.5109515190124512
0.9188931297709924,0.7276554404145078,0.5110020041465759
0.9188820722563054,0.7275474956822107,0.5111861228942871
0.919007362967003,0.7275474956822107,0.5112608671188354
0.9191326878494477,0.7275474956822107,0.5114040374755859
0.9192580469176214,0.7275474956822107,0.5115612745285034
0.919103580213173,0.7260362694300518,0.5118997097015381
0.9190925242585759,0.7259283246977547,0.5120753645896912
0.9192181519956261,0.7259283246977547,0.512734055519104
0.9193438140806562,0.7259283246977547,0.5127730965614319
0.9193327864369701,0.7258203799654577,0.5127821564674377
0.9193217557773827,0.7257124352331606,0.5128251314163208
0.919573245794009,0.7257124352331606,0.5128874182701111
0.919562243502052,0.7256044905008635,0.5129609107971191
0.9195512381994801,0.7254965457685665,0.5129833221435547
0.9195402298850575,0.7253886010362695,0.5131205916404724
0.9192196730320099,0.7222582037996546,0.5131902098655701
0.9192085737840066,0.7221502590673575,0.5131944417953491
0.9191974714855022,0.7220423143350605,0.5132091641426086
0.9193238042880704,0.7220423143350605,0.5136124491691589
0.9194501718213058,0.7220423143350605,0.5136475563049316
0.9195765740995325,0.7220423143350605,0.5143818259239197
0.919565516293139,0.7219343696027634,0.5146041512489319
0.9196919691969196,0.7219343696027634,0.5152742266654968
0.9196809242195021,0.7218264248704663,0.5153403878211975
0.9196698762035763,0.7217184801381693,0.5153498649597168
0.919796395652772,0.7217184801381693,0.5154194235801697
0.9197853604843148,0.7216105354058722,0.5162392258644104
0.9197743222787945,0.7215025906735751,0.5163416266441345
0.9197632810349573,0.7213946459412781,0.5165359377861023
0.9198898830006882,0.7213946459412781,0.5167678594589233
0.9198788546255506,0.721286701208981,0.5168511867523193
0.9198678232135481,0.721178756476684,0.516943097114563
0.9199944918755164,0.721178756476684,0.5171233415603638
0.9199834733507781,0.7210708117443869,0.5171357989311218
0.9201101928374655,0.7210708117443869,0.5173099040985107
0.9202369472379116,0.7210708117443869,0.5174816846847534
0.920214964861513,0.7208549222797928,0.5180256962776184
0.9202039691289967,0.7207469775474957,0.518143892288208
0.9201929703652654,0.7206390328151986,0.5187956690788269
0.9201819685690653,0.7205310880829016,0.5190261006355286
0.9201709637391424,0.7204231433506045,0.5190422534942627
0.9202978488692775,0.7204231433506045,0.5196120738983154
0.9204247689973797,0.7204231433506045,0.5201497673988342
0.9204137931034483,0.7203151986183074,0.5212520360946655
0.9204028141812663,0.7202072538860104,0.5212582349777222
0.9203918322295805,0.7200993091537133,0.5213018655776978
0.9205188353801573,0.7200993091537133,0.521431028842926
0.9206349206349206,0.7199913644214162,0.5217605233192444
0.92076200993926,0.7199913644214162,0.52178555727005
0.9208891343366008,0.7199913644214162,0.5218510627746582
0.9210162938414802,0.7199913644214162,0.5219064950942993
0.9210053859964094,0.7198834196891192,0.5221655964851379
0.9211325966850828,0.7198834196891192,0.5222901701927185
0.9212598425196851,0.7198834196891192,0.5224940180778503
0.9216800665372886,0.7177245250431779,0.5227262377738953
0.9218078469430195,0.7177245250431779,0.5230048894882202
0.9219356627842484,0.7177245250431779,0.5231075286865234
0.9219248370545001,0.7176165803108808,0.5233508348464966
0.9218706633361088,0.7170768566493955,0.5234220623970032
0.9218598195697433,0.7169689119170984,0.5237014293670654
0.9221898013060997,0.7164291882556131,0.5237648487091064
0.9221789883268483,0.716321243523316,0.52461177110672
0.9221681723419041,0.716213298791019,0.5246913433074951
0.9222963580761746,0.716213298791019,0.5247179269790649
0.9222855554010844,0.7161053540587219,0.5249331593513489
0.9224137931034483,0.7161053540587219,0.5251753330230713
0.9225420664719789,0.7161053540587219,0.5256097912788391
0.9226703755215577,0.7161053540587219,0.5264090895652771
0.9226488592097941,0.7158894645941278,0.5267292857170105
0.922777236677334,0.7158894645941278,0.5274553894996643
0.9229056498747564,0.7158894645941278,0.5278698801994324
0.9228949199721642,0.7157815198618307,0.5279951095581055
0.9230233853006682,0.7157815198618307,0.528026282787323
0.9231518863984408,0.7157815198618307,0.5280357003211975
0.923141186299081,0.7156735751295337,0.5286167860031128
0.9231304832196073,0.7155656303972366,0.5286256670951843
0.923259052924791,0.7155656303972366,0.528685450553894
0.9233876584482519,0.7155656303972366,0.5287413001060486
0.9235162998049596,0.7155656303972366,0.5287885665893555
0.9236449770098927,0.7155656303972366,0.5294173359870911
0.9237736900780379,0.7155656303972366,0.5295873880386353
0.9239024390243903,0.7155656303972366,0.5297932028770447
0.9240312238639532,0.7155656303972366,0.5298017263412476
0.9241600446117385,0.7155656303972366,0.5298354625701904
0.9241494701617401,0.7154576856649395,0.5300626754760742
0.9242783433272905,0.7154576856649395,0.5301721692085266
0.9242677824267782,0.7153497409326425,0.5303520560264587
0.9251187482537021,0.7148100172711571,0.530620276927948
0.9250978200111795,0.7145941278065631,0.5306382775306702
0.9252271139063591,0.7145941278065631,0.5308043360710144
0.9252166620072687,0.7144861830742659,0.5310347080230713
0.9253460086676919,0.7144861830742659,0.5311094522476196
0.9254753914988815,0.7144861830742659,0.5311419367790222
0.9256048105160117,0.7144861830742659,0.5313822627067566
0.9257342657342658,0.7144861830742659,0.5314147472381592
0.9257238774653798,0.7143782383419689,0.5315008163452148
0.9257134862898713,0.7142702936096719,0.5315791368484497
0.9257030922065203,0.7141623488773747,0.5315977931022644
0.9258326336411978,0.7141623488773747,0.5316572189331055
0.9258222533240028,0.7140544041450777,0.5316922664642334
0.9259518477043673,0.7140544041450777,0.5319074988365173
0.9260814783704326,0.7140544041450777,0.5319794416427612
0.9262111453374405,0.7140544041450777,0.5323736071586609
0.9263408486206414,0.7140544041450777,0.5327866077423096
0.9264705882352942,0.7140544041450777,0.5329676270484924
0.9264602885558202,0.7139464594127807,0.5330625176429749
0.9264499859904736,0.7138385146804835,0.5331467390060425
0.9264396805380412,0.7137305699481865,0.5332112312316895
0.9265695067264574,0.7137305699481865,0.5338299870491028
0.9266067920291888,0.7127590673575129,0.5340414047241211
0.9267741023466214,0.707685664939551,0.5343117713928223
0.926905132192846,0.707685664939551,0.5343436598777771
0.9268947963800905,0.7075777202072538,0.5345625281333923
0.9268844576438976,0.7074697754749568,0.534641444683075
0.927015558698727,0.7074697754749568,0.53468257188797
0.9270052341208092,0.7073618307426598,0.5347959995269775
0.927136389360498,0.7073618307426598,0.5350708961486816
0.9271260789585397,0.7072538860103627,0.5350829362869263
0.9272572884234361,0.7072538860103627,0.5351585149765015
0.9272469922151451,0.7071459412780656,0.5352364778518677
0.9273782559456398,0.7071459412780656,0.5352955460548401
0.9273165202606971,0.7064982728842832,0.5354501605033875
0.9272959183673469,0.7062823834196891,0.5354698300361633
0.9274273564847626,0.7062823834196891,0.5355109572410583
0.9275588318684435,0.7062823834196891,0.5355780720710754
0.9275485608960726,0.706174438687392,0.536026656627655
0.9274971623155505,0.7056347150259067,0.5360433459281921
0.9276287782034909,0.7056347150259067,0.5364183783531189
0.9277604314504684,0.7056347150259067,0.5364406704902649
0.927750177430802,0.7055267702936097,0.5365938544273376
0.9277399204997161,0.7054188255613126,0.5368974804878235
0.9277296606559705,0.7053108808290155,0.5370631217956543
0.9277193978983244,0.7052029360967185,0.5370684266090393
0.9277091322255362,0.7050949913644214,0.5372196435928345
0.9276988636363637,0.7049870466321243,0.5375784635543823
0.9275960170697013,0.7039075993091537,0.5376504063606262
0.9277279840660122,0.7039075993091537,0.5380491614341736
0.9277177006260672,0.7037996545768567,0.5382745862007141
0.9278497224989327,0.7037996545768567,0.5382785201072693
0.9278394534585824,0.7036917098445595,0.5383009314537048
0.9279715302491103,0.7036917098445595,0.5383216738700867
0.9281036446469249,0.7036917098445595,0.5384830236434937
0.9280934073757653,0.7035837651122625,0.5387616753578186
0.9282255767587582,0.7035837651122625,0.5390108823776245
0.9282153539381854,0.7034758203799655,0.5392361879348755
0.9282051282051282,0.7033678756476683,0.5394949316978455
0.9283373699957259,0.7033678756476683,0.5395873785018921
0.9283271587346823,0.7032599309153713,0.5399238467216492
0.9283169445632037,0.7031519861830743,0.5399594306945801
0.9283067274800456,0.7030440414507773,0.5403489470481873
0.928296507483963,0.7029360967184801,0.5403979420661926
0.9286936679977182,0.7029360967184801,0.5406508445739746
0.9286834973612894,0.7028281519861831,0.5411532521247864
0.9288159771754636,0.7028281519861831,0.541270911693573
0.9287142857142857,0.7017487046632125,0.5413346290588379
0.928704100585798,0.7016407599309153,0.5414441227912903
0.9288368105172906,0.7016407599309153,0.5418516397476196
0.9289695583821638,0.7016407599309153,0.5419236421585083
0.9289594053744997,0.7015328151986183,0.5420505404472351
0.9290922087205147,0.7015328151986183,0.5423645377159119
0.9292250500428939,0.7015328151986183,0.542384147644043
0.9293579293579294,0.7015328151986183,0.5426951050758362
0.9294908466819222,0.7015328151986183,0.5432193279266357
0.9294807609784008,0.7014248704663213,0.5432971715927124
0.9296137339055794,0.7014248704663213,0.5435220003128052
0.929746744884819,0.7014248704663213,0.5436050891876221
0.9298797939324557,0.7014248704663213,0.543664813041687
0.9298697581222269,0.7013169257340242,0.5438068509101868
0.9298597194388778,0.7012089810017271,0.543822705745697
0.9299928418038654,0.7012089810017271,0.5440742373466492
0.9299727910640126,0.700993091537133,0.5442809462547302
0.9301059868232598,0.700993091537133,0.5444422364234924
0.930239220742014,0.700993091537133,0.5444435477256775
0.9302292263610316,0.7008851468048359,0.5447813868522644
0.9302192291159191,0.7007772020725389,0.544820249080658
0.9302092290054457,0.7006692573402418,0.5451465249061584
0.930199226028379,0.7005613126079447,0.5451693534851074
0.9303325688073395,0.7005613126079447,0.5453558564186096
0.9304659498207886,0.7005613126079447,0.5456022024154663
0.9304559793518784,0.7004533678756477,0.5457238554954529
0.9304460060232325,0.7003454231433506,0.5457558631896973
0.9308464849354375,0.7003454231433506,0.5459773540496826
0.9308365619170613,0.7002374784110535,0.546988308429718
0.9309701492537313,0.7002374784110535,0.5470824241638184
0.9311037749389981,0.7002374784110535,0.5471145510673523
0.9312374389893769,0.7002374784110535,0.5471935868263245
0.9312275664034458,0.7001295336787565,0.5472121238708496
0.9312078127244005,0.6999136442141624,0.5473913550376892
0.9313415685147945,0.6999136442141624,0.54740309715271
0.9313218390804597,0.6996977547495682,0.5475567579269409
0.9312230215827338,0.6986183074265976,0.5476781725883484
0.9313570297884588,0.6986183074265976,0.5477476716041565
0.9313273826662828,0.6982944732297064,0.5477727055549622
0.9314614830813535,0.6982944732297064,0.5479981899261475
0.9314516129032258,0.6981865284974094,0.5481460690498352
0.9315857698401268,0.6981865284974094,0.548221230506897
0.9315759147219821,0.6980785837651122,0.5486652851104736
0.931566056764155,0.6979706390328152,0.5486767292022705
0.9317002881844381,0.6979706390328152,0.5487580299377441
0.9316904453091224,0.6978626943005182,0.5488338470458984
0.9318247333525511,0.6978626943005182,0.5491024255752563
0.9315842875779099,0.6937607944732297,0.5491424798965454
0.9315743693824297,0.6936528497409327,0.549321174621582
0.9315048614134378,0.6928972366148531,0.5494259595870972
0.9314949201741655,0.6927892918825561,0.5495982766151428
0.9314849760487734,0.6926813471502591,0.5496115684509277
0.9314750290360047,0.6925734024179621,0.5499542355537415
0.9316102802381299,0.6925734024179621,0.5500114560127258
0.9315605928509154,0.6920336787564767,0.5500131249427795
0.9315506467083273,0.6919257340241797,0.550423800945282
0.9316860465116279,0.6919257340241797,0.5505930781364441
0.9314868804664723,0.6897668393782384,0.5506666898727417
0.9314768916751713,0.6896588946459413,0.5507365465164185
0.931612715077282,0.6896588946459413,0.5507838129997253
0.9315728042019259,0.689227115716753,0.5511871576309204
0.9315628192032687,0.689119170984456,0.5515049695968628
0.9315528312901342,0.6890112262521589,0.5515555739402771
0.9315989476761181,0.6880397236614854,0.5519835948944092
0.9315889489840666,0.6879317789291882,0.5520392060279846
0.9317251461988304,0.6879317789291882,0.5521650910377502
0.9318613832431643,0.6879317789291882,0.5523523092269897
0.9318514185434338,0.6878238341968912,0.5528636574745178
0.9318414509287699,0.6877158894645942,0.5533199310302734
0.9318314803978935,0.687607944732297,0.5535361766815186
0.9319678127286027,0.687607944732297,0.5538828372955322
0.9321041849575651,0.687607944732297,0.5541417002677917
0.9322405971022977,0.687607944732297,0.5543468594551086
0.9322207583077148,0.687392055267703,0.5549078583717346
0.9323572474377745,0.687392055267703,0.5552799701690674
0.923,0.5977979274611399,0.5553744435310364
0.923153858976496,0.5977979274611399,0.5563402771949768
0.9233077692564188,0.5977979274611399,0.5567722320556641
0.9234617308654327,0.5977979274611399,0.5575793981552124
0.9234489659773182,0.5976899827288429,0.5576018691062927
0.923603002502085,0.5976899827288429,0.5578674077987671
0.9235902569235902,0.5975820379965457,0.5581433773040771
0.9235392320534224,0.5971502590673575,0.5586788058280945
0.9238095238095239,0.5968264248704663,0.5588383674621582
0.9239384821130057,0.5966105354058722,0.5588740706443787
0.9240929610433037,0.5966105354058722,0.5592515468597412
0.9240675698277304,0.5963946459412781,0.5592964887619019
0.9240548678487789,0.596286701208981,0.55959552526474
0.9240421616195416,0.596178756476684,0.5600457787513733
0.9241967871485943,0.596178756476684,0.5600668787956238
0.92418410041841,0.5960708117443869,0.560234785079956
0.9243388014730499,0.5960708117443869,0.56047123670578
0.9244935543278084,0.5960708117443869,0.5604808330535889
0.9246483590087073,0.5960708117443869,0.5607298612594604
0.9246357394071345,0.5959628670120898,0.5608162879943848
0.9247906197654941,0.5959628670120898,0.5608959197998047
0.9249455520187636,0.5959628670120898,0.5609365105628967
0.9251005361930295,0.5959628670120898,0.5609738826751709
0.9252555723143958,0.5959628670120898,0.5611696839332581
0.9254106604089842,0.5959628670120898,0.5613467693328857
0.9253981559094719,0.5958549222797928,0.5614175796508789
0.9255533199195171,0.5958549222797928,0.561808705329895
0.9255408351500922,0.5957469775474957,0.5618316531181335
0.9255283461925529,0.5956390328151986,0.5618674755096436
0.9255158530447911,0.5955310880829016,0.5620371699333191
0.925503355704698,0.5954231433506045,0.5623001456260681
0.9254908541701627,0.5953151986183074,0.5623170137405396
0.9254658385093167,0.5950993091537133,0.562379002571106
0.9256212222968435,0.5950993091537133,0.5625240206718445
0.9256087321578506,0.5949913644214162,0.5628857016563416
0.925596237823312,0.5948834196891192,0.5634127259254456
0.9255837392911137,0.5947754749568221,0.5635973811149597
0.925739247311828,0.5947754749568221,0.5638605356216431
0.9257267686103176,0.594667530224525,0.5639283061027527
0.9258823529411765,0.594667530224525,0.5642848014831543
0.9258698940998488,0.594559585492228,0.5644101500511169
0.925857431069267,0.594451640759931,0.5644317865371704
0.925844963847318,0.5943436960276338,0.5644330978393555
0.9258200168208579,0.5941278065630398,0.564454972743988
0.9259757738896366,0.5941278065630398,0.5647227764129639
0.9259633181894666,0.5940198618307426,0.5647761821746826
0.9259508582968697,0.5939119170984456,0.5649430751800537
0.9261067160410705,0.5939119170984456,0.5650385618209839
0.9262626262626262,0.5939119170984456,0.565057098865509
0.9264185889880451,0.5939119170984456,0.5655121207237244
0.926344176639137,0.5932642487046632,0.5657692551612854
0.9263317599460553,0.5931563039723662,0.5659438967704773
0.9264259196760041,0.5926165803108808,0.5662961602210999
0.9264010803511141,0.5924006908462867,0.5665904879570007
0.926388654398109,0.5922927461139896,0.5669235587120056
0.9263762242485647,0.5921848013816926,0.5669777989387512
0.926201760324983,0.5906735751295337,0.5675075054168701
0.9261892669713899,0.5905656303972366,0.5680962204933167
0.926176769387064,0.5904576856649395,0.5682399868965149
0.926164267569856,0.5903497409326425,0.5683154463768005
0.9263211382113821,0.5903497409326425,0.5695962905883789
0.9263086566152804,0.5902417962003454,0.5696269869804382
0.9268871925360475,0.5898100172711571,0.5696294903755188
0.9270444519850696,0.5898100172711571,0.5697588920593262
0.9270320719497709,0.5897020725388601,0.5698435306549072
0.927007299270073,0.5894861830742659,0.569874107837677
0.9269949066213922,0.5893782383419689,0.5699317455291748
0.9269825097639667,0.5892702936096719,0.570243239402771
0.927139945652174,0.5892702936096719,0.5705625414848328
0.9271275692203159,0.5891623488773747,0.5708525776863098
0.9272727272727272,0.5890544041450777,0.571057915687561
0.9272603670972128,0.5889464594127807,0.5711027383804321
0.9272356341380483,0.5887305699481865,0.5712910890579224
0.9273933004591056,0.5887305699481865,0.5712975263595581
0.9275510204081633,0.5887305699481865,0.5713488459587097
0.9277087940125872,0.5887305699481865,0.5713742971420288
0.9276964954066009,0.5886226252158895,0.5715956091880798
0.9278543474561851,0.5886226252158895,0.5716943740844727
0.9278420694349898,0.5885146804835925,0.571709156036377
0.9279754810148135,0.5882987910189983,0.5717285871505737
0.9278526351697084,0.5872193436960277,0.5718384385108948
0.9278403275332651,0.5871113989637305,0.5720555186271667
0.9279986350452142,0.5871113989637305,0.572065532207489
0.9281569965870308,0.5871113989637305,0.5721398591995239
0.9283154121863799,0.5871113989637305,0.5728568434715271
0.9283031751451007,0.5870034542314335,0.5728891491889954
0.9282909339252177,0.5868955094991365,0.5732560157775879
0.9280068728522337,0.5830094991364422,0.5734454989433289
0.9279945007733288,0.582901554404145,0.5734721422195435
0.927944969905417,0.5824697754749568,0.5734727382659912
0.9279325765393877,0.5823618307426598,0.5738281011581421
0.928092207121968,0.5823618307426598,0.5738947987556458
0.9280798348245011,0.5822538860103627,0.5739367008209229
0.9280674582688005,0.5821459412780656,0.5740914940834045
0.9282271944922548,0.5821459412780656,0.5741047263145447
0.9283869857118264,0.5821459412780656,0.5741288661956787
0.928374655647383,0.5820379965457686,0.5741541385650635
0.928522218394764,0.5819300518134715,0.5742641687393188
0.9286821705426357,0.5819300518134715,0.5742914080619812
0.9288421778084079,0.5819300518134715,0.5747287273406982
0.9288927335640138,0.5795552677029361,0.5757405757904053
0.9287694974003466,0.5784758203799655,0.5765390992164612
0.9287571502860115,0.5783678756476683,0.5767292976379395
0.9287447988904299,0.5782599309153713,0.5776100158691406
0.928732443211375,0.5781519861830743,0.5776774287223816
0.9288935137010059,0.5781519861830743,0.5779648423194885
0.9288811795316565,0.5780440414507773,0.5780166983604431
0.9290423317140875,0.5780440414507773,0.5781484842300415
0.9290300190872809,0.5779360967184801,0.5781950950622559
0.9291912530371399,0.5779360967184801,0.5784022808074951
0.9291789619857663,0.5778281519861831,0.5793513059616089
0.9291297550807712,0.5773963730569949,0.5793561935424805
0.9265210326773786,0.553972366148532,0.5794100165367126
0.9266883351390394,0.553972366148532,0.5795657634735107
0.926855698031425,0.553972366148532,0.579713761806488
0.926842485549133,0.5538644214162349,0.5798065066337585
0.9270099367660344,0.5538644214162349,0.579903244972229
0.9269967473798337,0.5537564766839378,0.5805818438529968
0.9269835532260979,0.5536485319516408,0.5807458758354187
0.9269703543022415,0.5535405872193437,0.5808415412902832
0.9269307288840658,0.5532167530224525,0.5811110138893127
0.926917510853835,0.5531088082901554,0.5812016725540161
0.927085218020626,0.5531088082901554,0.5822271108627319
0.9272529858849077,0.5531088082901554,0.582547664642334
0.927420814479638,0.5531088082901554,0.5826437473297119
0.9274076755973932,0.5530008635578584,0.5828186273574829
0.9275755929748325,0.5530008635578584,0.5829554796218872
0.9275624773632741,0.5528929188255614,0.5838042497634888
0.927730483608042,0.5528929188255614,0.5844298005104065
0.9277173913043478,0.5527849740932642,0.5846600532531738
0.9277042942562058,0.5526770293609672,0.5850853323936462
0.9276911924610366,0.5525690846286702,0.5855483412742615
0.9276780859162589,0.552461139896373,0.5858306884765625
0.9278462654097172,0.552461139896373,0.5858322381973267
0.9278200943054045,0.552245250431779,0.5859559774398804
0.9279230210602759,0.5517055267702936,0.5861926674842834
0.9279099328127838,0.5515975820379966,0.5864303112030029
0.9278968398111151,0.5514896373056994,0.5869371891021729
0.9280653950953679,0.5514896373056994,0.5870689153671265
0.9280523255813954,0.5513816925734024,0.58710116147995
0.928,0.5509499136442142,0.587234377861023
0.928168757955992,0.5509499136442142,0.5875639915466309
0.9283375773008367,0.5509499136442142,0.5879482626914978
0.928324540658541,0.5508419689119171,0.5882493853569031
0.9284934497816594,0.5508419689119171,0.5883060693740845
0.9286364463863098,0.550626079447323,0.5883857607841492
0.9286234522942461,0.5505181347150259,0.588607907295227
0.9286104534693134,0.5504101899827288,0.588995635509491
0.9285974499089253,0.5503022452504318,0.5895401239395142
0.9287666241574057,0.5503022452504318,0.5898808240890503
0.9289358600583091,0.5503022452504318,0.5900075435638428
0.928922908693275,0.5501943005181347,0.5901845693588257
0.9290922347794386,0.5501943005181347,0.5902631878852844
0.9290793072014585,0.5500863557858376,0.590268611907959
0.9292487235594457,0.5500863557858376,0.5905970931053162
0.9292358198066751,0.5499784110535406,0.5908136963844299
0.9294053265231668,0.5499784110535406,0.5909754037857056
0.9293924466338259,0.5498704663212435,0.5912763476371765
0.9295620437956205,0.5498704663212435,0.5914180874824524
0.9297317028654865,0.5498704663212435,0.5918088555335999
0.929718875502008,0.5497625215889465,0.5920392870903015
0.929888625159759,0.5497625215889465,0.5928959250450134
0.9300584368151936,0.5497625215889465,0.5929617881774902
0.930228310502283,0.5497625215889465,0.5936136841773987
0.9303982462550238,0.5497625215889465,0.5938332080841064
0.9303728070175439,0.5495466321243523,0.5938587188720703
0.9305428623651983,0.5495466321243523,0.5943096876144409
0.9307129798903108,0.5495466321243523,0.5945940017700195
0.9307003108429329,0.5494386873920553,0.5945960283279419
0.9306876371616679,0.5493307426597582,0.5952318906784058
0.9306749588439729,0.5492227979274611,0.5953773856163025
0.9306368960468521,0.5488989637305699,0.5954217910766602
0.9306241991579718,0.5487910189982729,0.595584511756897
0.9306114976199195,0.5486830742659758,0.5956844091415405
0.930781908075444,0.5486830742659758,0.5957984328269958
0.930952380952381,0.5486830742659758,0.595912516117096
0.9309397325517494,0.5485751295336787,0.5963788032531738
0.9311102968120191,0.5485751295336787,0.5964257717132568
0.9312809235843871,0.5485751295336787,0.5968786478042603
0.9312683284457478,0.5484671848013817,0.5968823432922363
0.9314390467461044,0.5484671848013817,0.5969668030738831
0.9316098276494316,0.5484671848013817,0.5971185564994812
0.9317806711901705,0.5484671848013817,0.5978189706802368
0.931951577402788,0.5484671848013817,0.597854495048523
0.9321225463217758,0.5484671848013817,0.5982282757759094
0.9322935779816514,0.5484671848013817,0.5982550978660583
0.9322811525050468,0.5483592400690847,0.5982872247695923
0.9322687224669604,0.5482512953367875,0.598482608795166
0.9324398751606389,0.5482512953367875,0.5991142392158508
0.932427469702534,0.5481433506044905,0.5991668701171875
0.9324026451138868,0.5479274611398963,0.5993114709854126
0.9325739481903362,0.5479274611398963,0.5994806289672852
0.9325615582506431,0.5478195164075993,0.5995453000068665
0.9325491637566624,0.5477115716753023,0.5996555685997009
0.9327205882352941,0.5477115716753023,0.5997720956802368
0.9328920757492186,0.5477115716753023,0.5999032855033875
0.9328797351967635,0.5476036269430051,0.5999644994735718
0.9328673901048372,0.5474956822107081,0.6006354689598083
0.9330389992641648,0.5474956822107081,0.6007511615753174
0.9330266789328426,0.5473877374784111,0.6010883450508118
0.9331983805668016,0.5473877374784111,0.601094663143158
0.9331860850358917,0.5472797927461139,0.6012169122695923
0.9331737849779087,0.5471718480138169,0.6013493537902832
0.9333456085435463,0.5471718480138169,0.6015938520431519
0.9333333333333333,0.5470639032815199,0.6018593907356262
0.933505249585559,0.5470639032815199,0.6019554734230042
0.9336772291820191,0.5470639032815199,0.6019764542579651
0.9336650082918739,0.5469559585492227,0.6022205948829651
0.9336527828971618,0.5468480138169257,0.6022670269012451
0.9336405529953917,0.5467400690846287,0.6026883125305176
0.9336283185840708,0.5466321243523317,0.6028019785881042
0.9338004794394247,0.5466321243523317,0.6028075814247131
0.9339727037993361,0.5466321243523317,0.6032518744468689
0.9339605238885814,0.5465241796200345,0.6032611131668091
0.9341328413284132,0.5465241796200345,0.6035813093185425
0.9343052223657501,0.5465241796200345,0.6036626100540161
0.9344776670358066,0.5465241796200345,0.6036883592605591
0.9344655713494554,0.5464162348877375,0.603759229183197
0.9344534711964549,0.5463082901554405,0.6039015650749207
0.9346260387811635,0.5463082901554405,0.603916585445404
0.9347986701145179,0.5463082901554405,0.6040173172950745
0.934786624792167,0.5462003454231433,0.6040661334991455
0.9347745750184775,0.5460924006908463,0.6043844819068909
0.9349473295139531,0.5460924006908463,0.6046550869941711
0.9351201478743069,0.5460924006908463,0.6046830415725708
0.9351081530782029,0.5459844559585493,0.6047706604003906
0.9352810650887574,0.5459844559585493,0.6050670146942139
0.9352690956167931,0.5458765112262521,0.6051397323608398
0.9352571217166111,0.5457685664939551,0.6054700016975403
0.9352451433857539,0.5456606217616581,0.6055485010147095
0.9352331606217616,0.5455526770293609,0.6057085394859314
0.9354062557838237,0.5455526770293609,0.6057602763175964
0.9355794150314698,0.5455526770293609,0.6058375835418701
0.9355674875023143,0.5454447322970639,0.6058833599090576
0.9357407407407408,0.5454447322970639,0.6059816479682922
0.93571693219711,0.5452288428324698,0.6066357493400574
0.9358903094311655,0.5452288428324698,0.606937825679779
0.9360637509266123,0.5452288428324698,0.607060968875885
0.9360518999073216,0.5451208981001727,0.6070642471313477
0.9362254356692622,0.5451208981001727,0.6075193881988525
0.9362136102354904,0.5450129533678757,0.6075721979141235
0.9362017804154302,0.5449050086355786,0.6076859831809998
0.9363754405490633,0.5449050086355786,0.6077702045440674
0.9365491651205937,0.5449050086355786,0.6079396605491638
0.9367229541658935,0.5449050086355786,0.6080337762832642
0.9367112100965108,0.5447970639032815,0.6081985831260681
0.936699461666976,0.5446891191709845,0.6088160276412964
0.9366877088748607,0.5445811744386874,0.608913242816925
0.9366759517177344,0.5444732297063903,0.6090665459632874
0.9366641901931649,0.5443652849740933,0.6093218326568604
0.9366524242987182,0.5442573402417962,0.6094012260437012
0.9366406540319584,0.5441493955094991,0.6095219850540161
0.9366288793904479,0.5440414507772021,0.6095267534255981
0.9368029739776952,0.5440414507772021,0.6097352504730225
0.9367912251347834,0.543933506044905,0.6098582744598389
0.9369654146522871,0.543933506044905,0.609932005405426
0.9369536916496187,0.543825561312608,0.6102208495140076
0.9369419642857143,0.5437176165803109,0.6107529997825623
0.9371162790697675,0.5437176165803109,0.6112616062164307
0.9372906587272051,0.5437176165803109,0.6112719178199768
0.9372789875302439,0.5436096718480138,0.6117751598358154
0.9374534623976173,0.5436096718480138,0.611871063709259
0.9376280022342208,0.5436096718480138,0.6123350858688354
0.9378026070763501,0.5436096718480138,0.6125798225402832
0.9377910225367853,0.5435017271157168,0.6126245260238647
0.937779433681073,0.5433937823834197,0.6126713156700134
0.9377678405068008,0.5432858376511226,0.6128279566764832
0.9377562430115542,0.5431778929188256,0.6128491163253784
0.9379310344827586,0.5431778929188256,0.6130774617195129
0.9381058911260254,0.5431778929188256,0.6130934953689575
0.938280812977811,0.5431778929188256,0.6131306886672974
0.9384558000745991,0.5431778929188256,0.6137294173240662
0.9386308524529006,0.5431778929188256,0.6139175891876221
0.9388059701492537,0.5431778929188256,0.6140634417533875
0.938794551222243,0.5430699481865285,0.614166796207428
0.938969764837626,0.5430699481865285,0.6142547726631165
0.9389583722232593,0.5429620034542314,0.6148491501808167
0.9389469753547424,0.5428540587219344,0.6150608062744141
0.9391223155929038,0.5428540587219344,0.6152818202972412
0.9392977213298468,0.5428540587219344,0.6154835820198059
0.9392863814683355,0.5427461139896373,0.6155261397361755
0.9392636890300878,0.5425302245250432,0.6155747175216675
0.9394392523364486,0.5425302245250432,0.6159310936927795
0.9396148812862217,0.5425302245250432,0.6160781979560852
0.9396035901271503,0.5424222797927462,0.616244912147522
0.9395922947447166,0.542314335060449,0.6165347695350647
0.9395809951365507,0.542206390328152,0.6167771220207214
0.9395696913002807,0.542098445595855,0.6169809103012085
0.9395583832335329,0.5419905008635578,0.6170050501823425
0.9395470709339322,0.5418825561312608,0.6175922751426697
0.9395131086142322,0.5415587219343696,0.617647111415863
0.9396890803521258,0.5415587219343696,0.6177182793617249
0.9396777819408018,0.5414507772020726,0.61772221326828
0.9396664792954843,0.5413428324697754,0.617872953414917
0.9398425787106447,0.5413428324697754,0.6181455254554749
0.9398313027179006,0.5412348877374784,0.6185746192932129
0.9398200224971879,0.5411269430051814,0.6187264323234558
0.9398087380461279,0.5410189982728842,0.6189591288566589
0.9397974493623406,0.5409110535405872,0.6189847588539124
0.9399737385105984,0.5409110535405872,0.6190475225448608
0.9399624765478424,0.5408031088082902,0.6192692518234253
0.9401388628260462,0.5408031088082902,0.6194331049919128
0.9403153153153153,0.5408031088082902,0.6195521354675293
0.9404918340529379,0.5408031088082902,0.6196584105491638
0.9404806609087495,0.540695164075993,0.6198322772979736
0.9404694835680751,0.540587219343696,0.6198440790176392
0.94045830202855,0.540479274611399,0.6201358437538147
0.9406349802742814,0.540479274611399,0.6204476356506348
0.9406238256294626,0.5403713298791019,0.6207071542739868
0.9406126667919564,0.5402633851468048,0.6209951043128967
0.9407894736842105,0.5402633851468048,0.6210682988166809
0.9407783417935702,0.5401554404145078,0.6210828423500061
0.9407672057164348,0.5400474956822107,0.6218173503875732
0.940756065450442,0.5399395509499136,0.6218236088752747
0.940744920993228,0.5398316062176166,0.6220465898513794
0.9407226194956718,0.5396157167530224,0.6220680475234985
0.9408996800301148,0.5396157167530224,0.6221659183502197
0.9408885542168675,0.5395077720207254,0.6223330497741699
0.9410546139359699,0.5393998272884283,0.6225574016571045
0.9410435110190243,0.5392918825561313,0.6226261258125305
0.9410324039186134,0.5391839378238342,0.6226688027381897
0.9412097230073487,0.5391839378238342,0.62275630235672
0.9411986430456087,0.5390759930915371,0.6232900619506836
0.9411875589066918,0.5389680483592401,0.623377799987793
0.9411764705882353,0.538860103626943,0.6240880489349365
0.9413539505940034,0.538860103626943,0.6241307258605957
0.9413428894756696,0.5387521588946459,0.6242662072181702
0.9413318241841162,0.5386442141623489,0.6243388652801514
0.9413207547169812,0.5385362694300518,0.6248853206634521
0.9414873537183843,0.5384283246977547,0.6250961422920227
0.9416650934491222,0.5384283246977547,0.6258114576339722
0.941654078549849,0.5383203799654577,0.6258484125137329
0.9416320362674726,0.5381044905008635,0.6259085536003113
0.9416210088796524,0.5379965457685665,0.6260904669761658
0.9415989415989416,0.5377806563039723,0.6263857483863831
0.9415547569510119,0.5373488773747841,0.626441240310669
0.9417328793038214,0.5373488773747841,0.6265619993209839
0.9417218543046357,0.5372409326424871,0.6265907287597656
0.9417108251324754,0.5371329879101899,0.6266062259674072
0.9418890781752792,0.5371329879101899,0.6269594430923462
0.9420673987126088,0.5371329879101899,0.6273354291915894
0.9422457867828062,0.5371329879101899,0.6273379921913147
0.9422348484848485,0.5370250431778929,0.6275870203971863
0.9422239060428111,0.5369170984455959,0.6278615593910217
0.9424024251610459,0.5369170984455959,0.6280033588409424
0.9423915103278377,0.5368091537132987,0.6280290484428406
0.9425701288855194,0.5368091537132987,0.6282498240470886
0.9427488151658768,0.5368091537132987,0.6283037066459656
0.9429275692074327,0.5368091537132987,0.6283223032951355
0.9429167456855679,0.5367012089810017,0.6283944845199585
0.9430955993930197,0.5367012089810017,0.6285066604614258
0.943274520963764,0.5367012089810017,0.6286047101020813
0.9434535104364327,0.5367012089810017,0.6286243200302124
0.9434427785158475,0.5365932642487047,0.6286531686782837
0.943621867881549,0.5365932642487047,0.6287800073623657
0.9436111638503892,0.5364853195164075,0.6288896203041077
0.943790353209267,0.5364853195164075,0.6288959383964539
0.9439696106362773,0.5364853195164075,0.6292412877082825
0.9439589665653495,0.5363773747841105,0.6292667388916016
0.9441383241497245,0.5363773747841105,0.6295920014381409
0.9441277080957811,0.5362694300518135,0.6296663880348206
0.9441170880060825,0.5361614853195165,0.6297198534011841
0.944106463878327,0.5360535405872193,0.6297308206558228
0.944095835710211,0.5359455958549223,0.6301197409629822
0.9440852034994295,0.5358376511226253,0.6304370760917664
0.9440745672436751,0.5357297063903281,0.6307156682014465
0.9440639269406392,0.5356217616580311,0.630836546421051
0.9440532825880115,0.5355138169257341,0.6310219764709473
0.9442329653597259,0.5355138169257341,0.6313642859458923
0.9442223491338283,0.5354058721934369,0.6314537525177002
0.9442117288651942,0.5352979274611399,0.6316162943840027
0.944201104551514,0.5351899827288429,0.6319755911827087
0.9443809523809524,0.5351899827288429,0.6320203542709351
0.9443703562583349,0.5350820379965457,0.6332751512527466
0.9445503048780488,0.5350820379965457,0.6337526440620422
0.9445397369925672,0.5349740932642487,0.6342925429344177
0.9445291650781548,0.5348661485319517,0.6343249082565308
0.9447092469018112,0.5348661485319517,0.6344060897827148
0.944698703279939,0.5347582037996546,0.6345670223236084
0.9448788861338928,0.5347582037996546,0.6347784996032715
0.9450591377336894,0.5347582037996546,0.6351012587547302
0.9452394581186796,0.5347582037996546,0.6354570984840393
0.9452290076335877,0.5346502590673575,0.6361904144287109
0.9452185531589998,0.5345423143350605,0.6364413499832153
0.9452080946926308,0.5344343696027634,0.636450469493866
0.945197632232194,0.5343264248704663,0.6364885568618774
0.9451871657754011,0.5342184801381693,0.6365727186203003
0.945367717287488,0.5342184801381693,0.6370206475257874
0.9453572793274742,0.5341105354058722,0.6371760964393616
0.9453468373781769,0.5340025906735751,0.6371980309486389
0.9455275229357798,0.5340025906735751,0.6374908089637756
0.945517109539285,0.5338946459412781,0.6377980709075928
0.945697896749522,0.5338946459412781,0.6378889083862305
0.9456875119525722,0.533786701208981,0.6380952596664429
0.9458684009181332,0.533786701208981,0.6389266848564148
0.9458580447675531,0.533678756476684,0.6394460797309875
0.9458476846536548,0.5335708117443869,0.6410692930221558
0.9458373205741627,0.5334628670120898,0.6411452889442444
0.9460183767228177,0.5334628670120898,0.6419850587844849
0.9461995022017997,0.5334628670120898,0.6423603296279907
0.9463806970509383,0.5334628670120898,0.6424151062965393
0.9465619613100938,0.5334628670120898,0.6428007483482361
0.946551724137931,0.5333549222797928,0.642886221408844
0.946733090630389,0.5333549222797928,0.6429761052131653
0.9469145266385588,0.5333549222797928,0.6429811120033264
0.9470960322024152,0.5333549222797928,0.6435629725456238
0.9472776073619632,0.5333549222797928,0.6437458395957947
0.9474592521572387,0.5333549222797928,0.6437855362892151
0.9474290099769762,0.5330310880829016,0.644326388835907
0.9474189215121858,0.5329231433506045,0.6451719999313354
0.9476007677543186,0.5329231433506045,0.6452495455741882
0.9475907083893261,0.5328151986183074,0.6459087133407593
0.9475302709975014,0.532167530224525,0.6459981799125671
0.947520184544406,0.532059585492228,0.6461483240127563
0.9477023649298212,0.532059585492228,0.6466846466064453
0.9476923076923077,0.531951640759931,0.6470270752906799
0.9478745912675515,0.531951640759931,0.647050678730011
0.9478645632935745,0.5318436960276338,0.6470844745635986
0.9478444957659738,0.5316278065630398,0.6472839117050171
0.9478344562078922,0.5315198618307426,0.6472930908203125
0.948016942626107,0.5315198618307426,0.6477121114730835
0.9480069324090121,0.5314119170984456,0.6478586196899414
0.9481895223420647,0.5314119170984456,0.6479753255844116
0.9483721826237719,0.5314119170984456,0.6491138935089111
0.9483522836770091,0.5311960276338514,0.6492626070976257
0.9485350809560524,0.5311960276338514,0.6494082808494568
0.9485251590514748,0.5310880829015544,0.6497669816017151
0.9485152333204782,0.5309801381692574,0.6501362919807434
0.9485053037608486,0.5308721934369602,0.650194525718689
0.9484953703703703,0.5307642487046632,0.6507633924484253
0.9484854331468262,0.5306563039723662,0.6510212421417236
0.9484754920879969,0.530548359240069,0.6515663862228394
0.9484655471916619,0.530440414507772,0.6519540548324585
0.9484555984555985,0.530332469775475,0.6519556045532227
0.9484456458775825,0.5302245250431779,0.6523382663726807
0.9486288142139823,0.5302245250431779,0.6530532240867615
0.9488120533127293,0.5302245250431779,0.6536381840705872
0.9488021638330757,0.5301165803108808,0.6540220975875854
0.9489855072463768,0.5301165803108808,0.6545416712760925
0.9491689215307306,0.5301165803108808,0.6548139452934265
0.9493524067272375,0.5301165803108808,0.6553463339805603
0.9495359628770301,0.5301165803108808,0.6554219722747803
0.9495262038290466,0.5300086355785838,0.6554932594299316
0.9495164410058027,0.5299006908462867,0.6556159853935242
0.9495066744051074,0.5297927461139896,0.6561048626899719
0.9496904024767802,0.5297927461139896,0.6569371223449707
0.9498742016644087,0.5297927461139896,0.656945526599884
0.9498644986449865,0.5296848013816926,0.6569939851760864
0.9498547918683447,0.5295768566493955,0.6570391654968262
0.9500387296669248,0.5295768566493955,0.6570799350738525
0.9500290528762347,0.5294689119170984,0.6571072936058044
0.9500193723363037,0.5293609671848014,0.6573964953422546
0.9502034489440031,0.5293609671848014,0.657738983631134
0.9503875968992248,0.5293609671848014,0.6577933430671692
0.950571816243458,0.5293609671848014,0.6583996415138245
0.9507561070182241,0.5293609671848014,0.658562958240509
0.9509404692650766,0.5293609671848014,0.6586796641349792
0.9509309542280838,0.5292530224525043,0.6589578986167908
0.9511154219204656,0.5292530224525043,0.6590255498886108
0.9511059371362048,0.5291450777202072,0.6590464115142822
0.9510964486706773,0.5290371329879102,0.659234881401062
0.9510869565217391,0.5289291882556131,0.6592814326286316
0.9510774606872452,0.528821243523316,0.6593136191368103
0.9512621359223301,0.528821243523316,0.6599863171577454
0.9514468828898816,0.528821243523316,0.660169243812561
0.9514374514374514,0.528713298791019,0.6604770421981812
0.9516223042549058,0.528713298791019,0.6606886386871338
0.9516129032258065,0.5286053540587219,0.6608413457870483
0.9516034985422741,0.5284974093264249,0.6609747409820557
0.9515940902021773,0.5283894645941278,0.6610966324806213
0.9515846782033832,0.5282815198618307,0.661282479763031
0.9517697394010113,0.5282815198618307,0.6613678336143494
0.9519548725928808,0.5282815198618307,0.6618626713752747
0.9521400778210116,0.5282815198618307,0.6621676087379456
0.9521307647402218,0.5281735751295337,0.6623827219009399
0.952316076294278,0.5281735751295337,0.6626550555229187
0.9523067938485498,0.5280656303972366,0.6630707383155823
0.952297507788162,0.5279576856649395,0.6635230779647827
0.9524829600778968,0.5279576856649395,0.6639747619628906
0.952668484612388,0.5279576856649395,0.6643939018249512
0.9526592635885447,0.5278497409326425,0.6643944978713989
0.9528448947778644,0.5278497409326425,0.6655375361442566
0.9530305983239135,0.5278497409326425,0.6658784747123718
0.9530214424951267,0.5277417962003454,0.6659351587295532
0.9530122830961201,0.5276338514680483,0.666061520576477
0.953003120124805,0.5275259067357513,0.6663758754730225
0.9531889994148625,0.5275259067357513,0.6665045022964478
0.9531798673429575,0.5274179620034543,0.6665365695953369
0.9533658536585365,0.5274179620034543,0.6672763824462891
0.9533567525370804,0.5273100172711571,0.6675508618354797
0.9535428459886786,0.5273100172711571,0.668017566204071
0.9537290121046467,0.5273100172711571,0.6700152158737183
0.9539152509275532,0.5273100172711571,0.6702216863632202
0.95390625,0.5272020725388601,0.6702374815940857
0.9540925962101973,0.5272020725388601,0.6703066229820251
0.954083626416569,0.5270941278065631,0.670427680015564
0.9540746531170607,0.5269861830742659,0.6705003976821899
0.95426114151681,0.5269861830742659,0.6706975102424622
0.9542521994134897,0.5268782383419689,0.6707580089569092
0.9542163960086089,0.5264464594127807,0.6708823442459106
0.9542074363992172,0.5263385146804835,0.6710943579673767
0.9541984732824428,0.5262305699481865,0.6711309552192688
0.9541895066562255,0.5261226252158895,0.671419084072113
0.9543763461915019,0.5261226252158895,0.6715790033340454
0.954563258911085,0.5261226252158895,0.6719367504119873
0.9545543584720861,0.5260146804835925,0.672358512878418
0.9545454545454546,0.5259067357512953,0.6725896000862122
0.9547325102880658,0.5259067357512953,0.67268306016922
0.9547236377891023,0.5257987910189983,0.6730108857154846
0.9549108018035679,0.5257987910189983,0.6730225086212158
0.9550980392156863,0.5257987910189983,0.6735503673553467
0.9552853500686409,0.5257987910189983,0.6735914349555969
0.955276579050608,0.5256908462867013,0.6736428141593933
0.9554639984304493,0.5256908462867013,0.6740289330482483
0.9556514913657771,0.5256908462867013,0.6741372346878052
0.9556427870461236,0.5255829015544041,0.6744678020477295
0.9558303886925795,0.5255829015544041,0.6744716167449951
0.9558217160808954,0.5254749568221071,0.6756426095962524
0.9560094265514533,0.5254749568221071,0.6756705641746521
0.9561972107640935,0.5254749568221071,0.6758928894996643
0.956385068762279,0.5254749568221071,0.6759822368621826
0.9563679245283019,0.5252590673575129,0.6761274933815002
0.9565559268724199,0.5252590673575129,0.6762044429779053
0.956547384978372,0.5251511226252159,0.6762359738349915
0.9565388397246805,0.5250431778929189,0.6766849756240845
0.9565302911093627,0.5249352331606217,0.6770535707473755
0.9565217391304348,0.5248272884283247,0.6770808696746826
0.9567099567099567,0.5248272884283247,0.6771188974380493
0.9566929133858267,0.5246113989637305,0.6774458885192871
0.9566843866902933,0.5245034542314335,0.6776630282402039
0.956675856636471,0.5243955094991365,0.6780297160148621
0.956864289935001,0.5243955094991365,0.6783636212348938
0.956855791962175,0.5242875647668394,0.6784413456916809
0.9570443349753694,0.5242875647668394,0.6785898208618164
0.9572329523058731,0.5242875647668394,0.6792968511581421
0.957224521979105,0.5241796200345423,0.6793584823608398
0.9571907674097455,0.5237478411053541,0.6796397566795349
0.9571823204419889,0.523639896373057,0.6796423196792603
0.9571569595261599,0.5233160621761658,0.6797815561294556
0.9571484992101106,0.5232081174438687,0.6801120042800903
0.9571400355520442,0.5231001727115717,0.6802032589912415
0.9571315685499803,0.5229922279792746,0.6807588338851929
0.9573122529644269,0.5228842832469776,0.6808911561965942
0.9575014825064242,0.5228842832469776,0.6811366081237793
0.957493080268881,0.5227763385146805,0.6816012859344482
0.9574846747083251,0.5226683937823834,0.6816549897193909
0.9574762658227848,0.5225604490500864,0.6819720268249512
0.9576656775469832,0.5225604490500864,0.6819778084754944
0.9576573011476058,0.5224525043177893,0.6819789409637451
0.9576489214328122,0.5223445595854922,0.6821637153625488
0.9578384798099763,0.5223445595854922,0.6822494268417358
0.9579865239793897,0.521804835924007,0.6826943159103394
0.9579781962338949,0.5216968911917098,0.6832452416419983
0.9579698651863601,0.5215889464594128,0.683363676071167
0.9579615308348205,0.5214810017271158,0.6837937235832214
0.9579531931773105,0.5213730569948186,0.6839714646339417
0.9579448522118628,0.5212651122625216,0.6844004988670349
0.9581349206349207,0.5212651122625216,0.6848472356796265
0.958325064496924,0.5212651122625216,0.6852092146873474
0.9585152838427947,0.5212651122625216,0.6858002543449402
0.9587055787174906,0.5212651122625216,0.6859986782073975
0.9586973788721207,0.5211571675302246,0.6865874528884888
0.9586891757696127,0.5210492227979274,0.6867157220840454
0.9588796185935637,0.5210492227979274,0.6869197487831116
0.9590701370951719,0.5210492227979274,0.686988890171051
0.9590620031796503,0.5209412780656304,0.6874558925628662
0.9592526336712384,0.5209412780656304,0.6877034306526184
0.9592445328031809,0.5208333333333334,0.6878380179405212
0.9594352754026646,0.5208333333333334,0.6878390908241272
0.9594272076372315,0.5207253886010362,0.6883835792541504
0.959419136662025,0.5206174438687392,0.6884723901748657
0.9594110624751293,0.5205094991364422,0.6888680458068848
0.9594029850746268,0.520401554404145,0.6889645457267761
0.959593949044586,0.520401554404145,0.6892330646514893
0.9595859048377464,0.520293609671848,0.6893530488014221
0.9597769812823577,0.520293609671848,0.6894656419754028
0.9599681338378809,0.520293609671848,0.6895048022270203
0.9599601593625497,0.520185664939551,0.6898436546325684
0.9599521817095039,0.5200777202072538,0.6900967955589294
0.9599442008768434,0.5199697754749568,0.6910184621810913
0.9601355391668328,0.5199697754749568,0.6911758184432983
0.960127591706539,0.5198618307426598,0.691355288028717
0.9601196410767697,0.5197538860103627,0.6934682726860046
0.9601116872756282,0.5196459412780656,0.6937260627746582
0.9601037303012169,0.5195379965457686,0.6939742565155029
0.9600878068249851,0.5193221070811744,0.6940954327583313
0.9600798403193613,0.5192141623488774,0.6946189403533936
0.9600718706328608,0.5191062176165803,0.6947206258773804
0.9602635782747604,0.5191062176165803,0.6950383186340332
0.9602556421010585,0.5189982728842832,0.6952086687088013
0.960247702756692,0.5188903281519862,0.6952884793281555
0.9602397602397602,0.5187823834196891,0.6954118013381958
0.9602318145483613,0.518674438687392,0.6955776810646057
0.9602238656805916,0.518566493955095,0.695817768573761
0.9602159136345462,0.5184585492227979,0.6960131525993347
0.9602079584083183,0.5183506044905009,0.6960827112197876
0.9604,0.5183506044905009,0.6960919499397278
0.9605921184236847,0.5183506044905009,0.6971617341041565
0.9607843137254902,0.5183506044905009,0.6978004574775696
0.9607214428857715,0.5174870466321243,0.698798656463623
0.9607135698536781,0.5173791018998273,0.6993584036827087
0.9607056936647955,0.5172711571675302,0.6995214223861694
0.9606978143172248,0.5171632124352331,0.6995880603790283
0.9606899318090654,0.5170552677029361,0.7002007961273193
0.9608826479438315,0.5170552677029361,0.7004618048667908
0.9610754414125201,0.5170552677029361,0.7005501389503479
0.9610676299418022,0.5169473229706391,0.7007179260253906
0.9612605379365716,0.5169473229706391,0.7007356882095337
0.9612527604898615,0.5168393782383419,0.7009263038635254
0.9612449799196787,0.5167314335060449,0.7012079358100891
0.9612371962241414,0.5166234887737479,0.7014464735984802
0.961229409401366,0.5165155440414507,0.7022380828857422
0.9612216194494676,0.5164075993091537,0.7027519941329956
0.9612138263665595,0.5162996545768567,0.7028018832206726
0.9612060301507538,0.5161917098445595,0.7029405236244202
0.9611982308001609,0.5160837651122625,0.7031072974205017
0.9611904283128896,0.5159758203799655,0.7034335732460022
0.9611826226870475,0.5158678756476683,0.7036372423171997
0.9611748139207403,0.5157599309153713,0.7039890289306641
0.9611670020120724,0.5156519861830743,0.7041666507720947
0.9613604346951097,0.5156519861830743,0.7042140960693359
0.961352657004831,0.5155440414507773,0.7044236063957214
0.9613448761828065,0.5154360967184801,0.704896867275238
0.9613370922271446,0.5153281519861831,0.7052019238471985
0.9613293051359516,0.5152202072538861,0.70598304271698
0.9615229653505237,0.5152202072538861,0.706167995929718
0.9615152125730405,0.5151122625215889,0.7066574096679688
0.9615074566706973,0.5150043177892919,0.7066574692726135
0.9617012699052611,0.5150043177892919,0.7077490091323853
0.9616935483870968,0.5148963730569949,0.7079218029975891
0.9616858237547893,0.5147884283246977,0.7082829475402832
0.9618797902379992,0.5147884283246977,0.7084398865699768
0.9620738349808352,0.5147884283246977,0.7089232802391052
0.9620661824051655,0.5146804835924007,0.7092657089233398
0.9620585267406659,0.5145725388601037,0.7094845771789551
0.9620508679854662,0.5144645941278065,0.7095093727111816
0.9622451039773875,0.5144645941278065,0.7098405957221985
0.9622374798061389,0.5143566493955095,0.7098639011383057
0.9622298525550393,0.5142487046632125,0.7102376818656921
0.9624242424242424,0.5142487046632125,0.7103609442710876
0.9626187108506769,0.5142487046632125,0.7104426622390747
0.9626111560226354,0.5141407599309153,0.710770845413208
0.9628057408530423,0.5141407599309153,0.7107741832733154
0.9630004043671654,0.5141407599309153,0.7111756205558777
0.9629929221435793,0.5140328151986183,0.7113631963729858
0.9629854368932039,0.5139248704663213,0.711789071559906
0.9629779486142019,0.5138169257340242,0.7117952704429626
0.962970457304735,0.5137089810017271,0.7124164700508118
0.9629629629629629,0.5136010362694301,0.7124966979026794
0.9631578947368421,0.5136010362694301,0.7125630974769592
0.9631504353107917,0.513493091537133,0.7131496071815491
0.9631429728635075,0.5133851468048359,0.7136914134025574
0.9631355073931538,0.5132772020725389,0.7140281796455383
0.963128038897893,0.5131692573402418,0.7140907049179077
0.963323201621074,0.5131692573402418,0.7143160700798035
0.9633157681394406,0.5130613126079447,0.7143562436103821
0.9635110480437867,0.5130613126079447,0.7144205570220947
0.9637064071370641,0.5130613126079447,0.7146221399307251
0.9639018454674508,0.5130613126079447,0.7151157259941101
0.963894523326572,0.5129533678756477,0.715416669845581
0.963887198214648,0.5128454231433506,0.715530514717102
0.9640827922077922,0.5128454231433506,0.7155578136444092
0.9640755023340776,0.5127374784110535,0.7155656218528748
0.964068209500609,0.5126295336787565,0.7160446047782898
0.9640609137055838,0.5125215889464594,0.7161785364151001
0.9640536149471974,0.5124136442141624,0.7164974212646484
0.9640463132236441,0.5123056994818653,0.7172363996505737
0.9640390085331166,0.5121977547495682,0.7181554436683655
0.9640317008738062,0.5120898100172712,0.7187020182609558
0.9640243902439024,0.5119818652849741,0.7187143564224243
0.9642203699939011,0.5119818652849741,0.7194757461547852
0.964213094753965,0.511873920552677,0.7196109294891357
0.9642058165548099,0.51176597582038,0.7196619510650635
0.9644019528071603,0.51176597582038,0.7197374701499939
0.9643947100712106,0.5116580310880829,0.719996452331543
0.9643874643874644,0.5115500863557858,0.7202131748199463
0.9643802157541217,0.5114421416234888,0.7205635905265808
0.9643729641693811,0.5113341968911918,0.720809280872345
0.9645693341478314,0.5113341968911918,0.7208973169326782
0.964765784114053,0.5113341968911918,0.7210627198219299
0.9649623141169281,0.5113341968911918,0.7218120694160461
0.9649551752241239,0.5112262521588946,0.7218915820121765
0.9649480334216426,0.5111183074265976,0.722209632396698
0.9649408887077049,0.5110103626943006,0.7223137617111206
0.9649337410805301,0.5109024179620034,0.7227169871330261
0.9649265905383361,0.5107944732297064,0.7227311134338379
0.9649194370793391,0.5106865284974094,0.7230556607246399
0.9649122807017544,0.5105785837651122,0.7237108945846558
0.9651091613956335,0.5105785837651122,0.7237175107002258
0.9651020408163266,0.5104706390328152,0.7237908244132996
0.9650949173300674,0.5103626943005182,0.7245153784751892
0.9652919559003675,0.5103626943005182,0.7245635986328125
0.9654890749438432,0.5103626943005182,0.7246861457824707
0.9654538021259199,0.5098229706390328,0.7248191237449646
0.9654467389081988,0.5097150259067358,0.7251687049865723
0.9654326038044589,0.5094991364421416,0.7253407835960388
0.9654255319148937,0.5093911917098446,0.7253521680831909
0.9654184571311644,0.5092832469775475,0.7256020307540894
0.9656160458452722,0.5092832469775475,0.7257122993469238
0.9656090071647901,0.5091753022452504,0.7264564037322998
0.9658067158067158,0.5091753022452504,0.7266522645950317
0.9657997132910097,0.5090673575129534,0.726733922958374
0.9659975419909873,0.5090673575129534,0.7274738550186157
0.9659905757017004,0.5089594127806563,0.7275618314743042
0.9659626819766249,0.508527633851468,0.7277138829231262
0.9659557013945858,0.508419689119171,0.7286520004272461
0.965948717948718,0.5083117443868739,0.7291240096092224
0.9659417316372589,0.5082037996545768,0.7292719483375549
0.9661399548532731,0.5082037996545768,0.7293805480003357
0.9663382594417077,0.5082037996545768,0.7295183539390564
0.9663313487990146,0.5080958549222798,0.7297261357307434
0.9665297741273101,0.5080958549222798,0.7299793362617493
0.966522899979462,0.5079879101899827,0.7301279306411743
0.9664747017688194,0.5072322970639033,0.7301282286643982
0.9664678049783995,0.5071243523316062,0.7306057810783386
0.9664263645726056,0.5064766839378239,0.7308887839317322
0.9664194478780387,0.5063687392055267,0.731184184551239
0.9666185864413764,0.5063687392055267,0.7312823534011841
0.9666117065127783,0.5062607944732297,0.7312914133071899
0.9666048237476809,0.5061528497409327,0.7313777208328247
0.9665979381443299,0.5060449050086355,0.7321471571922302
0.9667972777892349,0.5060449050086355,0.7324279546737671
0.966996699669967,0.5060449050086355,0.7324859499931335
0.9669898906540128,0.5059369602763385,0.7325393557548523
0.9669830788278992,0.5058290155440415,0.7330969572067261
0.9669762641898865,0.5057210708117443,0.7331463098526001
0.967175887696119,0.5057210708117443,0.733428418636322
0.9671691100557506,0.5056131260794473,0.7334585785865784
0.9671623296158612,0.5055051813471503,0.7337345480918884
0.9671419714817111,0.5051813471502591,0.7338474988937378
0.9671351798263745,0.5050734024179621,0.733982264995575
0.9673351250775274,0.5050734024179621,0.7340922951698303
0.967328370554177,0.5049654576856649,0.73418790102005
0.9673216132368149,0.5048575129533679,0.7343431115150452
0.9673148531237071,0.5047495682210709,0.7345104813575745
0.9673080902131181,0.5046416234887737,0.7346289157867432
0.967131266902434,0.5018350604490501,0.7350972890853882
0.9673325010403662,0.5018350604490501,0.7352473735809326
0.9673257023933403,0.501727115716753,0.7353460192680359
0.9673189009159034,0.501619170984456,0.7358226776123047
0.9673120966062877,0.5015112262521589,0.7361879348754883
0.9673052894627239,0.5014032815198618,0.7363898158073425
0.9675067694230368,0.5014032815198618,0.736894965171814
0.9675,0.5012953367875648,0.7369531393051147
0.9677016045009377,0.5012953367875648,0.737092912197113
0.9676948728636932,0.5011873920552677,0.7372444868087769
0.9678966020429435,0.5011873920552677,0.7375472784042358
0.9678899082568807,0.5010794473229706,0.7378764152526855
0.9678832116788321,0.5009715025906736,0.7380152940750122
0.9678765123070505,0.5008635578583766,0.7381510734558105
0.9678698101397872,0.5007556131260794,0.7382891178131104
0.9680717863105175,0.5007556131260794,0.7383710145950317
0.9680651221039449,0.5006476683937824,0.7385950684547424
0.9680584551148226,0.5005397236614854,0.7388884425163269
0.9680517853414073,0.5004317789291882,0.7394095063209534
0.9682539682539683,0.5004317789291882,0.7394232153892517
0.9684562356381867,0.5004317789291882,0.7394593954086304
0.9686585875470122,0.5004317789291882,0.7396465539932251
0.9686520376175548,0.5003238341968912,0.7406944632530212
0.9688545150501672,0.5003238341968912,0.7409583926200867
0.9688480033451808,0.5002158894645942,0.7410683035850525
0.9688414889167712,0.500107944732297,0.7415364980697632
0.9690441330265634,0.500107944732297,0.7415428161621094
0.9690376569037656,0.5,0.7417320013046265
0.9690311780707261,0.4998920552677029,0.7419514060020447
0.969024696525743,0.4997841105354059,0.7423716187477112
0.9692275486707138,0.4997841105354059,0.7425152063369751
0.9694304857621441,0.4997841105354059,0.7427446842193604
0.9696335078534032,0.4997841105354059,0.7427797317504883
0.9696271470465019,0.4996761658031088,0.742796003818512
0.969620783574272,0.4995682210708117,0.7428441643714905
0.9698239731768651,0.4995682210708117,0.7433409690856934
0.9697542533081286,0.49838082901554404,0.7436690926551819
0.9699579831932773,0.49838082901554404,0.7441762685775757
0.9701617986972053,0.49838082901554404,0.7442142963409424
0.9699598053733869,0.494926597582038,0.7444234490394592
0.9699534490055015,0.4948186528497409,0.7448380589485168
0.96994708994709,0.4947107081174439,0.7449144721031189
0.9698769622401358,0.49352331606217614,0.744998037815094
0.9700827498408657,0.49352331606217614,0.7450281977653503
0.9702886247877759,0.49352331606217614,0.7453517913818359
0.9702823179791976,0.4934153713298791,0.7461176514625549
0.970276008492569,0.49330742659758203,0.7466486692428589
0.9702696963261839,0.49319948186528495,0.7468703389167786
0.9702633814783348,0.4930915371329879,0.7470318078994751
0.9702570639473125,0.49298359240069084,0.7473072409629822
0.9701556171392027,0.49125647668393785,0.7479187846183777
0.9701492537313433,0.49114853195164077,0.7483915686607361
0.9701173959445037,0.49060880829015546,0.7488139271736145
0.9701110162254484,0.4905008635578584,0.7492933869361877
0.9701046337817638,0.4903929188255613,0.74933260679245
0.9703118325501923,0.4903929188255613,0.7494521737098694
0.9703054902798547,0.49028497409326427,0.7495967149734497
0.9705128205128205,0.49028497409326427,0.7499154806137085
0.9705065184868562,0.4901770293609672,0.7499977946281433
0.9707139803334759,0.4901770293609672,0.7503091096878052
0.9707077186230489,0.4900690846286701,0.7506314516067505
0.9709153122326775,0.4900690846286701,0.7507640719413757
0.9708342268925585,0.4886658031088083,0.7510514855384827
0.9708279708279708,0.4885578583765112,0.7510722875595093
0.9708217120789531,0.48844991364421414,0.7513348460197449
0.971030042918455,0.48844991364421414,0.7514088153839111
0.9712384631895257,0.48844991364421414,0.7515584826469421
0.9712322885358523,0.4883419689119171,0.7520954012870789
0.9712261112304058,0.48823402417962003,0.7521759867668152
0.9712199312714777,0.48812607944732295,0.7525514364242554
0.9712075633863343,0.48791018998272884,0.753002941608429
0.9712013754566946,0.48780224525043175,0.7530065774917603
0.9714101461736887,0.48780224525043175,0.7531840205192566
0.9716190066652333,0.48780224525043175,0.7533241510391235
0.9718279569892473,0.48780224525043175,0.7533876299858093
0.9718218971821897,0.4876943005181347,0.7537781596183777
0.971815834767642,0.48758635578583764,0.7539527416229248
0.9718097697439209,0.48747841105354056,0.7541008591651917
0.9718037021093414,0.48737046632124353,0.754443883895874
0.9716019943637546,0.4838082901554404,0.7549909949302673
0.9715896768596833,0.4835924006908463,0.7554413676261902
0.9718004338394793,0.4835924006908463,0.7558234930038452
0.9720112822738121,0.4835924006908463,0.7564219832420349
0.9720052083333334,0.4834844559585492,0.7576438784599304
0.9719504240052185,0.48251295336787564,0.7580726742744446
0.9721618094823836,0.48251295336787564,0.7580890655517578
0.9721496953872933,0.48229706390328153,0.7583453059196472
0.9721436343852013,0.48218911917098445,0.7586688995361328
0.9721375707444493,0.48208117443868737,0.7587226629257202
0.9721315044633138,0.48197322970639034,0.7589845061302185
0.9721254355400697,0.48186528497409326,0.7591005563735962
0.9721193639729906,0.48175734024179623,0.7591446042060852
0.9721132897603486,0.48164939550949915,0.7597247362136841
0.972107212900414,0.48154145077720206,0.7597362995147705
0.972101133391456,0.48143350604490504,0.759955644607544
0.9720889664195377,0.48121761658031087,0.7599571347236633
0.9720401922236784,0.4803540587219344,0.7600536346435547
0.9720340834607821,0.4802461139896373,0.7604502439498901
0.972027972027972,0.48013816925734026,0.7606028318405151
0.97224043715847,0.48013816925734026,0.7606637477874756
0.9722343681679055,0.4800302245250432,0.7608045339584351
0.9722282965230702,0.4799222797927461,0.7613552808761597
0.9722222222222222,0.47981433506044907,0.7613729238510132
0.9722161452636184,0.479706390328152,0.76146000623703
0.9721552291164218,0.4786269430051813,0.7615264654159546
0.9723684210526315,0.4786269430051813,0.7616913914680481
0.9723623601667032,0.4785189982728843,0.7619530558586121
0.9723562966213252,0.4784110535405872,0.7620135545730591
0.9725696730305026,0.4784110535405872,0.7622449398040771
0.9725636523266022,0.47830310880829013,0.7622937560081482
0.9725576289791438,0.4781951640759931,0.7623150944709778
0.9725516029863855,0.478087219343696,0.7624170780181885
0.972765209751812,0.478087219343696,0.7630505561828613
0.9727592267135325,0.47797927461139894,0.7631552219390869
0.972753241045924,0.4778713298791019,0.7633782625198364
0.972967032967033,0.4778713298791019,0.7634057998657227
0.9729610903495274,0.47776338514680483,0.7634332180023193
0.9729551451187335,0.47765544041450775,0.7635439038276672
0.9722033898305085,0.4643782383419689,0.7639901041984558
0.9721971066907775,0.46427029360967187,0.7640976905822754
0.9721908207099254,0.4641623488773748,0.764356791973114
0.9724106739032112,0.4641623488773748,0.7644088864326477
0.9724044333861117,0.4640544041450777,0.7649713158607483
0.9723981900452489,0.4639464594127807,0.7651034593582153
0.9723919438787056,0.4638385146804836,0.765453577041626
0.9723856948845632,0.4637305699481865,0.7655417323112488
0.9726058410685986,0.4637305699481865,0.7658807039260864
0.9725996376811594,0.4636226252158895,0.7658976912498474
0.9725810106503512,0.4632987910189983,0.765907347202301
0.9725747960108794,0.4631908462867012,0.7662169933319092
0.972568578553616,0.4630829015544041,0.7664769887924194
0.972562358276644,0.4629749568221071,0.766487717628479
0.9727829439782264,0.4629749568221071,0.7668465375900269
0.9726713732634935,0.46103195164075994,0.7671836018562317
0.9726651480637813,0.46092400690846286,0.7679438591003418
0.9728867623604466,0.46092400690846286,0.7681549191474915
0.9728805834092981,0.46081606217616583,0.7686434984207153
0.9731023478459083,0.46081606217616583,0.7687394022941589
0.9730962152302781,0.46070811744386875,0.7687553763389587
0.9730655101574983,0.46016839378238344,0.7690013647079468
0.9730593607305936,0.46006044905008636,0.7691453099250793
0.9732815711349623,0.46006044905008636,0.7696624398231506
0.9735038830516217,0.46006044905008636,0.7697518467903137
0.9734675205855444,0.459412780656304,0.7697887420654297
0.9734614504690002,0.4593048359240069,0.769938588142395
0.9734553775743707,0.45919689119170987,0.7705568075180054
0.9734493018997482,0.4590889464594128,0.771594762802124
0.9734432234432234,0.4589810017271157,0.7718649506568909
0.9734371422028852,0.4588730569948187,0.7719574570655823
0.9734310581768209,0.4587651122625216,0.7719746232032776
0.9736540664375716,0.4587651122625216,0.7722136378288269
0.9736480293308891,0.4586571675302245,0.7724863290786743
0.9736359468133884,0.4584412780656304,0.7727537155151367
0.9736299013987617,0.4583333333333333,0.7736145853996277
0.9736117485084901,0.4580094991364421,0.7743394374847412
0.9738352077117283,0.4580094991364421,0.7746999859809875
0.9738231917336395,0.457793609671848,0.7751567363739014
0.973817179604961,0.45768566493955093,0.775404691696167
0.9738111647139903,0.4575777202072539,0.7755933403968811
0.9738051470588235,0.4574697754749568,0.7756236791610718
0.9735068556820823,0.4521804835924007,0.775693953037262
0.9735006973500697,0.4520725388601036,0.7758020758628845
0.9737270402232039,0.4520725388601036,0.7758205533027649
0.9737209302325581,0.45196459412780654,0.776045560836792
0.9737025831975797,0.45164075993091535,0.7762371897697449
0.9736964618249534,0.4515328151986183,0.777268648147583
0.9736903376018626,0.45142487046632124,0.7775590419769287
0.9736842105263158,0.45131692573402415,0.7775726914405823
0.9739110179361752,0.45131692573402415,0.7778862118721008
0.9741379310344828,0.45131692573402415,0.7784512042999268
0.9740654205607476,0.45002158894645944,0.7785017490386963
0.9740593596634728,0.44991364421416236,0.7792391777038574
0.9739803094233473,0.4485103626943005,0.7794663310050964
0.9739742086752637,0.4484024179620035,0.7800278067588806
0.973968105065666,0.4482944732297064,0.7801997065544128
0.9739619985925405,0.4481865284974093,0.780303418636322
0.9741905208822149,0.4481865284974093,0.7805966138839722
0.9741844637409058,0.4480785837651123,0.7806594967842102
0.9741784037558685,0.4479706390328152,0.780866265296936
0.9744071378257807,0.4479706390328152,0.7808985114097595
0.9744011272898074,0.4478626943005181,0.7809423804283142
0.9743951139299977,0.4477547495682211,0.7812881469726562
0.9743589743589743,0.4471070811744387,0.7813136577606201
0.9745882352941176,0.4471070811744387,0.7813511490821838
0.9748176041421511,0.4471070811744387,0.7813520431518555
0.9748116760828626,0.4469991364421416,0.7813645601272583
0.9748057452319284,0.44689119170984454,0.7820642590522766
0.9747879359095193,0.44656735751295334,0.7820665240287781
0.9750176761725194,0.44656735751295334,0.7820691466331482
0.9752475247524752,0.44656735751295334,0.7824188470840454
0.9752416882810658,0.4464594127806563,0.782898485660553
0.9754716981132076,0.4464594127806563,0.7829321026802063
0.9754659117716442,0.44635146804835923,0.7830968499183655
0.9754601226993865,0.44624352331606215,0.7831881642341614
0.9754543308945008,0.4461355785837651,0.7838707566261292
0.9754485363550519,0.44602763385146804,0.7840641140937805
0.9754369390647142,0.44581174438687393,0.7841348052024841
0.9754311363099457,0.44570379965457685,0.7846668362617493
0.9754253308128544,0.44559585492227977,0.7847958207130432
0.9754195225714961,0.44548791018998274,0.7848551273345947
0.9754137115839243,0.44537996545768566,0.7850081920623779
0.9756443603688816,0.44537996545768566,0.7851009964942932
0.9756385998107853,0.44527202072538863,0.7859634757041931
0.9756328365270878,0.44516407599309155,0.7863722443580627
0.9756270705158543,0.44505613126079446,0.7864025831222534
0.9756213017751479,0.44494818652849744,0.7864668965339661
0.9758522727272727,0.44494818652849744,0.7865561246871948
0.9760833530665404,0.44494818652849744,0.7865716218948364
0.9760720208481403,0.44473229706390327,0.7866305112838745
0.9760663507109004,0.44462435233160624,0.7870060801506042
0.9760550023707918,0.4444084628670121,0.787348210811615
0.9760493241640977,0.44430051813471505,0.7874496579170227
0.9760436432637571,0.44419257340241797,0.7876392006874084
0.9760379596678529,0.4440846286701209,0.7877830266952515
0.9760322733744661,0.44397668393782386,0.7879480123519897
0.9760265843816758,0.4438687392055268,0.7879950404167175
0.9760208926875593,0.4437607944732297,0.7884455919265747
0.9760151982901923,0.44365284974093266,0.7886857986450195
0.9760038013779996,0.4434369602763385,0.7887043356895447
0.9759980988593155,0.44332901554404147,0.7889237999916077
0.9759923936296648,0.4432210708117444,0.7890303730964661
0.9759866856871137,0.4431131260794473,0.7891073226928711
0.9759809750297265,0.4430051813471503,0.7891345620155334
0.9759752616555661,0.4428972366148532,0.7894611358642578
0.9759695455626933,0.4427892918825561,0.7896706461906433
0.9759179780639008,0.44181778929188253,0.7897449731826782
0.9759064885496184,0.4416018998272884,0.789911687374115
0.9761393462180864,0.4416018998272884,0.7900732755661011
0.9761336515513126,0.44149395509499134,0.7902771830558777
0.9761222540592168,0.44127806563039723,0.7904020547866821
0.9761108456760631,0.4410621761658031,0.7906216382980347
0.97610513739546,0.44095423143350604,0.7907114624977112
0.9760994263862333,0.44084628670120896,0.7907368540763855
0.9758861827827345,0.4368523316062176,0.7911450862884521
0.9758803666184274,0.43674438687392053,0.7911746501922607
0.9758745476477684,0.4366364421416235,0.7913236618041992
0.9758687258687259,0.4365284974093264,0.7916695475578308
0.9758629012792662,0.43642055267702934,0.7916908860206604
0.975857073877354,0.4363126079447323,0.7918379902839661
0.9758454106280193,0.43609671848013815,0.7919044494628906
0.9758395747765161,0.4359887737478411,0.7923020124435425
0.9758278946096205,0.43577288428324695,0.7923685908317566
0.9758220502901354,0.4356649395509499,0.7924422025680542
0.9758162031438936,0.43555699481865284,0.7925834655761719
0.9760522496371553,0.43555699481865284,0.7926396131515503
0.9760464553593031,0.43544905008635576,0.792701005935669
0.9760406582768635,0.43534110535405873,0.7928294539451599
0.9760348583877996,0.43523316062176165,0.7931085228919983
0.976271186440678,0.43523316062176165,0.7931521534919739
0.9765076289658513,0.43523316062176165,0.7931852340698242
0.9765019379844961,0.43512521588946457,0.7933381199836731
0.976738551005573,0.43512521588946457,0.7934246063232422
0.9767272727272728,0.43490932642487046,0.7936277389526367
0.9769641125121241,0.43490932642487046,0.7937241196632385
0.9769585253456221,0.43480138169257343,0.7938017845153809
0.9769529354682193,0.43469343696027635,0.7939671874046326
0.9769473428779423,0.43458549222797926,0.7940229773521423
0.9769417475728155,0.43447754749568224,0.7940375208854675
0.9769361495508618,0.43436960276338515,0.7941071391105652
0.9771733851384167,0.43436960276338515,0.7941511273384094
0.9774107359727957,0.43436960276338515,0.7941659092903137
0.9774052478134111,0.43426165803108807,0.7941784262657166
0.9773997569866343,0.43415371329879104,0.794329822063446
0.9773942634905202,0.43404576856649396,0.7943682074546814
0.9773887673231219,0.4339378238341969,0.7943996787071228
0.9773832684824902,0.43382987910189985,0.7944782972335815
0.9776210167842374,0.43382987910189985,0.7946176528930664
0.9778588807785888,0.43382987910189985,0.7947026491165161
0.9780968605500122,0.43382987910189985,0.7948181629180908
0.9780915287244402,0.43372193436960277,0.7949749827384949
0.9780861943024105,0.4336139896373057,0.7950227856636047
0.9780808572820263,0.43350604490500866,0.7950750589370728
0.9780755176613886,0.4333981001727116,0.7952003479003906
0.9780648306117475,0.43318221070811747,0.7953564524650574
0.9780594831789371,0.4330742659758204,0.7953893542289734
0.978054133138259,0.4329663212435233,0.795438826084137
0.9780487804878049,0.4328583765112263,0.7954735159873962
0.9780380673499268,0.4326424870466321,0.7955955266952515
0.9782767878935806,0.4326424870466321,0.79582679271698
0.978515625,0.4326424870466321,0.7959071397781372
0.978505129457743,0.432426597582038,0.7959230542182922
0.978494623655914,0.4322107081174439,0.7962150573730469
0.9787338059154241,0.4322107081174439,0.7967727184295654
0.9787286063569682,0.4321027633851468,0.7968572378158569
0.9787234042553191,0.4319948186528497,0.7968769669532776
0.9787181996086106,0.4318868739205527,0.7970890402793884
0.9787129924149743,0.4317789291882556,0.7973141670227051
0.9787077826725403,0.43167098445595853,0.7974090576171875
0.978702570379437,0.4315630397236615,0.7974932193756104
0.9786973555337904,0.4314550949913644,0.7981051802635193
0.9786921381337252,0.43134715025906734,0.7987684011459351
0.9786869181773641,0.4312392055267703,0.7988967299461365
0.9789267336437147,0.4312392055267703,0.7994085550308228
0.9789215686274509,0.4311312607944732,0.8001527190208435
0.9789164010786957,0.43102331606217614,0.8001701235771179
0.9789112309955861,0.4309153713298791,0.8003482222557068
0.9789060583762571,0.43080742659758203,0.8003727197647095
0.978900883218842,0.43069948186528495,0.8004294633865356
0.9788957055214724,0.4305915371329879,0.8011220097541809
0.9788853424993862,0.43037564766839376,0.8015469312667847
0.9791257367387033,0.43037564766839376,0.8018734455108643
0.979120609186932,0.43026770293609673,0.8019929528236389
0.9793611793611794,0.43026770293609673,0.8021313548088074
0.9793561071516343,0.43015975820379965,0.8021920323371887
0.9793307086614174,0.42962003454231434,0.8022438287734985
0.9793256214619739,0.42951208981001726,0.8023301362991333
0.9793205317577548,0.42940414507772023,0.8025937676429749
0.9793154395469096,0.42929620034542315,0.8028371930122375
0.9793103448275862,0.42918825561312607,0.8029390573501587
0.9793052475979305,0.42908031088082904,0.8029634356498718
0.9792848335388409,0.42864853195164077,0.8030229210853577
0.9792797237296498,0.4285405872193437,0.80307936668396
0.9792746113989638,0.42843264248704666,0.8032880425453186
0.9792694965449161,0.4283246977547496,0.8034281730651855
0.9795112317946186,0.4283246977547496,0.8034424185752869
0.9795061728395061,0.4282167530224525,0.8034491539001465
0.9795011113855273,0.42810880829015546,0.8035839200019836
0.9794960474308301,0.4280008635578584,0.8037704825401306
0.9794909809735607,0.4278929188255613,0.8040766716003418
0.9794757665677547,0.4275690846286701,0.8042222261428833
0.9794706900816226,0.4274611398963731,0.8043548464775085
0.9797130133597229,0.4274611398963731,0.8043804168701172
0.9797079930710221,0.427353195164076,0.8046377897262573
0.9797029702970297,0.4272452504317789,0.8049386739730835
0.9796979450359,0.4271373056994819,0.8050123453140259
0.9796878870448352,0.4269214162348877,0.8052541017532349
0.9799306243805749,0.4269214162348877,0.8054687976837158
0.9799256505576208,0.4268134715025907,0.8055993914604187
0.9799206742687159,0.4267055267702936,0.8061215281486511
0.9801636498884205,0.4267055267702936,0.8061333298683167
0.9801587301587301,0.4265975820379965,0.8064897656440735
0.9804018853882411,0.4265975820379965,0.8065720200538635
0.9803970223325063,0.4264896373056995,0.8066152930259705
0.9803921568627451,0.4263816925734024,0.8066757321357727
0.9803872889771599,0.42627374784110533,0.8067944049835205
0.9803824186739508,0.4261658031088083,0.8068586587905884
0.9803775459513164,0.4260578583765112,0.8069416284561157
0.9803726708074534,0.42594991364421414,0.806967556476593
0.9803677932405567,0.4258419689119171,0.8070143461227417
0.9803629132488193,0.42573402417962003,0.8074436783790588
0.9803580308304326,0.42562607944732295,0.8074876666069031
0.9803531459835861,0.4255181347150259,0.8075562715530396
0.9805970149253731,0.4255181347150259,0.8077949285507202
0.9808410052251804,0.4255181347150259,0.8078601956367493
0.980836236933798,0.42541018998272884,0.8081844449043274
0.9808314662683595,0.42530224525043175,0.8091609477996826
0.9808266932270916,0.4251943005181347,0.8092078566551208
0.9808219178082191,0.42508635578583764,0.8093844056129456
0.9808171400099651,0.42497841105354056,0.8100171685218811
0.9810615499626215,0.42497841105354056,0.8105142712593079
0.9810568295114656,0.42487046632124353,0.810584545135498
0.981052106706557,0.42476252158894645,0.8106831312179565
0.9810473815461347,0.42465457685664937,0.8107165098190308
0.9810047488127968,0.42368307426597585,0.8107784986495972
0.981,0.42357512953367876,0.8111486434936523
0.980995248812203,0.4234671848013817,0.8112350702285767
0.9809904952476238,0.42335924006908465,0.8114803433418274
0.9812359269452089,0.42335924006908465,0.8115200400352478
0.981226533166458,0.4231433506044905,0.8115602135658264
0.9812218327491237,0.42303540587219346,0.8116719126701355
0.9812171299774606,0.4229274611398964,0.812025249004364
0.9812077173640692,0.42271157167530227,0.8120352029800415
0.981453634085213,0.42271157167530227,0.8122786283493042
0.981444332998997,0.4224956822107081,0.8125677108764648
0.9814350225790266,0.422279792746114,0.8126072287559509
0.9814303638644919,0.4221718480138169,0.8130803108215332
0.981425702811245,0.4220639032815199,0.813208281993866
0.9814023624026137,0.4215241796200345,0.8134544491767883
0.981649069884364,0.4215241796200345,0.8134652972221375
0.981644455619814,0.4214162348877375,0.8135807514190674
0.9816398390342053,0.4213082901554404,0.8140782117843628
0.9816352201257862,0.42120034542314333,0.8140837550163269
0.9816305988928032,0.4210924006908463,0.8145613670349121
0.9816259753335012,0.4209844559585492,0.814598798751831
0.9816213494461229,0.42087651122625214,0.8147515058517456
0.9818685469654999,0.42087651122625214,0.8148574829101562
0.9821158690176323,0.42087651122625214,0.8148833513259888
0.982111363063744,0.4207685664939551,0.8150160908699036
0.9823588709677419,0.4207685664939551,0.8153253197669983
0.9823544239979833,0.420660621761658,0.8155348896980286
0.9826021180030258,0.420660621761658,0.815544843673706
0.9825977301387138,0.42055267702936094,0.8159403800964355
0.9825889477668432,0.42033678756476683,0.8161334991455078
0.9825845532559313,0.42022884283246975,0.8161642551422119
0.9825801565261297,0.4201208981001727,0.8163880705833435
0.9825757575757575,0.42001295336787564,0.8164708018302917
0.9825713564031321,0.41990500863557856,0.8167166709899902
0.9825669530065689,0.41979706390328153,0.8167257905006409
0.9825625473843821,0.41968911917098445,0.8168579339981079
0.9825581395348837,0.41958117443868737,0.8170271515846252
0.9825537294563843,0.41947322970639034,0.8170982003211975
0.9825493171471927,0.41936528497409326,0.817233681678772
0.982544902605616,0.41925734024179623,0.8175070285797119
0.9825404858299596,0.41914939550949915,0.8175851106643677
0.982536066818527,0.41904145077720206,0.817751944065094
0.9825272220815396,0.41882556131260795,0.8180863261222839
0.9825227963525835,0.41871761658031087,0.8185431957244873
0.9825183683810489,0.41860967184801384,0.8185742497444153
0.9825139381652306,0.41850172711571676,0.8186946511268616
0.9825095057034221,0.4183937823834197,0.8187187910079956
0.9825050709939148,0.41828583765112265,0.8190581202507019
0.9825006340349988,0.41817789291882557,0.8194981217384338
0.982496194824962,0.4180699481865285,0.8195018768310547
0.9824695121951219,0.4174222797927461,0.8196702003479004
0.9824650571791613,0.41731433506044907,0.8197337985038757
0.9824605998983224,0.417206390328152,0.8204046487808228
0.9824561403508771,0.4170984455958549,0.8207554817199707
0.9824516785350966,0.4169905008635579,0.8210568428039551
0.9827016026456372,0.4169905008635579,0.8213120698928833
0.9826972010178117,0.4168825561312608,0.821334183216095
0.9826927971494018,0.4167746113989637,0.8213792443275452
0.9826883910386965,0.4166666666666667,0.8214044570922852
0.9826839826839827,0.4165587219343696,0.8219034671783447
0.9826795720835456,0.4164507772020725,0.8219367265701294
0.9829299363057324,0.4164507772020725,0.8219556212425232
0.9829168791432943,0.4161269430051813,0.8219579458236694
0.9829125223157358,0.4160189982728843,0.8219624757766724
0.9829081632653062,0.4159110535405872,0.8220536708831787
0.9829038019903037,0.41580310880829013,0.822194516658783
0.9828994384890251,0.4156951640759931,0.8222357034683228
0.9828950727597652,0.415587219343696,0.8223043084144592
0.9828863346104726,0.4153713298791019,0.8225969076156616
0.982881962187021,0.41526338514680483,0.8226450085639954
0.9828775875287503,0.41515544041450775,0.8226573467254639
0.9828732106339468,0.4150474956822107,0.8226585388183594
0.9828688315008949,0.41493955094991364,0.823233425617218
0.9828644501278773,0.41483160621761656,0.8232564926147461
0.9828600665131747,0.41472366148531953,0.8232617974281311
0.9828556806550666,0.41461571675302245,0.8234096765518188
0.98285129255183,0.41450777202072536,0.8234990835189819
0.9828469022017409,0.41439982728842834,0.8237929940223694
0.982842509603073,0.41429188255613125,0.8240023851394653
0.9828161066940241,0.41364421416234887,0.824280858039856
0.982811698306824,0.41353626943005184,0.8244106769561768
0.9828028747433265,0.4133203799654577,0.8248065114021301
0.9827984595635431,0.41321243523316065,0.8248777985572815
0.982794042116076,0.41310449050086356,0.8254833221435547
0.983046493706653,0.41310449050086356,0.8255891799926758
0.9830421377183967,0.4129965457685665,0.8258117437362671
0.9830377794911334,0.41288860103626945,0.8258587121963501
0.9830334190231362,0.41278065630397237,0.826128363609314
0.9830290563126768,0.4126727115716753,0.8261972069740295
0.9830246913580247,0.41256476683937826,0.8264015316963196
0.9830028328611898,0.4120250431778929,0.8264548778533936
0.9829984544049459,0.4119170984455959,0.8264899253845215
0.9829940736923474,0.4118091537132988,0.8265494108200073
0.9829896907216494,0.4117012089810017,0.8267610669136047
0.982985305491106,0.4115932642487047,0.8273439407348633
0.9829809179989686,0.4114853195164076,0.8274200558662415
0.9829765282434872,0.4113773747841105,0.827502965927124
0.9829721362229102,0.4112694300518135,0.8275768160820007
0.9829677419354839,0.4111614853195164,0.8276656866073608
0.9829633453794527,0.4110535405872193,0.8277876377105713
0.9829589465530596,0.4109455958549223,0.8278000950813293
0.9829545454545454,0.4108376511226252,0.8279508352279663
0.9829501420821494,0.41072970639032813,0.8282554149627686
0.9829457364341085,0.4106217616580311,0.8283535242080688
0.9831997932282244,0.4106217616580311,0.8285196423530579
0.983195449844881,0.410513816925734,0.8287404775619507
0.9831911042151539,0.41040587219343694,0.8290585279464722
0.9831867563372996,0.4102979274611399,0.8292983174324036
0.9831824062095731,0.41018998272884283,0.8294781446456909
0.9831780538302277,0.41008203799654575,0.8297650814056396
0.9831736991975148,0.4099740932642487,0.8300562500953674
0.9831693423096841,0.40986614853195164,0.8301604986190796
0.9831649831649831,0.40975820379965455,0.8303574323654175
0.9831606217616581,0.4096502590673575,0.8305474519729614
0.9831562580979528,0.40954231433506044,0.8305673599243164
0.9834110938310006,0.40954231433506044,0.8307493925094604
0.9834067928441794,0.40943436960276336,0.8311233520507812
0.983402489626556,0.40932642487046633,0.8312984704971313
0.9833852544132918,0.40889464594127806,0.8313038945198059
0.9833809400155804,0.40878670120898103,0.8315818905830383
0.9833766233766233,0.40867875647668395,0.8316019177436829
0.9833723044946739,0.40857081174438686,0.8316131830215454
0.9833679833679834,0.40846286701208984,0.8316384553909302
0.9833636599948011,0.40835492227979275,0.8316629528999329
0.983359334373375,0.40824697754749567,0.8317024111747742
0.9833550065019506,0.40813903281519864,0.8317841291427612
0.9833506763787722,0.40803108808290156,0.8318272829055786
0.9833463440020817,0.4079231433506045,0.8322439789772034
0.9833420093701197,0.40781519861830745,0.8322986364364624
0.9833159541188738,0.40716753022452506,0.8325202465057373
0.9833116036505867,0.407059585492228,0.8326603174209595
0.9833072509128847,0.4069516407599309,0.8326974511146545
0.9833028959039917,0.40684369602763387,0.833292543888092
0.9832985386221295,0.4067357512953368,0.8334301114082336
0.9832941790655182,0.4066278065630397,0.8335311412811279
0.983289817232376,0.4065198618307427,0.8336148858070374
0.9832810867293625,0.4063039723661485,0.8336971402168274
0.9832767180559184,0.4061960276338515,0.833706259727478
0.9832723470987977,0.4060880829015544,0.8338251709938049
0.9835294117647059,0.4060880829015544,0.8338583707809448
0.9835251046025104,0.4059801381692573,0.8341403007507324
0.983782369866597,0.4059801381692573,0.8343296647071838
0.9837781266352695,0.4058721934369603,0.8344572186470032
0.9837738811829364,0.4057642487046632,0.834565281867981
0.9840314136125654,0.4057642487046632,0.8349941968917847
0.9840230487166055,0.4055483592400691,0.8350409865379333
0.984018862981399,0.405440414507772,0.8351860046386719
0.9840146750524109,0.40533246977547494,0.8354135751724243
0.9840104849279161,0.4052245250431779,0.8356049656867981
0.9840062926061878,0.4051165803108808,0.835680365562439
0.984002098085497,0.40500863557858374,0.8356868624687195
0.9839979013641134,0.4049006908462867,0.8356895446777344
0.9839937024403044,0.40479274611398963,0.8359209299087524
0.983989501312336,0.40468480138169255,0.8360691070556641
0.9839726747241198,0.40425302245250433,0.8363799452781677
0.9842312746386334,0.40425302245250433,0.8365196585655212
0.9842271293375394,0.40414507772020725,0.8365393280982971
0.9842229818564291,0.40403713298791016,0.8365858793258667
0.9842188321935823,0.40392918825561314,0.8376895189285278
0.984214680347277,0.40382124352331605,0.8377423882484436
0.9842105263157894,0.40371329879101897,0.8380767703056335
0.9844695972624374,0.40371329879101897,0.8382019996643066
0.9847288046340179,0.40371329879101897,0.8385506272315979
0.9847247827232025,0.40360535405872194,0.8385520577430725
0.9847207586933614,0.40349740932642486,0.838880181312561
0.9847167325428196,0.40338946459412783,0.8389829397201538
0.9847127042698999,0.40328151986183075,0.8389991521835327
0.9847086738729238,0.40317357512953367,0.8390576243400574
0.984704641350211,0.40306563039723664,0.8393561840057373
0.9847006067000791,0.40295768566493956,0.8395613431930542
0.9846925310108208,0.40274179620034545,0.8396703004837036
0.984688489968321,0.40263385146804836,0.8398528099060059
0.9846844467916557,0.4025259067357513,0.8398720622062683
0.9846804014791336,0.40241796200345425,0.8400365710258484
0.9846763540290621,0.40231001727115717,0.8401334285736084
0.9846723044397463,0.4022020725388601,0.8403197526931763
0.9849325931800159,0.4022020725388601,0.8403316140174866
0.9849286092014807,0.40209412780656306,0.8406459093093872
0.9849246231155779,0.401986183074266,0.8408754467964172
0.9848966613672496,0.4012305699481865,0.841159999370575
0.9848926583620461,0.4011226252158895,0.8412161469459534
0.9848886532343585,0.4010146804835924,0.8412282466888428
0.984884645982498,0.4009067357512953,0.8414561152458191
0.9848806366047745,0.4007987910189983,0.8414841890335083
0.9848766250994959,0.4006908462867012,0.8415399193763733
0.9848726114649682,0.4005829015544041,0.8417747020721436
0.9848685956994956,0.4004749568221071,0.8419934511184692
0.9848645778013808,0.40036701208981,0.8422455191612244
0.9848444562616325,0.3998272884283247,0.8425676822662354
0.9848404255319149,0.39971934369602763,0.8426259756088257
0.9851024208566108,0.39971934369602763,0.8426610231399536
0.9850984566258648,0.39961139896373055,0.8426754474639893
0.9850944902848017,0.3995034542314335,0.8427733778953552
0.9850905218317358,0.39939550949913644,0.8429506421089172
0.98508655126498,0.39928756476683935,0.8430079221725464
0.985082578582845,0.3991796200345423,0.8431446552276611
0.9850786037836398,0.39907167530224524,0.8434186577796936
0.9850666666666666,0.39874784110535405,0.84345543384552
0.9850626833822352,0.39863989637305697,0.8436868786811829
0.9850586979722519,0.39853195164075994,0.8437038064002991
0.9850547104350147,0.39842400690846286,0.8439176678657532
0.98505072076882,0.39831606217616583,0.8439363241195679
0.9850467289719627,0.39820811744386875,0.8439865112304688
0.9850427350427351,0.39810017271157166,0.8440170884132385
0.9850387389794283,0.39799222797927464,0.844158411026001
0.9850347407803314,0.39788428324697755,0.8442642688751221
0.9850307404437316,0.39777633851468047,0.8442685008049011
0.9850267379679144,0.39766839378238344,0.844375729560852
0.9850227333511634,0.39756044905008636,0.8451512455940247
0.9850187265917603,0.3974525043177893,0.8452189564704895
0.985014717687985,0.39734455958549225,0.8456164002418518
0.9850107066381156,0.39723661485319517,0.8457093834877014
0.9850066934404283,0.3971286701208981,0.845949113368988
0.9850026780931976,0.39702072538860106,0.8464041352272034
0.984998660594696,0.396912780656304,0.8464154005050659
0.984994640943194,0.3968048359240069,0.8467031121253967
0.9849906191369606,0.39669689119170987,0.8469769358634949
0.9849865951742627,0.3965889464594128,0.8470744490623474
0.9852507374631269,0.3965889464594128,0.8475342988967896
0.9852467811158798,0.3964810017271157,0.8477974534034729
0.9852428226455594,0.3963730569948187,0.8478879928588867
0.9852388620504563,0.3962651122625216,0.8479581475257874
0.9852348993288591,0.3961571675302245,0.8481146693229675
0.9852309344790547,0.3960492227979275,0.8482296466827393
0.9852269674993285,0.3959412780656304,0.8482356071472168
0.9852229983879635,0.3958333333333333,0.8482509255409241
0.985219027143241,0.3957253886010363,0.8488107323646545
0.9852150537634409,0.3956174438687392,0.8488550782203674
0.9852110782468405,0.3955094991364421,0.8493137955665588
0.985207100591716,0.3954015544041451,0.8497704863548279
0.9852031207963411,0.395293609671848,0.849994957447052
0.9851991388589881,0.39518566493955093,0.8504906892776489
0.9851951547779273,0.3950777202072539,0.850624144077301
0.9851911685514271,0.3949697754749568,0.8508458137512207
0.9851871801777539,0.39486183074265974,0.8509583473205566
0.9851831896551724,0.3947538860103627,0.8512303829193115
0.9851791969819456,0.3946459412780656,0.8513204455375671
0.9851752021563343,0.39453799654576854,0.851368248462677
0.9851712051765975,0.3944300518134715,0.8515705466270447
0.9851672060409924,0.39432210708117443,0.851611316204071
0.985159201295197,0.3941062176165803,0.8522669672966003
0.9851551956815114,0.39399827288428324,0.8523281216621399
0.9851511879049676,0.39389032815198616,0.8523370027542114
0.9851471779638131,0.39378238341968913,0.8524113893508911
0.9854132901134521,0.39378238341968913,0.8526939749717712
0.985409348824642,0.39367443868739205,0.8527203798294067
0.9854054054054054,0.39356649395509496,0.8528733253479004
0.9854014598540146,0.39345854922279794,0.8529292941093445
0.9853975121687398,0.39335060449050085,0.8529903292655945
0.9853935623478496,0.39324265975820377,0.8531272411346436
0.9853896103896104,0.39313471502590674,0.8533897399902344
0.9853856562922869,0.39302677029360966,0.8535588979721069
0.9853817000541418,0.39291882556131263,0.8537225723266602
0.9853777416734363,0.39281088082901555,0.853862464427948
0.985373781148429,0.39270293609671847,0.8538868427276611
0.9853698184773774,0.39259499136442144,0.8539003133773804
0.9853658536585366,0.39248704663212436,0.8540621399879456
0.9853618866901599,0.3923791018998273,0.8541473746299744
0.985357917570499,0.39227115716753025,0.8548886179924011
0.9856251695145104,0.39227115716753025,0.8551234602928162
0.9856212696690179,0.39216321243523317,0.8551489114761353
0.9856056491037479,0.3917314335060449,0.855161190032959
0.9856017386579734,0.39162348877374786,0.8553047776222229
0.9855978260869566,0.3915155440414508,0.8554491400718689
0.9855860756051129,0.3911917098445596,0.8555260300636292
0.985582154515778,0.3910837651122625,0.8557879328727722
0.985578231292517,0.3909758203799655,0.8558152914047241
0.9855743059335874,0.3908678756476684,0.8560097813606262
0.9855703784372447,0.3907599309153713,0.8561578392982483
0.9855664488017429,0.3906519861830743,0.8563441634178162
0.9855625170253337,0.3905440414507772,0.8566350936889648
0.985558583106267,0.3904360967184801,0.8566374778747559
0.9855546470427909,0.3903281519861831,0.856728732585907
0.9855507088331515,0.390220207253886,0.8567709922790527
0.9855467684755931,0.3901122625215889,0.8568311333656311
0.9855428259683578,0.3900043177892919,0.8568441867828369
0.9855388813096863,0.3898963730569948,0.8570392727851868
0.9855349344978166,0.38978842832469773,0.8575037121772766
0.9855309855309855,0.3896804835924007,0.857683002948761
0.9855270344074276,0.3895725388601036,0.8577135801315308
0.9855230811253756,0.38946459412780654,0.8577560782432556
0.9855191256830601,0.3893566493955095,0.8578463792800903
0.98551516807871,0.38924870466321243,0.8579058051109314
0.9855072463768116,0.3890328151986183,0.8579404354095459
0.9857768052516411,0.3890328151986183,0.8580288887023926
0.9857729138166894,0.38892487046632124,0.8582032322883606
0.9857690202517789,0.38881692573402415,0.8582690358161926
0.9857651245551602,0.3887089810017271,0.8583952784538269
0.9857612267250822,0.38860103626943004,0.8584814667701721
0.9857534246575342,0.38838514680483593,0.8585395812988281
0.9857495204165525,0.38827720207253885,0.8585472702980042
0.9860197368421053,0.38827720207253885,0.8586130142211914
0.9862901014532492,0.38827720207253885,0.8587064743041992
0.986286341195831,0.38816925734024177,0.8589376211166382
0.9862825788751715,0.38806131260794474,0.8590795993804932
0.9862788144895719,0.38795336787564766,0.8591204881668091
0.9862750480373319,0.38784542314335063,0.8593592047691345
0.9862637362637363,0.38752158894645944,0.8596757650375366
0.9862599615278923,0.38741364421416236,0.8601890802383423
0.9862561847168774,0.3873056994818653,0.860477089881897
0.9862524058289799,0.38719775474956825,0.8605823516845703
0.9865236523652365,0.38719775474956825,0.8606216907501221
0.9865199449793672,0.38708981001727116,0.8608160614967346
0.9867914144193726,0.38708981001727116,0.861068069934845
0.9870630333058079,0.38708981001727116,0.8611907958984375
0.9870594713656388,0.3869818652849741,0.8614328503608704
0.9870559074635087,0.38687392055267705,0.8614723682403564
0.9870523415977961,0.38676597582037997,0.8614978790283203
0.987324331771838,0.38676597582037997,0.8618133664131165
0.9873208379272327,0.3866580310880829,0.8620112538337708
0.9873173421560518,0.38655008635578586,0.8624076247215271
0.9873138444567016,0.3864421416234888,0.8627563714981079
0.9873103448275862,0.3863341968911917,0.863000750541687
0.9873068432671082,0.38622625215889467,0.8631657958030701
0.9873033397736682,0.3861183074265976,0.8632104396820068
0.9872998343456654,0.3860103626943005,0.8633008599281311
0.9872963269814968,0.3859024179620035,0.8634415864944458
0.987292817679558,0.3857944732297064,0.8636738657951355
0.9872893064382426,0.3856865284974093,0.8637855648994446
0.9875621890547264,0.3856865284974093,0.8640722036361694
0.9875587503455903,0.3855785837651123,0.8640924096107483
0.9875553097345132,0.3854706390328152,0.8642154932022095
0.9875518672199171,0.3853626943005181,0.864447295665741
0.9875484228002214,0.3852547495682211,0.8648038506507874
0.9875449764738444,0.385146804835924,0.8648346662521362
0.9875415282392026,0.3850388601036269,0.8649991750717163
0.9875380780947106,0.3849309153713299,0.865696370601654
0.9875346260387812,0.3848229706390328,0.8657005429267883
0.9875311720698254,0.38471502590673573,0.8658321499824524
0.9875173370319001,0.3842832469775475,0.8658671975135803
0.9875138734739178,0.3841753022452504,0.8661270141601562
0.9875104079933389,0.38406735751295334,0.8661551475524902
0.9875069405885619,0.3839594127806563,0.8661600947380066
0.9877811718966953,0.3839594127806563,0.8662896752357483
0.9877777777777778,0.38385146804835923,0.8665173649787903
0.9877709838799333,0.3836355785837651,0.8669385313987732
0.9877675840978594,0.38352763385146804,0.8670747876167297
0.9877641824249166,0.38341968911917096,0.8673957586288452
0.9877607788595271,0.38331174438687393,0.8675718903541565
0.9877573734001113,0.38320379965457685,0.8680267333984375
0.9877539660450877,0.38309585492227977,0.8680388927459717
0.987750556792873,0.38298791018998274,0.868253767490387
0.9877471456418825,0.38287996545768566,0.8684292435646057
0.9877437325905293,0.38277202072538863,0.868949830532074
0.9880189467818333,0.38277202072538863,0.8691877126693726
0.988015607580825,0.38266407599309155,0.86936354637146
0.9880122665179816,0.38255613126079446,0.8697731494903564
0.9880089235917456,0.38244818652849744,0.8697966933250427
0.9880055788005578,0.38234024179620035,0.8699507713317871
0.98828125,0.38234024179620035,0.8701912760734558
0.988277979346916,0.38223229706390327,0.8702769875526428
0.9882747068676717,0.38212435233160624,0.8704360127449036
0.9882714325607372,0.38201640759930916,0.8708189725875854
0.988268156424581,0.3819084628670121,0.8715417981147766
0.9885442861134395,0.3819084628670121,0.8717876076698303
0.9885410844046953,0.38180051813471505,0.8721451759338379
0.988537880905787,0.38169257340241797,0.8722163438796997
0.9885346756152126,0.3815846286701209,0.872306764125824
0.9885314685314686,0.38147668393782386,0.8723759055137634
0.9885282596530498,0.3813687392055268,0.8723920583724976
0.9885250489784495,0.3812607944732297,0.8726610541343689
0.988521836506159,0.38115284974093266,0.8729313015937805
0.9885186222346681,0.3810449050086356,0.8729810118675232
0.988515406162465,0.3809369602763385,0.8730083703994751
0.9885121882880359,0.38082901554404147,0.8732463717460632
0.9885089686098655,0.3807210708117444,0.8732486963272095
0.9885057471264368,0.3806131260794473,0.873486340045929
0.988502523836231,0.3805051813471503,0.8735133409500122
0.9884992987377279,0.3803972366148532,0.8736459016799927
0.9884960718294051,0.3802892918825561,0.8740266561508179
0.988492843109739,0.3801813471502591,0.8740569949150085
0.9884896125772038,0.380073402417962,0.8744261860847473
0.9884863802302724,0.3799654576856649,0.87443608045578
0.9884831460674157,0.3798575129533679,0.8745449185371399
0.9884799100871031,0.3797495682210708,0.8747447729110718
0.9884766722878021,0.3796416234887737,0.8749915361404419
0.9884734326679786,0.3795336787564767,0.8751380443572998
0.9884701912260967,0.3794257340241796,0.8751575350761414
0.9884669479606188,0.37931778929188253,0.8751958012580872
0.9884637028700056,0.3792098445595855,0.8751987814903259
0.988460455952716,0.3791018998272884,0.8753073811531067
0.9887387387387387,0.3791018998272884,0.8753496408462524
0.9887355674457899,0.37899395509499134,0.8754470348358154
0.9887323943661972,0.3788860103626943,0.8754926323890686
0.9887292194984503,0.37877806563039723,0.8756383061408997
0.9887260428410372,0.37867012089810015,0.8757852911949158
0.9887228643924443,0.3785621761658031,0.8759058117866516
0.9887196841511562,0.37845423143350604,0.8760788440704346
0.9889985895627644,0.37845423143350604,0.8764081597328186
0.9889954853273137,0.37834628670120896,0.8768386840820312
0.9889923793395428,0.37823834196891193,0.8770599365234375
0.9889892715979672,0.37813039723661485,0.8771034479141235
0.9889861621011014,0.37802245250431776,0.8771979212760925
0.9889830508474576,0.37791450777202074,0.8772123456001282
0.9889799378355467,0.37780656303972365,0.8772741556167603
0.9889768230638779,0.37769861830742657,0.877287745475769
0.9889737065309584,0.37759067357512954,0.8776447176933289
0.9889705882352942,0.37748272884283246,0.8780678510665894
0.9892503536067893,0.37748272884283246,0.8780778646469116
0.989247311827957,0.37737478411053543,0.8782959580421448
0.9892442683272007,0.37726683937823835,0.8787866234779358
0.9892412231030577,0.37715889464594127,0.8792924880981445
0.989238176154064,0.37705094991364424,0.8793185353279114
0.9892351274787535,0.37694300518134716,0.8795878291130066
0.9892320770756589,0.3768350604490501,0.8797820210456848
0.9892290249433107,0.37672711571675305,0.8802540302276611
0.9892259710802381,0.37661917098445596,0.8804172873497009
0.9892229154849688,0.3765112262521589,0.8807024359703064
0.9892198581560284,0.37640328151986185,0.880824863910675
0.9892167990919409,0.37629533678756477,0.8809853792190552
0.989213738291229,0.3761873920552677,0.8813822269439697
0.9892106757524134,0.37607944732297066,0.8814724087715149
0.989207611474013,0.3759715025906736,0.8816816806793213
0.9894886363636364,0.3759715025906736,0.881719708442688
0.9894856493321966,0.3758635578583765,0.8817362785339355
0.9894826606026151,0.37575561312607947,0.8817718625068665
0.9894796701734433,0.3756476683937824,0.8821858167648315
0.9894766780432309,0.3755397236614853,0.8822569251060486
0.9894736842105263,0.3754317789291883,0.8822578191757202
0.9894706886738759,0.3753238341968912,0.8823307752609253
0.9894676914318247,0.3752158894645941,0.8824129104614258
0.9894646924829157,0.3751079447322971,0.8824523687362671
0.9894616918256907,0.375,0.8828209638595581
0.9894586894586894,0.3748920552677029,0.8828721642494202
0.9894556853804503,0.3747841105354059,0.8833974599838257
0.9894526795895097,0.3746761658031088,0.8835281133651733
0.9894496720844026,0.3745682210708117,0.8835458755493164
0.9894466628636623,0.3744602763385147,0.8835991024971008
0.9894436519258203,0.3743523316062176,0.8838418126106262
0.9894406392694064,0.37424438687392053,0.8841218948364258
0.989437624892949,0.3741364421416235,0.8842046856880188
0.9894346087949742,0.3740284974093264,0.8842162489891052
0.9894315909740075,0.37392055267702934,0.8842644095420837
0.9894285714285714,0.3738126079447323,0.8843065500259399
0.9894255501571878,0.37370466321243523,0.8850034475326538
0.9894225271583762,0.37359671848013815,0.8850753903388977
0.9894195024306548,0.3734887737478411,0.8851698040962219
0.98941647597254,0.37338082901554404,0.8856950402259827
0.9894134477825465,0.37327288428324695,0.8856998085975647
0.9894104178591872,0.3731649395509499,0.8857823610305786
0.9896936730604066,0.3731649395509499,0.8858292102813721
0.9896907216494846,0.37305699481865284,0.8859321475028992
0.989687768547694,0.37294905008635576,0.8862267732620239
0.9896848137535816,0.37284110535405873,0.886485755443573
0.9896818572656921,0.37273316062176165,0.8865939378738403
0.9896788990825688,0.37262521588946457,0.886628270149231
0.9899627186693433,0.37262521588946457,0.8867530822753906
0.9899598393574297,0.37251727115716754,0.887235164642334
0.9899569583931134,0.37240932642487046,0.8872449994087219
0.9899540757749713,0.37230138169257343,0.8873127698898315
0.9899511915015791,0.37219343696027635,0.887367308139801
0.9899483055715106,0.37208549222797926,0.8877600431442261
0.9899454179833381,0.37197754749568224,0.8878047466278076
0.9899425287356322,0.37186960276338515,0.887944221496582
0.9899396378269618,0.37176165803108807,0.8879466652870178
0.9899367452558941,0.37165371329879104,0.8880053162574768
0.9899338510209951,0.37154576856649396,0.8886629939079285
0.9899309551208285,0.3714378238341969,0.8886691927909851
0.9899280575539569,0.37132987910189985,0.8888319134712219
0.9899251583189407,0.37122193436960277,0.8889135718345642
0.9899222574143391,0.3711139896373057,0.8890907168388367
0.9899193548387096,0.37100604490500866,0.8892341256141663
0.9899164505906078,0.3708981001727116,0.8892344832420349
0.9899135446685879,0.3707901554404145,0.8892579078674316
0.9899106370712021,0.37068221070811747,0.8893734812736511
0.9899077277970012,0.3705742659758204,0.8894094228744507
0.9899048168445341,0.3704663212435233,0.8894168734550476
0.9899019042123486,0.3703583765112263,0.8894196152687073
0.9901875901875902,0.3703583765112263,0.8894269466400146
0.9901847575057737,0.3702504317789292,0.8894530534744263
0.9901790872328134,0.3700345423143351,0.8895443677902222
0.9904651834729847,0.3700345423143351,0.889691948890686
0.9904624277456647,0.369926597582038,0.8898904323577881
0.9904596704249783,0.3698186528497409,0.890464723110199
0.9904569115095431,0.3697107081174439,0.8905301690101624
0.9904541509979751,0.3696027633851468,0.8905699849128723
0.9904513888888888,0.3694948186528497,0.8906353712081909
0.9904486251808973,0.3693868739205527,0.8906641602516174
0.9904458598726115,0.3692789291882556,0.8906930088996887
0.9907326962061975,0.3692789291882556,0.8908037543296814
0.9907300115874855,0.36917098445595853,0.8908042311668396
0.9907273254129237,0.3690630397236615,0.890953779220581
0.9907246376811594,0.3689550949913644,0.890960693359375
0.9907219483908379,0.36884715025906734,0.8910841345787048
0.9907192575406032,0.3687392055267703,0.8911259770393372
0.9907165651290978,0.3686312607944732,0.8911858201026917
0.9907138711549622,0.36852331606217614,0.8911897540092468
0.990711175616836,0.3684153713298791,0.8912016749382019
0.9907084785133565,0.36830742659758203,0.8912602066993713
0.99070577984316,0.36819948186528495,0.8912979960441589
0.9907030796048809,0.3680915371329879,0.8913770914077759
0.990700377797152,0.36798359240069084,0.8914881944656372
0.9906976744186047,0.36787564766839376,0.8916831016540527
0.9906949694678686,0.36776770293609673,0.8917669057846069
0.9906922629435718,0.36765975820379965,0.891775906085968
0.990689554844341,0.36755181347150256,0.8925153613090515
0.9909778812572759,0.36755181347150256,0.8926966786384583
0.9909752547307132,0.36744386873920554,0.8927918672561646
0.9909726266744322,0.36733592400690845,0.8929017782211304
0.9909699970870959,0.36722797927461137,0.8930075764656067
0.990967365967366,0.36712003454231434,0.8930597901344299
0.9909647333139027,0.36701208981001726,0.8932448625564575
0.9909620991253645,0.36690414507772023,0.8933005928993225
0.9909594634004083,0.36679620034542315,0.8933817148208618
0.9909568261376897,0.36668825561312607,0.8935114741325378
0.9909541873358623,0.36658031088082904,0.893554151058197
0.9909515469935786,0.36647236614853196,0.8936507105827332
0.9912408759124087,0.36647236614853196,0.8939400911331177
0.9912383177570093,0.3663644214162349,0.8940196633338928
0.9912357581069238,0.36625647668393785,0.8940834999084473
0.9912331969608417,0.36614853195164077,0.8941264748573303
0.9912306343174511,0.3660405872193437,0.8943076133728027
0.9912280701754386,0.36593264248704666,0.8944758176803589
0.9912255045334893,0.3658246977547496,0.894542396068573
0.9912229373902867,0.3657167530224525,0.8945594429969788
0.9912203687445127,0.36560880829015546,0.8945895433425903
0.9912177985948478,0.3655008635578584,0.8946911096572876
0.9912152269399708,0.3653929188255613,0.8948585391044617
0.9912126537785588,0.36528497409326427,0.8949280381202698
0.991210079109288,0.3651770293609672,0.8949567079544067
0.9912075029308324,0.3650690846286701,0.895047128200531
0.9912049252418645,0.3649611398963731,0.8951022028923035
0.9912023460410557,0.364853195164076,0.8951641917228699
0.9911997653270754,0.3647452504317789,0.8952541947364807
0.9911971830985915,0.3646373056994819,0.8953959941864014
0.9911945993542706,0.3645293609671848,0.8954375982284546
0.9911920140927775,0.3644214162348877,0.8954642415046692
0.9911894273127754,0.3643134715025907,0.8955816626548767
0.9911868390129259,0.3642055267702936,0.8955974578857422
0.9914781075521598,0.3642055267702936,0.8956484198570251
0.9914756025867137,0.3640975820379965,0.8956576585769653
0.9914730961481917,0.3639896373056995,0.895734965801239
0.9914705882352941,0.3638816925734024,0.895889163017273
0.9914680788467196,0.36377374784110533,0.8961809873580933
0.9914655679811654,0.3636658031088083,0.8962010145187378
0.9914630556373271,0.3635578583765112,0.8963453769683838
0.9914605418138988,0.36344991364421414,0.8963541388511658
0.9914580265095729,0.3633419689119171,0.8963625431060791
0.9914555097230406,0.36323402417962003,0.8965011835098267
0.9914529914529915,0.36312607944732295,0.8965412974357605
0.9914504716981132,0.3630181347150259,0.8966333270072937
0.9914479504570923,0.36291018998272884,0.8967456221580505
0.9914454277286135,0.36280224525043175,0.8967476487159729
0.9914429035113603,0.3626943005181347,0.8969476819038391
0.9914403778040142,0.36258635578583764,0.8969956040382385
0.9914378506052554,0.36247841105354056,0.8970771431922913
0.9914353219137626,0.36237046632124353,0.8970961570739746
0.9914327917282127,0.36226252158894645,0.897098183631897
0.991725768321513,0.36226252158894645,0.897185206413269
0.9917233224948271,0.36215457685664937,0.8974313735961914
0.9917208752217622,0.36204663212435234,0.8975295424461365
0.9920141969831411,0.36204663212435234,0.8976323008537292
0.9920118343195267,0.36193868739205526,0.8977351784706116
0.9920094702574727,0.36183074265975823,0.8978878855705261
0.9920071047957372,0.36172279792746115,0.8980334997177124
0.9920047379330766,0.36161485319516407,0.8981077075004578
0.9920023696682464,0.36150690846286704,0.8981508016586304
0.992,0.36139896373056996,0.898152232170105
0.9919976289270895,0.3612910189982729,0.8981622457504272
0.9919952564482657,0.36118307426597585,0.898209273815155
0.9919928825622776,0.36107512953367876,0.8983199596405029
0.9919905072678731,0.3609671848013817,0.8983287215232849
0.9919881305637982,0.36085924006908465,0.8983733654022217
0.9919857524487978,0.36075129533678757,0.8984023332595825
0.9919833729216152,0.3606433506044905,0.8984222412109375
0.991980991980992,0.36053540587219346,0.8984717726707458
0.9919786096256684,0.3604274611398964,0.8984944224357605
0.9919762258543834,0.3603195164075993,0.8987002372741699
0.9919738406658739,0.36021157167530227,0.898743748664856
0.991971454058876,0.3601036269430052,0.8988422751426697
0.9919690660321238,0.3599956822107081,0.8988588452339172
0.9919666765843499,0.3598877374784111,0.8988878130912781
0.9919642857142857,0.359779792746114,0.8989087343215942
0.9919618934206609,0.3596718480138169,0.898984432220459
0.9919594997022037,0.3595639032815199,0.8990503549575806
0.9919571045576407,0.3594559585492228,0.8990800976753235
0.9919547079856973,0.3593480138169257,0.899082601070404
0.9919523099850969,0.3592400690846287,0.8990886807441711
0.9919499105545617,0.3591321243523316,0.8992375731468201
0.9919475096928124,0.3590241796200345,0.8993320465087891
0.991945107398568,0.3589162348877375,0.8994238376617432
0.9919427036705462,0.3588082901554404,0.8994329571723938
0.9919402985074627,0.35870034542314333,0.8995818495750427
0.9919378919080323,0.3585924006908463,0.8995946049690247
0.9919354838709677,0.3584844559585492,0.8996143937110901
0.9919330743949806,0.35837651122625214,0.8996385931968689
0.9919306634787807,0.3582685664939551,0.8997222185134888
0.9919282511210762,0.358160621761658,0.899736225605011
0.9919258373205742,0.35805267702936094,0.8997460603713989
0.9919234220759796,0.3579447322970639,0.8997572660446167
0.9919210053859964,0.35783678756476683,0.899763822555542
0.9919185872493266,0.35772884283246975,0.8998879790306091
0.9919137466307277,0.35751295336787564,0.8998892903327942
0.9919113241461953,0.35740500863557856,0.8999138474464417
0.9919089002097693,0.35729706390328153,0.8999260067939758
0.991904047976012,0.35708117443868737,0.9000409841537476
0.9919016196760648,0.35697322970639034,0.9000580906867981
0.991899189918992,0.35686528497409326,0.9001057744026184
0.9918967587034814,0.35675734024179623,0.900136411190033
0.9918943260282198,0.35664939550949915,0.9002152681350708
0.9918918918918919,0.35654145077720206,0.9002887606620789
0.9918894562931811,0.35643350604490504,0.9003819227218628
0.9918870192307693,0.35632556131260795,0.9004871845245361
0.9918845807033363,0.35621761658031087,0.9005209803581238
0.991882140709561,0.35610967184801384,0.9006066918373108
0.9918796992481203,0.35600172711571676,0.9006173014640808
0.9918772563176895,0.3558937823834197,0.9006353616714478
0.9918748119169425,0.35578583765112265,0.9006738662719727
0.9918723660445514,0.35567789291882557,0.9007099270820618
0.991869918699187,0.3555699481865285,0.9009592533111572
0.9918674698795181,0.35546200345423146,0.9010990858078003
0.9918650195842121,0.3553540587219344,0.9013157486915588
0.9918625678119349,0.3552461139896373,0.9013664126396179
0.9918601145613506,0.35513816925734026,0.9014736413955688
0.9921592279855247,0.35513816925734026,0.901606559753418
0.9921568627450981,0.3550302245250432,0.9016139507293701
0.992154496077248,0.3549222797927461,0.9017244577407837
0.9921497584541062,0.354706390328152,0.9018576145172119
0.9921473874962247,0.3545984455958549,0.9019609093666077
0.9921450151057402,0.3544905008635579,0.9020220041275024
0.9921402660217654,0.3542746113989637,0.9020991325378418
0.9921378893256728,0.3541666666666667,0.9021252393722534
0.9921355111917726,0.3540587219343696,0.9022184610366821
0.9921331316187595,0.3539507772020725,0.9022252559661865
0.9921307506053268,0.3538428324697755,0.9023841023445129
0.9921283681501665,0.3537348877374784,0.9024506211280823
0.9921259842519685,0.3536269430051813,0.9024627804756165
0.9921235989094214,0.3535189982728843,0.9025557041168213
0.9921212121212121,0.3534110535405872,0.9026453495025635
0.992118823886026,0.35330310880829013,0.9026498794555664
0.992116434202547,0.3531951640759931,0.9026594161987305
0.992114043069457,0.353087219343696,0.902701735496521
0.9921116504854369,0.35297927461139894,0.9027395248413086
0.9921092564491654,0.3528713298791019,0.9028603434562683
0.99210686095932,0.35276338514680483,0.9028835296630859
0.9921044640145764,0.35265544041450775,0.9029457569122314
0.9921020656136087,0.3525474956822107,0.9030377864837646
0.9920996657550897,0.35243955094991364,0.9030418992042542
0.99209726443769,0.35233160621761656,0.9030485153198242
0.9920948616600791,0.35222366148531953,0.9030508995056152
0.9920924574209246,0.35211571675302245,0.903228759765625
0.9920900517188926,0.35200777202072536,0.9032502770423889
0.9920876445526476,0.35189982728842834,0.9032979011535645
0.9920852359208524,0.35179188255613125,0.9032986760139465
0.9920828258221681,0.35168393782383417,0.9032995700836182
0.9920804142552544,0.35157599309153714,0.9033117294311523
0.992078001218769,0.35146804835924006,0.9033206701278687
0.9920755867113685,0.35136010362694303,0.9034708738327026
0.9920731707317073,0.35125215889464595,0.9035626649856567
0.9920707532784385,0.35114421416234887,0.9036052823066711
0.9920683343502136,0.35103626943005184,0.9036179184913635
0.992065913945682,0.35092832469775476,0.9036505818367004
0.9920634920634921,0.3508203799654577,0.9036540389060974
0.99206106870229,0.35071243523316065,0.9036943912506104
0.9920586438607208,0.35060449050086356,0.9037255048751831
0.9920562175374275,0.3504965457685665,0.9037466645240784
0.9920537897310513,0.35038860103626945,0.9037467241287231
0.9920513604402323,0.35028065630397237,0.9037983417510986
0.9920489296636086,0.3501727115716753,0.9038280248641968
0.9920464973998164,0.35006476683937826,0.9038493037223816
0.9920440636474909,0.3499568221070812,0.9038668870925903
0.9920416284052648,0.3498488773747841,0.9039245843887329
0.9920391916717698,0.34974093264248707,0.9039316773414612
0.9920367534456356,0.34963298791019,0.9039408564567566
0.9920343137254902,0.3495250431778929,0.9040367007255554
0.9920318725099602,0.3494170984455959,0.9040929079055786
0.9920294297976702,0.3493091537132988,0.9041876196861267
0.9920269855872432,0.3492012089810017,0.9042201638221741
0.9920220926664621,0.3489853195164076,0.9042356014251709
0.9920196439533456,0.3488773747841105,0.9042475819587708
0.9920171937365674,0.3487694300518135,0.9042750597000122
0.9920122887864823,0.3485535405872193,0.9043202996253967
0.9920098340503996,0.3484455958549223,0.9043739438056946
0.992007377805103,0.3483376511226252,0.904452919960022
0.9920049200492005,0.34822970639032813,0.9044640064239502
0.9920024607812981,0.3481217616580311,0.9047389030456543
0.992,0.348013816925734,0.9047496318817139
0.9919975377039089,0.34790587219343694,0.9047730565071106
0.9919950738916257,0.3477979274611399,0.9047807455062866
0.9919926085617493,0.34768998272884283,0.9048119783401489
0.9919901417128774,0.34758203799654575,0.9048683047294617
0.9919876733436055,0.3474740932642487,0.9050291180610657
0.9919852034525277,0.34736614853195164,0.9050517678260803
0.9919827320382362,0.34725820379965455,0.9051103591918945
0.9919802590993214,0.3471502590673575,0.9051475524902344
0.9919777846343721,0.34704231433506044,0.9051912426948547
0.9919753086419754,0.34693436960276336,0.9052886962890625
0.9919728311207163,0.34682642487046633,0.905297577381134
0.9919703520691785,0.34671848013816925,0.9053296446800232
0.9919678714859438,0.34661053540587217,0.9053335785865784
0.9919653893695921,0.34650259067357514,0.9053454995155334
0.9919629057187017,0.34639464594127806,0.9053485989570618
0.9919604205318491,0.34628670120898103,0.9053521156311035
0.991957933807609,0.34617875647668395,0.9053913950920105
0.9919554455445545,0.34607081174438686,0.9054247140884399
0.9919529557412565,0.34596286701208984,0.9055033922195435
0.9919504643962849,0.34585492227979275,0.905516505241394
0.9919479715082069,0.34574697754749567,0.9055770039558411
0.9919454770755886,0.34563903281519864,0.9057245850563049
0.9919429810969941,0.34553108808290156,0.9057551622390747
0.9919404835709857,0.3454231433506045,0.9057877063751221
0.991937984496124,0.34531519861830745,0.9057976007461548
0.9919354838709677,0.34520725388601037,0.9058955311775208
0.9919329816940738,0.3450993091537133,0.9059004187583923
0.9919304779639975,0.34499136442141626,0.9059054851531982
0.9919279726792921,0.3448834196891192,0.9059392809867859
0.9919254658385093,0.3447754749568221,0.9060088992118835
0.9919229574401989,0.34466753022452506,0.9060606956481934
0.9919204474829086,0.344559585492228,0.9060620665550232
0.991917935965185,0.3444516407599309,0.90622878074646
0.9919154228855721,0.34434369602763387,0.9062536358833313
0.9919129082426128,0.3442357512953368,0.9063448905944824
0.9919103920348475,0.3441278065630397,0.9064109921455383
0.9919078742608154,0.3440198618307427,0.9064162969589233
0.9919053549190535,0.3439119170984456,0.9065003991127014
0.9919028340080972,0.3438039723661485,0.9066448211669922
0.9919003115264797,0.3436960276338515,0.9068557620048523
0.9918977874727329,0.3435880829015544,0.9069051742553711
0.9918952618453866,0.3434801381692573,0.9069476127624512
0.9918927346429685,0.3433721934369603,0.9069505929946899
0.991890205864005,0.3432642487046632,0.9069638252258301
0.9918876755070203,0.34315630397236613,0.9069654941558838
0.9918851435705368,0.3430483592400691,0.9069736003875732
0.9918826100530752,0.342940414507772,0.9070367813110352
0.9918800749531543,0.34283246977547494,0.9070447087287903
0.9918775382692908,0.3427245250431779,0.9070879817008972
0.991875,0.3426165803108808,0.9071875214576721
0.9918724601437949,0.34250863557858374,0.9072169661521912
0.991869918699187,0.3424006908462867,0.9072333574295044
0.9918673756646856,0.34229274611398963,0.9072427749633789
0.9918648310387985,0.34218480138169255,0.9072538614273071
0.9918622848200312,0.3420768566493955,0.907390296459198
0.9918597370068879,0.34196891191709844,0.9075092673301697
0.9918571875978703,0.34186096718480136,0.9075797200202942
0.9918546365914787,0.34175302245250433,0.9076100587844849
0.9918520839862112,0.34164507772020725,0.9076755046844482
0.9918495297805643,0.34153713298791016,0.9076993465423584
0.9918469739730323,0.34142918825561314,0.907874345779419
0.9918444165621079,0.34132124352331605,0.907895028591156
0.9918418575462817,0.34121329879101897,0.9079151153564453
0.9918392969240427,0.34110535405872194,0.9079554677009583
0.9918367346938776,0.34099740932642486,0.9080184102058411
0.9918341708542714,0.34088946459412783,0.9080794453620911
0.9918316054037072,0.34078151986183075,0.9081022143363953
0.9918290383406663,0.34067357512953367,0.9081164002418518
0.9918264696636278,0.34056563039723664,0.9081436395645142
0.9918238993710692,0.34045768566493956,0.908149003982544
0.9918213274614659,0.3403497409326425,0.9081524014472961
0.9918187539332913,0.34024179620034545,0.9081575870513916
0.9918161787850173,0.34013385146804836,0.9082099199295044
0.9918136020151134,0.3400259067357513,0.9082149863243103
0.9918110236220472,0.33991796200345425,0.9082404971122742
0.9918084436042848,0.33981001727115717,0.9082829356193542
0.99180586196029,0.3397020725388601,0.9083058834075928
0.9918032786885246,0.33959412780656306,0.9084269404411316
0.9918006937874487,0.339486183074266,0.9084494113922119
0.9917981072555205,0.3393782383419689,0.9084861874580383
0.991795519091196,0.33927029360967187,0.9084970951080322
0.9917929292929293,0.3391623488773748,0.9085171818733215
0.9917903378591727,0.3390544041450777,0.9086127281188965
0.9917877447883765,0.3389464594127807,0.9086187481880188
0.9917851500789889,0.3388385146804836,0.9086447954177856
0.9917825537294563,0.3387305699481865,0.9087821245193481
0.9917799557382232,0.3386226252158895,0.908803403377533
0.9917773561037319,0.3385146804835924,0.9088336229324341
0.9917747548244227,0.3384067357512953,0.9088473320007324
0.9917721518987341,0.3382987910189983,0.9088515639305115
0.9917695473251029,0.3381908462867012,0.9088608026504517
0.9917669411019633,0.3380829015544041,0.9088766574859619
0.9917643332277478,0.3379749568221071,0.9089019894599915
0.9917617237008872,0.33786701208981,0.9089838266372681
0.9917591125198099,0.33775906735751293,0.9090526700019836
0.9917564996829423,0.3376511226252159,0.9090576171875
0.9917538851887092,0.3375431778929188,0.909132182598114
0.991751269035533,0.33743523316062174,0.9091535806655884
0.9917486512218343,0.3373272884283247,0.9092516899108887
0.9917460317460317,0.33721934369602763,0.9092681407928467
0.9917434106065418,0.33711139896373055,0.9092806577682495
0.9917407878017789,0.3370034542314335,0.9093338251113892
0.9917381633301557,0.33689550949913644,0.9093409776687622
0.9917355371900827,0.33678756476683935,0.909375786781311
0.9917329093799682,0.3366796200345423,0.9094401001930237
0.9917302798982188,0.33657167530224524,0.9094620943069458
0.9917276487432389,0.33646373056994816,0.9095332622528076
0.991725015913431,0.33635578583765113,0.9095392823219299
0.9917223814071952,0.33624784110535405,0.9096699357032776
0.9917197452229299,0.33613989637305697,0.9096987843513489
0.9917144678138942,0.33592400690846286,0.9097429513931274
0.9917118265859101,0.33581606217616583,0.9097834229469299
0.9917091836734694,0.33570811744386875,0.9098079204559326
0.9917065390749601,0.33560017271157166,0.9098093509674072
0.991701244813278,0.33538428324697755,0.9098554849624634
0.991698595146871,0.33527633851468047,0.9099011421203613
0.9916959437879271,0.33516839378238344,0.9099587798118591
0.9916932907348243,0.33506044905008636,0.9099938273429871
0.991690635985938,0.3349525043177893,0.910011887550354
0.9916879795396419,0.33484455958549225,0.9100198745727539
0.9916853213943077,0.33473661485319517,0.9100554585456848
0.9916826615483045,0.3346286701208981,0.9100759625434875
0.99168,0.33452072538860106,0.9100792407989502
0.9916773367477593,0.334412780656304,0.9100813865661621
0.9916746717899456,0.3343048359240069,0.9103429317474365
0.9916720051249199,0.33419689119170987,0.910377025604248
0.9916693367510413,0.3340889464594128,0.9103824496269226
0.9919871794871795,0.3340889464594128,0.9104191064834595
0.991984610452068,0.3339810017271157,0.9104669094085693
0.9919820397690827,0.3338730569948187,0.9105786085128784
0.9919794674366378,0.3337651122625216,0.9106336832046509
0.9919768934531451,0.3336571675302245,0.9106362462043762
0.9919743178170144,0.3335492227979275,0.9106583595275879
0.9919717405266538,0.3334412780656304,0.9106731414794922
0.991969161580469,0.3333333333333333,0.910711944103241
0.9919665809768637,0.3332253886010363,0.9107129573822021
0.9919639987142398,0.3331174438687392,0.9107497334480286
0.9919614147909968,0.3330094991364421,0.9107792973518372
0.9919588292055324,0.3329015544041451,0.910779595375061
0.991956241956242,0.332793609671848,0.9107800126075745
0.9919510624597553,0.3325777202072539,0.9107928276062012
0.9919484702093397,0.3324697754749568,0.9108461737632751
0.9919458762886598,0.33236183074265974,0.9108985662460327
0.9919432806961005,0.3322538860103627,0.9109215140342712
0.9919406834300452,0.3321459412780656,0.9109567403793335
0.9919380844888745,0.33203799654576854,0.911018967628479
0.9919354838709677,0.3319300518134715,0.9110205769538879
0.9919328815747015,0.33182210708117443,0.9110274910926819
0.9919302775984506,0.33171416234887735,0.9110363721847534
0.9919276719405876,0.3316062176165803,0.9110777378082275
0.9919250645994832,0.33149827288428324,0.9111588001251221
0.9919224555735057,0.33139032815198616,0.9111865758895874
0.9919198448610214,0.33128238341968913,0.9111971855163574
0.9919172324603944,0.33117443868739205,0.911267101764679
0.9919146183699871,0.33106649395509496,0.9112892746925354
0.9919120025881591,0.33095854922279794,0.9112957119941711
0.9919093851132686,0.33085060449050085,0.91130530834198
0.9919067659436711,0.33074265975820377,0.9113175868988037
0.9919041450777202,0.33063471502590674,0.9113722443580627
0.9919015225137674,0.33052677029360966,0.9114221334457397
0.991898898250162,0.33041882556131263,0.9114775061607361
0.9918962722852512,0.33031088082901555,0.9115219712257385
0.99189364461738,0.33020293609671847,0.9115784168243408
0.9918910152448913,0.33009499136442144,0.9115858674049377
0.9918883841661259,0.32998704663212436,0.9115955233573914
0.9918857513794223,0.3298791018998273,0.9116076231002808
0.9918831168831169,0.32977115716753025,0.9116448163986206
0.991880480675544,0.32966321243523317,0.9117484092712402
0.9918778427550358,0.3295552677029361,0.9117673635482788
0.9918725617685306,0.329339378238342,0.9117820262908936
0.991869918699187,0.3292314335060449,0.9117969870567322
0.9921925829538061,0.3292314335060449,0.91199791431427
0.9921900423039375,0.32912348877374786,0.9120316505432129
0.9921875,0.3290155440414508,0.9120645523071289
0.9921824104234528,0.32879965457685667,0.9120725989341736
0.9921798631476051,0.3286917098445596,0.9120895266532898
0.9921773142112125,0.3285837651122625,0.912095308303833
0.9921747636126508,0.3284758203799655,0.9121853709220886
0.9921722113502935,0.3283678756476684,0.9122748374938965
0.9921696574225123,0.3282599309153713,0.9122785329818726
0.9921671018276762,0.3281519861830743,0.9123503565788269
0.9921645445641528,0.3280440414507772,0.912355899810791
0.992161985630307,0.3279360967184801,0.9124416708946228
0.9921594250245018,0.3278281519861831,0.9124810695648193
0.9921568627450981,0.327720207253886,0.9125255346298218
0.9921542987904544,0.3276122625215889,0.9125351309776306
0.9921517331589274,0.3275043177892919,0.9125992059707642
0.9924762839385018,0.3275043177892919,0.912636399269104
0.9924738219895288,0.3273963730569948,0.9127455353736877
0.9924713584288052,0.32728842832469773,0.9127658009529114
0.9924688932547479,0.3271804835924007,0.9128125905990601
0.9924664264657713,0.3270725388601036,0.9128270745277405
0.9924639580602883,0.32696459412780654,0.9128470420837402
0.9924614880367093,0.3268566493955095,0.912912905216217
0.9924590163934426,0.32674870466321243,0.9129358530044556
0.9924565431288948,0.32664075993091535,0.9129665493965149
0.9924540682414699,0.3265328151986183,0.9130715131759644
0.9924515917295701,0.32642487046632124,0.9130797386169434
0.9924491135915955,0.32631692573402415,0.9130935668945312
0.9924466338259442,0.3262089810017271,0.913109302520752
0.9924441524310118,0.32610103626943004,0.9131595492362976
0.9924416694051923,0.32599309153713296,0.9132304787635803
0.9924391847468771,0.32588514680483593,0.9132699966430664
0.9924366984544558,0.32577720207253885,0.9132760763168335
0.9924342105263158,0.32566925734024177,0.9133386611938477
0.9924317209608424,0.32556131260794474,0.913381814956665
0.9924292297564187,0.32545336787564766,0.9134513139724731
0.9924267369114258,0.32534542314335063,0.913477897644043
0.9924242424242424,0.32523747841105355,0.913484513759613
0.9924217462932454,0.32512953367875647,0.9135953783988953
0.9924192485168095,0.32502158894645944,0.9135971665382385
0.9924167490933069,0.32491364421416236,0.9136047959327698
0.9924142480211082,0.3248056994818653,0.9136159420013428
0.9924117452985813,0.32469775474956825,0.9136285781860352
0.9924092409240924,0.32458981001727116,0.913645327091217
0.9924042272126816,0.32437392055267705,0.9137080311775208
0.9923815833057303,0.3234024179620035,0.9137399792671204
0.9923790589794566,0.3232944732297064,0.9137576818466187
0.9923765329797812,0.3231865284974093,0.9138457775115967
0.9923740053050398,0.3230785837651123,0.913848876953125
0.9923714759535655,0.3229706390328152,0.9138686656951904
0.9923689449236894,0.3228626943005181,0.9139518141746521
0.9923664122137404,0.3227547495682211,0.9139801859855652
0.9923638778220452,0.322646804835924,0.9140404462814331
0.9923613417469279,0.3225388601036269,0.9140756130218506
0.992358803986711,0.3224309153713299,0.9140836596488953
0.9923562645397142,0.3223229706390328,0.9141403436660767
0.9923537234042553,0.32221502590673573,0.9141631722450256
0.9923511805786498,0.3221070811744387,0.9141832590103149
0.9923486360612109,0.3219991364421416,0.914327085018158
0.9923460898502496,0.32189119170984454,0.9143763780593872
0.9923435419440746,0.3217832469775475,0.9144326448440552
0.9923409923409924,0.3216753022452504,0.914451539516449
0.9923384410393071,0.32156735751295334,0.9144929051399231
0.9923358880373209,0.3214594127806563,0.9145401120185852
0.9923333333333333,0.32135146804835923,0.9145462512969971
0.9923307769256419,0.32124352331606215,0.9146060943603516
0.9923282188125417,0.3211355785837651,0.9146543741226196
0.9923256589923256,0.32102763385146804,0.9146998524665833
0.9923230974632844,0.32091968911917096,0.914715588092804
0.9923205342237061,0.32081174438687393,0.9147745370864868
0.9923179692718771,0.32070379965457685,0.9148504734039307
0.9923154026060809,0.32059585492227977,0.914854884147644
0.9923128342245989,0.32048791018998274,0.9149443507194519
0.9923102641257104,0.32037996545768566,0.9149520397186279
0.9923076923076923,0.32027202072538863,0.914979100227356
0.992305118768819,0.32016407599309155,0.9150658249855042
0.9923025435073628,0.32005613126079446,0.9150693416595459
0.9922999665215936,0.31994818652849744,0.9150733947753906
0.9922973878097789,0.31984024179620035,0.9150939583778381
0.9922948073701843,0.31973229706390327,0.9150999784469604
0.9926273458445041,0.31973229706390327,0.9151150584220886
0.9926248742876299,0.31962435233160624,0.9151321053504944
0.9926174496644296,0.31930051813471505,0.9151581525802612
0.9926149714669352,0.31919257340241797,0.9151659607887268
0.9926124916051041,0.3190846286701209,0.9151987433433533
0.992610010077259,0.31897668393782386,0.9152332544326782
0.9926075268817204,0.3188687392055268,0.9152820110321045
0.9926050420168068,0.3187607944732297,0.9152851104736328
0.9926025554808339,0.31865284974093266,0.9153207540512085
0.9926000672721157,0.3185449050086356,0.9153614044189453
0.9925975773889637,0.3184369602763385,0.9154523015022278
0.992595085829687,0.31832901554404147,0.9154565930366516
0.9925925925925926,0.3182210708117444,0.9155216217041016
0.9925900976759852,0.3181131260794473,0.9155363440513611
0.9925876010781671,0.3180051813471503,0.9155542850494385
0.9925851027974385,0.3178972366148532,0.915594756603241
0.9925826028320971,0.3177892918825561,0.9156126976013184
0.9925801011804385,0.3176813471502591,0.9156677722930908
0.9925775978407557,0.317573402417962,0.9156726598739624
0.9925750928113398,0.3174654576856649,0.9156808257102966
0.9925725860904794,0.3173575129533679,0.9156919121742249
0.9925700776764607,0.3172495682210708,0.915719211101532
0.9925675675675676,0.3171416234887737,0.9157252311706543
0.9925650557620818,0.3170336787564767,0.9157513976097107
0.9925625422582827,0.3169257340241796,0.915802001953125
0.9925600270544471,0.31681778929188253,0.9158132076263428
0.9925575101488497,0.3167098445595855,0.9159371852874756
0.9928934010152284,0.3167098445595855,0.9160634279251099
0.9928909952606635,0.3166018998272884,0.9160736203193665
0.9928885878767355,0.31649395509499134,0.9161021113395691
0.9928861788617886,0.3163860103626943,0.9161196351051331
0.9928837682141647,0.31627806563039723,0.916154682636261
0.9928813559322034,0.31617012089810015,0.9162347316741943
0.9928789420142421,0.3160621761658031,0.9162576198577881
0.9928741092636579,0.31584628670120896,0.9162648320198059
0.9928716904276986,0.31573834196891193,0.9163828492164612
0.9932088285229203,0.31573834196891193,0.916431188583374
0.9932042133876996,0.31552245250431776,0.9164643287658691
0.9932019034670292,0.31541450777202074,0.9164883494377136
0.9931995919755185,0.31530656303972365,0.9164993166923523
0.9931972789115646,0.31519861830742657,0.9165164828300476
0.9931949642735625,0.31509067357512954,0.9165226221084595
0.9931926480599047,0.31498272884283246,0.9165331125259399
0.993190330268982,0.31487478411053543,0.9165775179862976
0.9931880108991825,0.31476683937823835,0.9165841937065125
0.9931856899488927,0.31465889464594127,0.916597843170166
0.9931833674164963,0.31455094991364424,0.9166196584701538
0.993181043300375,0.31444300518134716,0.9166255593299866
0.9931787175989086,0.3143350604490501,0.9166784882545471
0.9931763903104742,0.31422711571675305,0.9167010188102722
0.9931740614334471,0.31411917098445596,0.9167116284370422
0.9931717309662,0.3140112262521589,0.9167156219482422
0.9931693989071039,0.31390328151986185,0.9167655110359192
0.9931670652545268,0.31379533678756477,0.9167711138725281
0.9931647300068353,0.3136873920552677,0.9168286323547363
0.9931623931623932,0.31357944732297066,0.9168392419815063
0.9931600547195623,0.3134715025906736,0.9169021248817444
0.993157714676702,0.3133635578583765,0.9169315695762634
0.9931553730321697,0.31325561312607947,0.9169420599937439
0.9931506849315068,0.3130397236614853,0.9169486165046692
0.9931483384720795,0.3129317789291883,0.9169490933418274
0.9931459904043866,0.3128238341968912,0.917016863822937
0.9931436407267741,0.3127158894645941,0.9170876145362854
0.9931412894375857,0.3126079447322971,0.917125940322876
0.9931389365351629,0.3125,0.9171494841575623
0.9931365820178449,0.3123920552677029,0.9171603322029114
0.9931342258839684,0.3122841105354059,0.9171930551528931
0.9931318681318682,0.3121761658031088,0.9172545075416565
0.9931295087598764,0.3120682210708117,0.9174166321754456
0.993127147766323,0.3119602763385147,0.9175000786781311
0.993124785149536,0.3118523316062176,0.9175483584403992
0.9931176875430144,0.3115284974093264,0.9175938367843628
0.9931153184165232,0.31142055267702934,0.9177050590515137
0.9931105752669652,0.31120466321243523,0.9177537560462952
0.9931082012405238,0.31109671848013815,0.9177676439285278
0.9930986887508627,0.3106649395509499,0.9177896976470947
0.9930963065239903,0.31055699481865284,0.9178317785263062
0.9930939226519337,0.31044905008635576,0.9179161190986633
0.9930915371329879,0.31034110535405873,0.9179590344429016
0.9930891499654457,0.31023316062176165,0.9180115461349487
0.9930867611475976,0.31012521588946457,0.9180458188056946
0.9930843706777317,0.31001727115716754,0.9181190729141235
0.9930819785541335,0.30990932642487046,0.9181501269340515
0.9930795847750865,0.30980138169257343,0.9181974530220032
0.9930771893388716,0.30969343696027635,0.9182098507881165
0.9930747922437673,0.30958549222797926,0.9183436036109924
0.9930723934880499,0.30947754749568224,0.918390154838562
0.9930699930699931,0.30936960276338515,0.9184183478355408
0.9930675909878682,0.30926165803108807,0.9185238480567932
0.9930651872399445,0.30915371329879104,0.9185308814048767
0.9930627818244884,0.30904576856649396,0.9185357689857483
0.993060374739764,0.3089378238341969,0.9185469746589661
0.9930579659840333,0.30882987910189985,0.9186077117919922
0.9930555555555556,0.30872193436960277,0.9186078906059265
0.9930531434525877,0.3086139896373057,0.9186131358146667
0.9930507296733843,0.30850604490500866,0.9187046885490417
0.9930483142161974,0.3083981001727116,0.9187433123588562
0.9930458970792768,0.3082901554404145,0.9188035130500793
0.9930434782608696,0.30818221070811747,0.9188337922096252
0.9930410577592206,0.3080742659758204,0.9188401103019714
0.9930386355725722,0.3079663212435233,0.91885906457901
0.9930362116991643,0.3078583765112263,0.9188934564590454
0.9930337861372344,0.3077504317789292,0.9189388751983643
0.9930313588850174,0.3076424870466321,0.9189653396606445
0.9930289299407459,0.3075345423143351,0.9189661741256714
0.99302649930265,0.307426597582038,0.9189884066581726
0.9930240669689571,0.3073186528497409,0.919029712677002
0.9930216329378926,0.3072107081174439,0.9190502166748047
0.9930191972076788,0.3071027633851468,0.9191270470619202
0.9930167597765364,0.3069948186528497,0.9191385507583618
0.9930118798043326,0.3067789291882556,0.9192306995391846
0.9930094372596994,0.30667098445595853,0.9193071722984314
0.993006993006993,0.3065630397236615,0.9193347692489624
0.9930045470444211,0.3064550949913644,0.9193544387817383
0.9930020993701889,0.30634715025906734,0.9193573594093323
0.9929996499824991,0.3062392055267703,0.9194067120552063
0.9929971988795518,0.3061312607944732,0.9194564819335938
0.9929947460595446,0.30602331606217614,0.9194974899291992
0.9929898352611286,0.30580742659758203,0.9195656776428223
0.9929873772791024,0.30569948186528495,0.9195848107337952
0.9929849175727815,0.3055915371329879,0.9196221232414246
0.9929824561403509,0.30548359240069084,0.919636607170105
0.992979992979993,0.30537564766839376,0.9196369051933289
0.9929775280898876,0.30526770293609673,0.9197806119918823
0.9929750614682121,0.30515975820379965,0.9198106527328491
0.9929725931131412,0.30505181347150256,0.9198616147041321
0.9929701230228472,0.30494386873920554,0.919876754283905
0.9929676511954993,0.30483592400690845,0.9199462532997131
0.9929627023223082,0.30462003454231434,0.9199669361114502
0.9929602252727913,0.30451208981001726,0.9200177788734436
0.9929577464788732,0.30440414507772023,0.9200335144996643
0.9929552659387109,0.30429620034542315,0.9200342297554016
0.992952783650458,0.30418825561312607,0.9201282858848572
0.9929502996122664,0.30408031088082904,0.9201796650886536
0.9929478138222849,0.30397236614853196,0.9201840162277222
0.9929453262786596,0.3038644214162349,0.9201840758323669
0.9929428369795342,0.30375647668393785,0.9202486276626587
0.9929403459230498,0.30364853195164077,0.9202547669410706
0.9929378531073446,0.3035405872193437,0.9202796816825867
0.9929353585305546,0.30343264248704666,0.9202888607978821
0.9932862190812721,0.30343264248704666,0.9203038215637207
0.9932790944464096,0.30310880829015546,0.920310914516449
0.9932767162066525,0.3030008635578584,0.9203330874443054
0.9932743362831858,0.3028929188255613,0.9203781485557556
0.9932719546742209,0.30278497409326427,0.9204005599021912
0.9932671863926293,0.3025690846286701,0.9204274415969849
0.9932647997164126,0.3024611398963731,0.9204531908035278
0.9932624113475177,0.302353195164076,0.9204627871513367
0.9932600212841434,0.3022452504317789,0.920516312122345
0.9932576295244855,0.3021373056994819,0.9205296635627747
0.9932552360667377,0.3020293609671848,0.9205368161201477
0.9936079545454546,0.3020293609671848,0.9205397367477417
0.9936056838365896,0.3019214162348877,0.9206603765487671
0.9936034115138592,0.3018134715025907,0.9206987619400024
0.9936011375755421,0.3017055267702936,0.9207294583320618
0.9935988620199147,0.3015975820379965,0.9207316040992737
0.9935965848452508,0.3014896373056995,0.9207872748374939
0.993594306049822,0.3013816925734024,0.920801043510437
0.9935920256318975,0.30127374784110533,0.920810341835022
0.9935897435897436,0.3011658031088083,0.9208827018737793
0.9935874599216246,0.3010578583765112,0.920899510383606
0.9935851746258019,0.30094991364421414,0.9209218621253967
0.9935828877005347,0.3008419689119171,0.9209268093109131
0.9935805991440799,0.30073402417962003,0.9209484457969666
0.9935783089546913,0.30062607944732295,0.9210174083709717
0.9935760171306209,0.3005181347150259,0.921042799949646
0.993930739021778,0.3005181347150259,0.9211455583572388
0.9939285714285714,0.30041018998272884,0.9211512804031372
0.9939242315939957,0.3001943005181347,0.9211737513542175
0.9939220593493028,0.30008635578583764,0.9212326407432556
0.9939198855507868,0.29997841105354056,0.9213157892227173
0.99391771019678,0.29987046632124353,0.921379029750824
0.993915533285612,0.29976252158894645,0.9214001893997192
0.9939133548156105,0.29965457685664937,0.9214232563972473
0.9939111747851003,0.29954663212435234,0.921442985534668
0.9939089931924041,0.29943868739205526,0.9214776158332825
0.9939068100358422,0.29933074265975823,0.9215016961097717
0.9939046253137325,0.29922279792746115,0.9215180277824402
0.9939024390243902,0.29911485319516407,0.921556293964386
0.9939002511661285,0.29900690846286704,0.9215803742408752
0.9938980617372577,0.29889896373056996,0.9215843081474304
0.9938958707360862,0.2987910189982729,0.9216108322143555
0.9938936781609196,0.29868307426597585,0.9216703772544861
0.9938914840100611,0.29857512953367876,0.9216906428337097
0.9938892882818117,0.2984671848013817,0.9218447804450989
0.9938870909744696,0.29835924006908465,0.9218921065330505
0.9938848920863309,0.29825129533678757,0.9219136238098145
0.9938826916156891,0.2981433506044905,0.921937108039856
0.9938804895608351,0.29803540587219346,0.9220253825187683
0.9938782859200577,0.2979274611398964,0.9220672249794006
0.9938760806916427,0.2978195164075993,0.92209792137146
0.9938738738738738,0.29771157167530227,0.9221177101135254
0.9938716654650325,0.2976036269430052,0.9221755862236023
0.993869455463397,0.2974956822107081,0.9222240447998047
0.9938672438672439,0.2973877374784111,0.922321081161499
0.9938650306748467,0.297279792746114,0.9223254323005676
0.9938628158844766,0.2971718480138169,0.92232745885849
0.9938605994944023,0.2970639032815199,0.9223539233207703
0.9938583815028902,0.2969559585492228,0.9223735928535461
0.9938561619082038,0.2968480138169257,0.9224078059196472
0.9938539407086044,0.2967400690846287,0.9225092530250549
0.9938517179023508,0.2966321243523316,0.9225173592567444
0.993849493487699,0.2965241796200345,0.9225481152534485
0.9938472674629026,0.2964162348877375,0.9225559234619141
0.9938450398262129,0.2963082901554404,0.9226436614990234
0.993840579710145,0.2960924006908463,0.9226661920547485
0.9938383472272563,0.2959844559585492,0.9227444529533386
0.9938361131254533,0.29587651122625214,0.9228041172027588
0.9938338774029742,0.2957685664939551,0.9229214191436768
0.9938316400580551,0.295660621761658,0.9229231476783752
0.9938294010889293,0.29555267702936094,0.9229282140731812
0.9938271604938271,0.2954447322970639,0.9229460954666138
0.9938249182709771,0.29533678756476683,0.9229879379272461
0.9938226744186046,0.29522884283246975,0.9230660200119019
0.9938204289349327,0.2951208981001727,0.9231137633323669
0.9938181818181818,0.29501295336787564,0.9231808185577393
0.9938159330665697,0.29490500863557856,0.9232007265090942
0.9938136826783115,0.29479706390328153,0.9232181906700134
0.9938114306516199,0.29468911917098445,0.923247754573822
0.9938091769847051,0.29458117443868737,0.9232993125915527
0.9938069216757741,0.29447322970639034,0.9233359694480896
0.9938046647230321,0.29436528497409326,0.9233806133270264
0.993802406124681,0.29425734024179623,0.923385500907898
0.9938001458789205,0.29414939550949915,0.9234642386436462
0.9937978839839474,0.29404145077720206,0.923505961894989
0.9937956204379562,0.29393350604490504,0.9235140681266785
0.9937933552391384,0.29382556131260795,0.9235349893569946
0.993791088385683,0.29371761658031087,0.9235486388206482
0.9937888198757764,0.29360967184801384,0.923581600189209
0.9937842778793419,0.2933937823834197,0.9236143231391907
0.9937820043891734,0.29328583765112265,0.9236504435539246
0.9937797292352726,0.29317789291882557,0.9237080216407776
0.9937774524158126,0.2930699481865285,0.9237346649169922
0.9937751739289638,0.29296200345423146,0.9237626194953918
0.9937728937728938,0.2928540587219344,0.9237639307975769
0.9937706119457677,0.2927461139896373,0.9237698316574097
0.9937683284457478,0.29263816925734026,0.9238694310188293
0.9937660432709937,0.2925302245250432,0.9238985180854797
0.9937637564196625,0.2924222797927461,0.9239377975463867
0.9937614678899083,0.29231433506044907,0.9240049719810486
0.9937591776798825,0.292206390328152,0.9240206480026245
0.9937545922116091,0.2919905008635579,0.9240482449531555
0.9937522969496508,0.2918825561312608,0.9240679740905762
0.99375,0.2917746113989637,0.9241167902946472
0.9937477013607944,0.2916666666666667,0.9241368174552917
0.9937454010301693,0.2915587219343696,0.9241785407066345
0.9937430990062569,0.2914507772020725,0.9242364168167114
0.9937407952871871,0.2913428324697755,0.9242417812347412
0.9937384898710866,0.2912348877374784,0.924278736114502
0.9937361827560796,0.2911269430051813,0.9242880344390869
0.9937338739402876,0.2910189982728843,0.9244928956031799
0.9937315634218289,0.2909110535405872,0.924608051776886
0.9937292511988196,0.29080310880829013,0.9246262907981873
0.9937269372693727,0.2906951640759931,0.9246372580528259
0.9937246216315984,0.290587219343696,0.9247046709060669
0.9937223042836041,0.29047927461139894,0.924750030040741
0.9937199852234947,0.2903713298791019,0.9247868061065674
0.9937153419593345,0.29015544041450775,0.9248455166816711
0.9937130177514792,0.2900474956822107,0.9248923659324646
0.9937106918238994,0.28993955094991364,0.924948513507843
0.9937060348019252,0.28972366148531953,0.9250062704086304
0.9937037037037038,0.28961571675302245,0.925041675567627
0.993701370878103,0.28950777202072536,0.9250687956809998
0.9936990363232023,0.28939982728842834,0.9251254200935364
0.9936967000370782,0.28929188255613125,0.9251576662063599
0.9936943620178041,0.28918393782383417,0.9251622557640076
0.9936920222634509,0.28907599309153714,0.9252269268035889
0.9936896807720861,0.28896804835924006,0.9252422451972961
0.993687337541775,0.28886010362694303,0.9252774715423584
0.9936849925705795,0.28875215889464595,0.9253290891647339
0.9936826458565589,0.28864421416234887,0.9253324866294861
0.9936802973977695,0.28853626943005184,0.9253354072570801
0.9936779471922648,0.28842832469775476,0.9253383874893188
0.9936755952380952,0.2883203799654577,0.9253601431846619
0.9936732415333085,0.28821243523316065,0.9254943132400513
0.9936708860759493,0.28810449050086356,0.9255320429801941
0.9936685288640595,0.2879965457685665,0.9255842566490173
0.9936661698956781,0.28788860103626945,0.9256151914596558
0.9936638091688409,0.28778065630397237,0.92563396692276
0.993661446681581,0.2876727115716753,0.925652265548706
0.9936590824319284,0.28756476683937826,0.9257181286811829
0.9936543486375513,0.2873488773747841,0.9257256984710693
0.9936519790888723,0.28724093264248707,0.9257574081420898
0.9936496077698916,0.28713298791019,0.9257606863975525
0.9936472346786248,0.2870250431778929,0.9258255362510681
0.9936448598130841,0.2869170984455959,0.9258585572242737
0.993642483171279,0.2868091537132988,0.9259130954742432
0.9936401047512159,0.2867012089810017,0.9259306788444519
0.9936377245508982,0.2865932642487047,0.9259572625160217
0.9936353425683264,0.2864853195164076,0.9259582757949829
0.9936329588014982,0.2863773747841105,0.9259658455848694
0.9936305732484076,0.2862694300518135,0.9260699152946472
0.9936281859070465,0.2861614853195164,0.9260883927345276
0.9936257967754031,0.2860535405872193,0.9261379241943359
0.9936234058514629,0.2859455958549223,0.926143229007721
0.9936210131332083,0.2858376511226252,0.9261645674705505
0.9936186186186187,0.28572970639032813,0.9261859655380249
0.9936162223056703,0.2856217616580311,0.9261940717697144
0.9936138241923366,0.285513816925734,0.9262062907218933
0.9936114242765878,0.28540587219343694,0.9262329936027527
0.9936090225563909,0.2852979274611399,0.926237940788269
0.9936066190297104,0.28518998272884283,0.9262452721595764
0.9936042136945071,0.28508203799654575,0.9262679815292358
0.9936018065487392,0.2849740932642487,0.9264850616455078
0.9935993975903614,0.28486614853195164,0.9264938831329346
0.993594574227581,0.2846502590673575,0.926525890827179
0.9935921598190728,0.28454231433506044,0.9265435934066772
0.9935897435897436,0.28443436960276336,0.9265477061271667
0.993587325537533,0.28432642487046633,0.926575243473053
0.9935849056603774,0.28421848013816925,0.926702082157135
0.9935824839562098,0.28411053540587217,0.9267311096191406
0.9939577039274925,0.28411053540587217,0.9267476201057434
0.994333207404609,0.28411053540587217,0.9267624616622925
0.9943310657596371,0.28400259067357514,0.9267998337745667
0.994328922495274,0.28389464594127806,0.9268875122070312
0.9943267776096822,0.28378670120898103,0.9270190000534058
0.9943246311010215,0.28367875647668395,0.9271435141563416
0.9943224829674489,0.28357081174438686,0.9271934032440186
0.9943203332071185,0.28346286701208984,0.9272366762161255
0.9943181818181818,0.28335492227979275,0.927261233329773
0.9943160287987874,0.28324697754749567,0.9272947907447815
0.9943138741470812,0.28313903281519864,0.9273040890693665
0.9943117178612059,0.28303108808290156,0.9274212718009949
0.9943095599393019,0.2829231433506045,0.9274829030036926
0.9943074003795066,0.28281519861830745,0.9275420904159546
0.9943052391799544,0.28270725388601037,0.9275741577148438
0.994303076338777,0.2825993091537133,0.927605152130127
0.9943009118541033,0.28249136442141626,0.9276365637779236
0.9942987457240593,0.2823834196891192,0.9276854991912842
0.9942965779467681,0.2822754749568221,0.9277418255805969
0.9942944085203499,0.28216753022452506,0.9277774095535278
0.9942922374429224,0.282059585492228,0.9279949069023132
0.9942900647126,0.2819516407599309,0.9282480478286743
0.9942878903274943,0.28184369602763387,0.9282522201538086
0.9942857142857143,0.2817357512953368,0.9282621145248413
0.9942835365853658,0.2816278065630397,0.9282857179641724
0.994281357224552,0.2815198618307427,0.9284390211105347
0.994279176201373,0.2814119170984456,0.9284656047821045
0.994276993513926,0.2813039723661485,0.9284740686416626
0.9942748091603053,0.2811960276338515,0.9285935759544373
0.9942726231386025,0.2810880829015544,0.9287283420562744
0.9942704354469061,0.2809801381692573,0.9288068413734436
0.9942682460833014,0.2808721934369603,0.9288997054100037
0.9942660550458715,0.2807642487046632,0.9291044473648071
0.9942616679418516,0.2805483592400691,0.9291661977767944
0.9942594718714122,0.280440414507772,0.9291830658912659
0.9942572741194488,0.28033246977547494,0.9292398691177368
0.9942550746840291,0.2802245250431779,0.9292609691619873
0.9942528735632183,0.2801165803108808,0.9292616248130798
0.9942506707550786,0.28000863557858374,0.929309070110321
0.9942484662576687,0.2799006908462867,0.9293692111968994
0.9942462600690449,0.27979274611398963,0.9293867945671082
0.9942440521872602,0.27968480138169255,0.9294052124023438
0.9942418426103646,0.2795768566493955,0.9294315576553345
0.9942396313364056,0.27946891191709844,0.9294637441635132
0.9942374183634268,0.27936096718480136,0.929480791091919
0.9942352036894696,0.27925302245250433,0.9295657873153687
0.994232987312572,0.27914507772020725,0.9296642541885376
0.9942307692307693,0.27903713298791016,0.9296721816062927
0.9942285494420932,0.27892918825561314,0.9297308325767517
0.9942263279445728,0.27882124352331605,0.9297614097595215
0.9942241047362341,0.27871329879101897,0.9298614263534546
0.9942218798151001,0.27860535405872194,0.9299291372299194
0.9942196531791907,0.27849740932642486,0.9299853444099426
0.9942174248265228,0.27838946459412783,0.9299978017807007
0.9942151947551099,0.27828151986183075,0.9300430417060852
0.9942129629629629,0.27817357512953367,0.9301527738571167
0.9942107294480895,0.27806563039723664,0.9303169250488281
0.9942084942084942,0.27795768566493956,0.9303339123725891
0.9942062572421785,0.2778497409326425,0.9303367137908936
0.9945904173106646,0.2778497409326425,0.9303955435752869
0.9945883262466177,0.27774179620034545,0.9304167628288269
0.9945862335653519,0.27763385146804836,0.9304340481758118
0.9945841392649903,0.2775259067357513,0.9306241869926453
0.9945820433436533,0.27741796200345425,0.9306879639625549
0.994579945799458,0.27731001727115717,0.9306913614273071
0.994577846630519,0.2772020725388601,0.930813729763031
0.9945757458349477,0.27709412780656306,0.93083655834198
0.9945736434108527,0.276986183074266,0.9308462738990784
0.9945715393563397,0.2768782383419689,0.9308837652206421
0.9945694336695112,0.27677029360967187,0.9309030175209045
0.9945673263484672,0.2766623488773748,0.9309545755386353
0.9945652173913043,0.2765544041450777,0.9311747550964355
0.9945631067961165,0.2764464594127807,0.9315359592437744
0.9945609945609946,0.2763385146804836,0.931605875492096
0.9945588806840264,0.2762305699481865,0.9316089749336243
0.994556765163297,0.2761226252158895,0.9316885471343994
0.9945546479968884,0.2760146804835924,0.9317746758460999
0.9945525291828794,0.2759067357512953,0.9317755103111267
0.9945504087193461,0.2757987910189983,0.9318721890449524
0.9945482866043613,0.2756908462867012,0.9319799542427063
0.9945461628359953,0.2755829015544041,0.9320793747901917
0.9945440374123149,0.2754749568221071,0.932094156742096
0.9945419103313841,0.27536701208981,0.932186484336853
0.9945397815912637,0.27525906735751293,0.9322683215141296
0.9945376511900117,0.2751511226252159,0.9324532747268677
0.994535519125683,0.2750431778929188,0.9325705170631409
0.9945333853963295,0.27493523316062174,0.9328009486198425
0.99453125,0.2748272884283247,0.9329751133918762
0.9945291129347401,0.27471934369602763,0.933022677898407
0.9945269741985927,0.27461139896373055,0.9331057071685791
0.9945248337895972,0.2745034542314335,0.9332112669944763
0.9945226917057903,0.27439550949913644,0.9332534074783325
0.9945205479452055,0.27428756476683935,0.9334460496902466
0.9945184025058731,0.2741796200345423,0.9335873126983643
0.9949079514296906,0.2741796200345423,0.9336293935775757
0.9949059561128527,0.27407167530224524,0.9337220191955566
0.9949039592316739,0.27396373056994816,0.9338167905807495
0.9949019607843137,0.27385578583765113,0.9338698387145996
0.994899960768929,0.27374784110535405,0.9339553117752075
0.9948979591836735,0.27363989637305697,0.9339773058891296
0.9948959560266981,0.27353195164075994,0.934010922908783
0.9948939512961509,0.27342400690846286,0.9340391159057617
0.9948919449901769,0.27331606217616583,0.9341583847999573
0.9948899371069182,0.27320811744386875,0.9344305992126465
0.9948879276445144,0.27310017271157166,0.9344744682312012
0.9948859166011015,0.27299222797927464,0.9348682165145874
0.9948839039748131,0.27288428324697755,0.9349523782730103
0.9948818897637796,0.27277633851468047,0.9350329637527466
0.9948798739661284,0.27266839378238344,0.9350811243057251
0.9948758376034686,0.2724525043177893,0.9354161620140076
0.9948738170347003,0.27234455958549225,0.9354938268661499
0.9948717948717949,0.27223661485319517,0.9355583190917969
0.994869771112865,0.2721286701208981,0.9356712698936462
0.9948677457560205,0.27202072538860106,0.9356882572174072
0.9948657187993681,0.271912780656304,0.9356997609138489
0.9948636902410115,0.2718048359240069,0.935985267162323
0.9948616600790514,0.27169689119170987,0.936330258846283
0.9948596283115856,0.2715889464594128,0.9364126324653625
0.9948575949367089,0.2714810017271157,0.9365506172180176
0.9948555599525128,0.2713730569948187,0.936578094959259
0.9948535233570863,0.2712651122625216,0.9366308450698853
0.9948514851485148,0.2711571675302245,0.9366752505302429
0.9948494453248812,0.2710492227979275,0.9367886781692505
0.9948474038842647,0.2709412780656304,0.936957836151123
0.9948453608247423,0.2708333333333333,0.9370971918106079
0.9952399841332804,0.2708333333333333,0.9372051954269409
0.9952380952380953,0.2707253886010363,0.9372513890266418
0.9952362048431918,0.2706174438687392,0.9377108216285706
0.9952343129467831,0.2705094991364421,0.9379021525382996
0.9952324195470799,0.2704015544041451,0.9380941987037659
0.9952305246422893,0.270293609671848,0.9381350874900818
0.9952286282306163,0.27018566493955093,0.9385846853256226
0.9956245027844073,0.27018566493955093,0.9388151168823242
0.9956227616394747,0.2700777202072539,0.9393704533576965
0.9956210191082803,0.2699697754749568,0.9395564198493958
0.9956192751891677,0.26986183074265974,0.9397997856140137
0.9956175298804781,0.2697538860103627,0.9398836493492126
0.99561578318055,0.2696459412780656,0.9400216937065125
0.9956140350877193,0.26953799654576854,0.9401261210441589
0.9956122856003191,0.2694300518134715,0.9401601552963257
0.9956105347166799,0.26932210708117443,0.9403402805328369
0.9956087824351297,0.26921416234887735,0.9403890371322632
0.9956070287539937,0.2691062176165803,0.9406371712684631
0.9956052736715941,0.26899827288428324,0.940780520439148
0.995603517186251,0.26889032815198616,0.9408848881721497
0.9956017592962815,0.26878238341968913,0.9409671425819397
0.9956,0.26867443868739205,0.9410357475280762
0.9955982392957183,0.26856649395509496,0.9413297176361084
0.9955964771817454,0.26845854922279794,0.9414235353469849
0.9955947136563876,0.26835060449050085,0.941493570804596
0.9955929487179487,0.26824265975820377,0.9414976239204407
0.9955911823647294,0.26813471502590674,0.941697895526886
0.995589414595028,0.26802677029360966,0.9420211315155029
0.99558764540714,0.26791882556131263,0.9421550035476685
0.9955858747993579,0.26781088082901555,0.942183792591095
0.9955841027699719,0.26770293609671847,0.9425128102302551
0.995580554439534,0.26748704663212436,0.9428468942642212
0.9955787781350482,0.2673791018998273,0.9430423974990845
0.9955770004020909,0.26727115716753025,0.9435130953788757
0.995575221238938,0.26716321243523317,0.9436216950416565
0.9955734406438632,0.2670552677029361,0.9437692165374756
0.9955716586151369,0.26694732297063906,0.9439306855201721
0.995569875151027,0.266839378238342,0.9440089464187622
0.9955680902497985,0.2667314335060449,0.9444231390953064
0.9955663039097138,0.26662348877374786,0.9445138573646545
0.9955645161290323,0.2665155440414508,0.944579005241394
0.9955627269060104,0.2664075993091537,0.9449150562286377
0.9955609362389023,0.26629965457685667,0.9450812339782715
0.9955591441259588,0.2661917098445596,0.9452060461044312
0.9955573505654282,0.2660837651122625,0.9454891085624695
0.9955555555555555,0.2659758203799655,0.9455785155296326
0.9955537590945837,0.2658678756476684,0.9461730122566223
0.9955519611807522,0.2657599309153713,0.9461885690689087
0.9955501618122977,0.2656519861830743,0.9464333653450012
0.9955483609874545,0.2655440414507772,0.9465357661247253
0.9955465587044534,0.2654360967184801,0.9465560913085938
0.9955447549615228,0.2653281519861831,0.9466459155082703
0.9955429497568882,0.265220207253886,0.9466478228569031
0.9955411430887718,0.2651122625215889,0.9468657970428467
0.9955393349553934,0.2650043177892919,0.9470480680465698
0.9955375253549695,0.2648963730569948,0.9470561146736145
0.9955357142857143,0.26478842832469773,0.947150707244873
0.9955339017458384,0.2646804835924007,0.9477677345275879
0.9959382615759546,0.2646804835924007,0.948005199432373
0.9963429500203169,0.2646804835924007,0.9483164548873901
0.9963414634146341,0.2645725388601036,0.948440670967102
0.9963399755998373,0.26446459412780654,0.9484700560569763
0.9963384865744508,0.2643566493955095,0.9486337304115295
0.9963369963369964,0.26424870466321243,0.9486547708511353
0.9963355048859935,0.26414075993091535,0.9487320184707642
0.9963340122199593,0.2640328151986183,0.9487632513046265
0.9963325183374083,0.26392487046632124,0.9488608241081238
0.9963310232368529,0.26381692573402415,0.9488943815231323
0.9963295269168027,0.2637089810017271,0.9489951133728027
0.996328029375765,0.26360103626943004,0.9493473768234253
0.9963265306122449,0.26349309153713296,0.9493658542633057
0.9963250306247448,0.26338514680483593,0.9495176672935486
0.9963235294117647,0.26327720207253885,0.9496096968650818
0.9963220269718022,0.26316925734024177,0.9497250318527222
0.9963205233033524,0.26306131260794474,0.9498029351234436
0.9967280163599181,0.26306131260794474,0.9500749707221985
0.9967266775777414,0.26295336787564766,0.9502161741256714
0.9967253376995497,0.26284542314335063,0.9502765536308289
0.9967239967239967,0.26273747841105355,0.9503199458122253
0.9967226546497338,0.26262953367875647,0.9504002332687378
0.9967213114754099,0.26252158894645944,0.9504328966140747
0.996719967199672,0.26241364421416236,0.9504398703575134
0.9967186218211649,0.2623056994818653,0.9505460858345032
0.9967172753385309,0.26219775474956825,0.9507442116737366
0.9967159277504105,0.26208981001727116,0.9510886669158936
0.9971252566735113,0.26208981001727116,0.9517643451690674
0.9971240755957272,0.2619818652849741,0.9519464373588562
0.9971228935470613,0.26187392055267705,0.9519585371017456
0.9971217105263158,0.26176597582037997,0.9520682096481323
0.9971205265322912,0.2616580310880829,0.9521849155426025
0.997119341563786,0.26155008635578586,0.9523006677627563
0.9971181556195965,0.2614421416234888,0.952353298664093
0.9971169686985173,0.2613341968911917,0.9524292349815369
0.9971157807993407,0.26122625215889467,0.9528538584709167
0.9971145919208574,0.2611183074265976,0.9529420733451843
0.9971134020618557,0.2610103626943005,0.9531663060188293
0.9971122112211221,0.2609024179620035,0.9532198309898376
0.9971110193974412,0.2607944732297064,0.9532813429832458
0.9971098265895953,0.2606865284974093,0.9535372853279114
0.9971086327963652,0.2605785837651123,0.9538626670837402
0.9971074380165289,0.2604706390328152,0.9541850090026855
0.9971062422488631,0.2603626943005181,0.9543593525886536
0.9971050454921423,0.2602547495682211,0.9549416899681091
0.9971038477451386,0.260146804835924,0.9549651741981506
0.9971026490066225,0.2600388601036269,0.9551424980163574
0.9971014492753624,0.2599309153713299,0.9554830193519592
0.9971002485501242,0.2598229706390328,0.9555302858352661
0.9970990468296727,0.25971502590673573,0.9555388689041138
0.9970978441127695,0.2596070811744387,0.955542266368866
0.997096640398175,0.2594991364421416,0.9557780623435974
0.9970954356846473,0.25939119170984454,0.95599764585495
0.9970942299709423,0.2592832469775475,0.9560152888298035
0.997093023255814,0.2591753022452504,0.9560732841491699
0.9970918155380141,0.25906735751295334,0.9561230540275574
0.9970906068162926,0.2589594127806563,0.9561290740966797
0.9970893970893971,0.25885146804835923,0.9561335444450378
0.9970881863560732,0.25874352331606215,0.9562040567398071
0.9970869746150645,0.2586355785837651,0.956233024597168
0.9970857618651124,0.25852763385146804,0.9564118385314941
0.9970845481049563,0.25841968911917096,0.9565059542655945
0.9970833333333333,0.25831174438687393,0.9565067291259766
0.9970821175489787,0.25820379965457685,0.9565925598144531
0.9970809007506255,0.25809585492227977,0.9566150307655334
0.9970796829370046,0.25798791018998274,0.9566829800605774
0.9970784641068448,0.25787996545768566,0.9568354487419128
0.9970772442588727,0.25777202072538863,0.9571091532707214
0.9970760233918129,0.25766407599309155,0.9574316143989563
0.9970748015043878,0.25755613126079446,0.9576799869537354
0.9970735785953178,0.25744818652849744,0.957728385925293
0.9974905897114178,0.25744818652849744,0.9578690528869629
0.9974895397489539,0.25734024179620035,0.9582483768463135
0.9974884889074926,0.25723229706390327,0.958256721496582
0.9974874371859297,0.25712435233160624,0.9582692980766296
0.9974863845831587,0.25701640759930916,0.9583309292793274
0.9974853310980721,0.2569084628670121,0.9584931135177612
0.9974842767295597,0.25680051813471505,0.9585729241371155
0.99748322147651,0.25669257340241797,0.9586213827133179
0.9974821653378095,0.2565846286701209,0.9586244225502014
0.9974811083123426,0.25647668393782386,0.958720326423645
0.997480050398992,0.2563687392055268,0.9588006138801575
0.9974789915966387,0.2562607944732297,0.9589301943778992
0.9974779319041615,0.25615284974093266,0.9591061472892761
0.9974768713204374,0.2560449050086356,0.9591094255447388
0.9974758098443416,0.2559369602763385,0.9591712951660156
0.9974747474747475,0.25582901554404147,0.9591903686523438
0.9974736842105263,0.2557210708117444,0.9593949913978577
0.9974726200505476,0.2556131260794473,0.9595025181770325
0.9974715549936789,0.2555051813471503,0.9595295190811157
0.9974704890387859,0.2553972366148532,0.9596909880638123
0.9974694221847322,0.2552892918825561,0.9598023295402527
0.9974683544303797,0.2551813471502591,0.9598188996315002
0.9974672857745884,0.255073402417962,0.9599543213844299
0.9974662162162162,0.2549654576856649,0.960013747215271
0.9974651457541192,0.2548575129533679,0.9601123332977295
0.9974640743871513,0.2547495682210708,0.9603099226951599
0.9974630021141649,0.2546416234887737,0.9604036211967468
0.9974619289340102,0.2545336787564767,0.9605480432510376
0.9974608548455354,0.2544257340241796,0.9605851769447327
0.9974597798475868,0.25431778929188253,0.9606447219848633
0.9974587039390089,0.2542098445595855,0.9606994986534119
0.997457627118644,0.2541018998272884,0.9608221054077148
0.9974565493853328,0.25399395509499134,0.9609369039535522
0.9974554707379135,0.2538860103626943,0.9611261487007141
0.9974543911752227,0.25377806563039723,0.9612343907356262
0.9974533106960951,0.25367012089810015,0.9614167213439941
0.9974522292993631,0.2535621761658031,0.9615885615348816
0.9974511469838573,0.25345423143350604,0.9616520404815674
0.9974500637484063,0.25334628670120896,0.9616836905479431
0.9974489795918368,0.25323834196891193,0.9617358446121216
0.9974478945129732,0.25313039723661485,0.9617648124694824
0.9974468085106383,0.25302245250431776,0.9618507027626038
0.9974457215836526,0.25291450777202074,0.961927056312561
0.9974446337308348,0.25280656303972365,0.9619687795639038
0.9974435449510013,0.25269861830742657,0.9620044827461243
0.9974424552429667,0.25259067357512954,0.9620268940925598
0.9974413646055437,0.25248272884283246,0.9621453881263733
0.9974402730375427,0.25237478411053543,0.9628238081932068
0.9974391805377721,0.25226683937823835,0.962879478931427
0.9974380871050385,0.25215889464594127,0.962951123714447
0.9974369927381461,0.25205094991364424,0.963033139705658
0.9974358974358974,0.25194300518134716,0.9630497097969055
0.9974348011970928,0.2518350604490501,0.9631242752075195
0.9974337040205303,0.25172711571675305,0.9631787538528442
0.9974326059050064,0.25161917098445596,0.9631823301315308
0.997431506849315,0.2515112262521589,0.9633856415748596
0.9974304068522484,0.25140328151986185,0.963435173034668
0.9974293059125964,0.25129533678756477,0.9635688662528992
0.997428204029147,0.2511873920552677,0.9636139273643494
0.9974271012006861,0.25107944732297066,0.9636425971984863
0.9974259974259975,0.2509715025906736,0.9637868404388428
0.9974248927038627,0.2508635578583765,0.9637905955314636
0.9974237870330614,0.25075561312607947,0.9637989401817322
0.9974226804123711,0.2506476683937824,0.9638950228691101
0.9974215728405672,0.2505397236614853,0.9639284014701843
0.9974204643164231,0.2504317789291883,0.9639317989349365
0.9974193548387097,0.2503238341968912,0.9640763998031616
0.9974182444061962,0.2502158894645941,0.9642234444618225
0.9974171330176496,0.2501079447322971,0.9643077850341797
0.9974160206718347,0.25,0.9643394947052002
0.997414907367514,0.24989205526770294,0.9643683433532715
0.9974137931034482,0.24978411053540586,0.9644540548324585
0.9974126778783958,0.2496761658031088,0.9644918441772461
0.997411561691113,0.24956822107081175,0.9644929766654968
0.9974104445403539,0.24946027633851467,0.9645846486091614
0.9974093264248705,0.24935233160621761,0.9647220969200134
0.9974082073434125,0.24924438687392056,0.964723527431488
0.9974070872947277,0.24913644214162348,0.9647348523139954
0.9974059662775616,0.24902849740932642,0.9648796916007996
0.9974048442906575,0.24892055267702937,0.9650241136550903
0.9974025974025974,0.24870466321243523,0.9650792479515076
0.9974014724989173,0.24859671848013817,0.9651915431022644
0.9974003466204506,0.24848877374784112,0.9652091860771179
0.9973992197659298,0.24838082901554404,0.9652693867683411
0.997398091934085,0.24827288428324698,0.9652804732322693
0.9973969631236442,0.24816493955094993,0.9653775691986084
0.9973958333333334,0.24805699481865284,0.9654240012168884
0.9973947025618758,0.2479490500863558,0.9655435085296631
0.9973935708079931,0.24784110535405873,0.9655461311340332
0.9973924380704041,0.24773316062176165,0.965552806854248
0.9973913043478261,0.2476252158894646,0.9655669331550598
0.9973901696389734,0.24751727115716754,0.9661113619804382
0.9973890339425587,0.24740932642487046,0.9662842154502869
0.9973878972572922,0.2473013816925734,0.9663057923316956
0.9973867595818815,0.24719343696027635,0.9663494229316711
0.9973856209150327,0.24708549222797926,0.9663615822792053
0.997384481255449,0.2469775474956822,0.966425359249115
0.9973833406018316,0.24686960276338515,0.9664973020553589
0.9973821989528796,0.24676165803108807,0.9665230512619019
0.9973810563072893,0.24665371329879102,0.9666546583175659
0.9973799126637555,0.24654576856649396,0.9666740298271179
0.9973787680209698,0.24643782383419688,0.9667191505432129
0.9978146853146853,0.24643782383419688,0.9667600393295288
0.9978137297770004,0.24632987910189982,0.966820240020752
0.9978127734033246,0.24622193436960277,0.9668603539466858
0.9978118161925602,0.24611398963730569,0.9668630361557007
0.9978108581436077,0.24600604490500863,0.9669448137283325
0.9978098992553658,0.24589810017271158,0.9670266509056091
0.9978089395267309,0.24579015544041452,0.9671304225921631
0.997807978956598,0.24568221070811744,0.967191219329834
0.9978070175438597,0.24557426597582038,0.9672828912734985
0.9978060552874067,0.24546632124352333,0.967311680316925
0.9978050921861282,0.24535837651122624,0.9673570394515991
0.9978041282389108,0.2452504317789292,0.967406153678894
0.9978031634446397,0.24514248704663213,0.9674235582351685
0.9978021978021978,0.24503454231433505,0.9675686359405518
0.9978012313104662,0.244926597582038,0.9676754474639893
0.9978002639683238,0.24481865284974094,0.9676833748817444
0.9977992957746479,0.24471070811744386,0.967708945274353
0.9977983267283135,0.2446027633851468,0.9677113890647888
0.9977973568281938,0.24449481865284975,0.9679493308067322
0.99779638607316,0.24438687392055267,0.9681545495986938
0.9977954144620811,0.2442789291882556,0.9682799577713013
0.9977944419938244,0.24417098445595856,0.9683010578155518
0.997793468667255,0.24406303972366147,0.9683443307876587
0.9977924944812362,0.24395509499136442,0.9684029817581177
0.997791519434629,0.24384715025906736,0.9684099555015564
0.9977905435262925,0.24373920552677028,0.9684441685676575
0.997789566755084,0.24363126079447323,0.9685478210449219
0.9977885891198585,0.24352331606217617,0.9687513709068298
0.9977876106194691,0.24341537132987912,0.9688858389854431
0.9977866312527667,0.24330742659758203,0.9689540266990662
0.9977856510186005,0.24319948186528498,0.9691630005836487
0.9977846699158175,0.24309153713298792,0.9692478775978088
0.9977836879432624,0.24298359240069084,0.9692630171775818
0.9977827050997783,0.24287564766839378,0.9692680835723877
0.9977817213842058,0.24276770293609673,0.9693775177001953
0.9977807367953839,0.24265975820379965,0.9696133732795715
0.9977797513321492,0.2425518134715026,0.9696579575538635
0.9977787649933363,0.24244386873920554,0.9699389338493347
0.9977777777777778,0.24233592400690845,0.9702324271202087
0.9977767896843042,0.2422279792746114,0.9704523086547852
0.9977758007117438,0.24212003454231434,0.9705687165260315
0.9977748108589231,0.24201208981001726,0.9708151817321777
0.9977738201246661,0.2419041450777202,0.9713326096534729
0.9977728285077951,0.24179620034542315,0.9713895320892334
0.9977718360071302,0.24168825561312607,0.9713948965072632
0.9977708426214891,0.241580310880829,0.9714741110801697
0.9977698483496877,0.24147236614853196,0.9714890718460083
0.99776885319054,0.24136442141623488,0.9715895652770996
0.9977678571428571,0.24125647668393782,0.971595823764801
0.9977668602054489,0.24114853195164077,0.9716282486915588
0.9977658623771224,0.24104058721934368,0.9716994166374207
0.997764863656683,0.24093264248704663,0.97178053855896
0.9977638640429338,0.24082469775474957,0.9717931747436523
0.9977628635346756,0.24071675302245252,0.9718753695487976
0.9977618621307073,0.24060880829015543,0.9718769192695618
0.9977608598298253,0.24050086355785838,0.972028374671936
0.9977598566308243,0.24039291882556132,0.9720673561096191
0.9977588525324966,0.24028497409326424,0.9721531271934509
0.9977578475336323,0.2401770293609672,0.9722270965576172
0.9977568416330193,0.24006908462867013,0.9724022746086121
0.9977558348294434,0.23996113989637305,0.9726130962371826
0.9977548271216884,0.239853195164076,0.9729740619659424
0.9977538185085355,0.23974525043177894,0.973055899143219
0.9977528089887641,0.23963730569948186,0.9730753302574158
0.997751798561151,0.2395293609671848,0.9730969071388245
0.9977507872244714,0.23942141623488775,0.9731367230415344
0.9977497749774977,0.23931347150259066,0.9731420278549194
0.9977487618190004,0.2392055267702936,0.9732637405395508
0.9977477477477478,0.23909758203799655,0.973584771156311
0.9977467327625056,0.23898963730569947,0.973587155342102
0.9977457168620378,0.23888169257340242,0.9738155603408813
0.997744700045106,0.23877374784110536,0.9739992022514343
0.9977436823104693,0.23866580310880828,0.9740636348724365
0.9977426636568849,0.23855785837651122,0.9740667343139648
0.9977416440831075,0.23844991364421417,0.9741118550300598
0.9977406235878897,0.23834196891191708,0.9741399884223938
0.9977396021699819,0.23823402417962003,0.9741474986076355
0.9977385798281321,0.23812607944732297,0.9742351770401001
0.997737556561086,0.23801813471502592,0.9743261337280273
0.9977365323675872,0.23791018998272884,0.9743396043777466
0.9977355072463768,0.23780224525043178,0.9743574857711792
0.9977344811961939,0.23769430051813473,0.9744424819946289
0.9977334542157752,0.23758635578583764,0.9744505286216736
0.9977324263038548,0.2374784110535406,0.9744861721992493
0.9977313974591652,0.23737046632124353,0.9744951128959656
0.9977303676804358,0.23726252158894645,0.974867045879364
0.9977293369663942,0.2371545768566494,0.9749900698661804
0.9977283053157655,0.23704663212435234,0.9750619530677795
0.9977272727272727,0.23693868739205526,0.9751890897750854
0.9977262391996362,0.2368307426597582,0.9752846956253052
0.9977252047315741,0.23672279792746115,0.9752902388572693
0.9977241693218024,0.23661485319516407,0.9755090475082397
0.9977231329690346,0.236506908462867,0.9756128191947937
0.9977220956719818,0.23639896373056996,0.9757157564163208
0.9977210574293528,0.23629101899827287,0.975739598274231
0.9977200182398541,0.23618307426597582,0.9759426712989807
0.9977189781021898,0.23607512953367876,0.9759601950645447
0.9977179370150616,0.23596718480138168,0.9759983420372009
0.997716894977169,0.23585924006908462,0.9760506749153137
0.9977158519872088,0.23575129533678757,0.9761276841163635
0.9977148080438757,0.23564335060449051,0.9762029051780701
0.9977137631458619,0.23553540587219343,0.9762434363365173
0.9981701738334858,0.23553540587219343,0.9762925505638123
0.9981693363844394,0.23542746113989638,0.9764377474784851
0.9981684981684982,0.23531951640759932,0.9765340089797974
0.9981676591846084,0.23521157167530224,0.9766244292259216
0.998166819431714,0.23510362694300518,0.976630687713623
0.9981659789087575,0.23499568221070813,0.9766615033149719
0.998165137614679,0.23488773747841105,0.9767608642578125
0.9981642955484167,0.234779792746114,0.9768283367156982
0.9981634527089073,0.23467184801381694,0.9769076108932495
0.998162609095085,0.23456390328151985,0.9769439101219177
0.9981617647058824,0.2344559585492228,0.9769536852836609
0.9981609195402299,0.23434801381692574,0.977148175239563
0.9981600735970562,0.23424006908462866,0.9771619439125061
0.9981592268752876,0.2341321243523316,0.9771760702133179
0.9986187845303868,0.2341321243523316,0.9773345589637756
0.9986181483187471,0.23402417962003455,0.9773570895195007
0.9986175115207373,0.23391623488773747,0.9773768782615662
0.9986168741355463,0.2338082901554404,0.9774115085601807
0.9986162361623616,0.23370034542314336,0.9774183630943298
0.9986155976003692,0.23359240069084627,0.9774230122566223
0.9986149584487535,0.23348445595854922,0.9774267673492432
0.9986143187066975,0.23337651122625216,0.9774953722953796
0.9986136783733827,0.23326856649395508,0.9775082468986511
0.9986130374479889,0.23316062176165803,0.9775251746177673
0.9986123959296948,0.23305267702936097,0.9776507616043091
0.998611753817677,0.23294473229706392,0.9777247905731201
0.9986111111111111,0.23283678756476683,0.9778115153312683
0.998610467809171,0.23272884283246978,0.9779388904571533
0.9986098239110287,0.23262089810017272,0.9779456853866577
0.9986091794158554,0.23251295336787564,0.9780300855636597
0.99860853432282,0.23240500863557859,0.9780314564704895
0.9986078886310905,0.23229706390328153,0.978060781955719
0.9986072423398329,0.23218911917098445,0.9781172275543213
0.9986065954482118,0.2320811744386874,0.9781343340873718
0.9986059479553904,0.23197322970639034,0.9781791567802429
0.99860529986053,0.23186528497409326,0.9782047867774963
0.9986046511627907,0.2317573402417962,0.978213906288147
0.9986040018613308,0.23164939550949915,0.9782408475875854
0.9986033519553073,0.23154145077720206,0.9783155918121338
0.9986027014438752,0.231433506044905,0.9783299565315247
0.9986020503261882,0.23132556131260795,0.9783873558044434
0.9986013986013986,0.23121761658031087,0.9783973693847656
0.9986007462686567,0.23110967184801381,0.9784958958625793
0.9986000933271115,0.23100172711571676,0.9785023927688599
0.9985994397759104,0.23089378238341968,0.9785892367362976
0.998598785614199,0.23078583765112262,0.9786285161972046
0.9985981308411215,0.23067789291882557,0.9786710143089294
0.9985974754558204,0.23056994818652848,0.978687584400177
0.9985968194574368,0.23046200345423143,0.9787318706512451
0.99859616284511,0.23035405872193437,0.978749692440033
0.9985955056179775,0.23024611398963732,0.9787719249725342
0.9985948477751756,0.23013816925734024,0.9787768721580505
0.9985941893158388,0.23003022452504318,0.9788773655891418
0.9985935302390999,0.22992227979274613,0.9789080619812012
0.9985928705440901,0.22981433506044904,0.9789623618125916
0.998592210229939,0.229706390328152,0.9789924025535583
0.9985915492957746,0.22959844559585493,0.9790119528770447
0.9985908877407234,0.22949050086355785,0.979017436504364
0.9985902255639098,0.2293825561312608,0.9790427684783936
0.999059708509638,0.2293825561312608,0.979103684425354
0.9990592662276576,0.22927461139896374,0.9791048169136047
0.9990588235294118,0.22916666666666666,0.9791370630264282
0.9990583804143126,0.2290587219343696,0.9791412949562073
0.999057936881771,0.22895077720207255,0.9791821241378784
0.9990574929311969,0.22884283246977546,0.9791886210441589
0.9990570485619991,0.2287348877374784,0.9792428016662598
0.999056158565361,0.22851899827288427,0.9792442917823792
0.9990557129367328,0.22841105354058722,0.9792500138282776
0.9990552668871044,0.22830310880829016,0.9793857932090759
0.999054820415879,0.22819516407599308,0.9793930053710938
0.9990539262062441,0.22797927461139897,0.979408323764801
0.9990534784666352,0.22787132987910189,0.9794474840164185
0.9990530303030303,0.22776338514680483,0.9794692993164062
0.9990525817148271,0.22765544041450778,0.9794842600822449
0.9990521327014218,0.22754749568221072,0.9795260429382324
0.9990516832622096,0.22743955094991364,0.979530394077301
0.9990512333965844,0.22733160621761658,0.9795454740524292
0.9990507831039392,0.22722366148531953,0.9795466065406799
0.9990503323836657,0.22711571675302245,0.9795978665351868
0.9990498812351544,0.2270077720207254,0.9796367287635803
0.9990494296577946,0.22689982728842834,0.9797530174255371
0.9990489776509748,0.22679188255613125,0.9798159599304199
0.9990485252140818,0.2266839378238342,0.9799202084541321
0.9990480723465016,0.22657599309153714,0.9799714088439941
0.9990476190476191,0.22646804835924006,0.9800068736076355
0.9990471653168176,0.226360103626943,0.9800363183021545
0.9990467111534795,0.22625215889464595,0.9800942540168762
0.9990462565569862,0.22614421416234887,0.9801343083381653
0.9990458015267175,0.2260362694300518,0.9801599979400635
0.9990453460620525,0.22592832469775476,0.9801914691925049
0.9990448901623686,0.22582037996545767,0.9802060127258301
0.9990444338270426,0.22571243523316062,0.9802225232124329
0.9990439770554493,0.22560449050086356,0.9802300930023193
0.9990435198469632,0.22549654576856648,0.9802746176719666
0.999043062200957,0.22538860103626943,0.9802903532981873
0.9990426041168023,0.22528065630397237,0.9803023338317871
0.9990421455938697,0.22517271157167532,0.9803766012191772
0.9990416866315285,0.22506476683937823,0.9803942441940308
0.9990412272291467,0.22495682210708118,0.9804187417030334
0.9990407673860912,0.22484887737478412,0.9804516434669495
0.9990403071017274,0.22474093264248704,0.9805139899253845
0.9990398463754201,0.22463298791018999,0.980599582195282
0.9990389235944258,0.22441709844559585,0.9806028008460999
0.9990384615384615,0.2243091537132988,0.9806052446365356
0.9990379990379991,0.22420120898100174,0.98062664270401
0.9990375360923965,0.22409326424870465,0.9806368947029114
0.999037072701011,0.2239853195164076,0.9806622266769409
0.9990366088631984,0.22387737478411054,0.9806836247444153
0.9990361445783132,0.22376943005181346,0.980688214302063
0.9990356798457087,0.2236614853195164,0.9807430505752563
0.9990352146647371,0.22355354058721935,0.9807486534118652
0.999034749034749,0.22344559585492227,0.9807500243186951
0.9990342829550941,0.2233376511226252,0.980751633644104
0.9990338164251208,0.22322970639032816,0.9807855486869812
0.9995166747220879,0.22322970639032816,0.9807908535003662
0.9995164410058027,0.22312176165803108,0.9808017611503601
0.9995162070633768,0.22301381692573402,0.9808195233345032
0.9995159728944821,0.22290587219343697,0.9808239936828613
0.9995157384987894,0.22279792746113988,0.9808524250984192
0.999515503875969,0.22268998272884283,0.9808616042137146
0.9995152690256908,0.22258203799654577,0.9809285998344421
0.9995150339476236,0.22247409326424872,0.9809345602989197
0.9995147986414362,0.22236614853195164,0.9809773564338684
0.9995145631067961,0.22225820379965458,0.9809991121292114
0.9995143273433705,0.22215025906735753,0.981044590473175
0.999514091350826,0.22204231433506044,0.9810652136802673
0.9995138551288284,0.2219343696027634,0.9810726642608643
0.9995136186770428,0.22182642487046633,0.9810917377471924
0.9995133819951338,0.22171848013816925,0.9811040163040161
0.9995131450827653,0.2216105354058722,0.981124997138977
0.9995129079396006,0.22150259067357514,0.9811633229255676
0.9995126705653021,0.22139464594127806,0.9811639189720154
0.999512432959532,0.221286701208981,0.9811718463897705
0.9995121951219512,0.22117875647668395,0.9811766743659973
0.9995119570522206,0.22107081174438686,0.9812073111534119
0.99951171875,0.2209628670120898,0.9812151193618774
0.9995114802149487,0.22085492227979275,0.9812155365943909
0.9995112414467253,0.22074697754749567,0.9812171459197998
0.9995110024449878,0.22063903281519862,0.9812496304512024
0.9995107632093934,0.22053108808290156,0.9812647700309753
0.9995105237395986,0.22042314335060448,0.9812949895858765
0.9995102840352595,0.22031519861830742,0.9813344478607178
0.9995098039215686,0.22009930915371329,0.9813380241394043
0.9995095635115253,0.21999136442141623,0.9813397526741028
0.9995093228655545,0.21988341968911918,0.9813754558563232
0.9995090819833088,0.21977547495682212,0.9813780784606934
0.99950884086444,0.21966753022452504,0.9813820123672485
0.9995085995085995,0.21955958549222798,0.9814096689224243
0.9995083579154376,0.21945164075993093,0.9814456105232239
0.999508116084604,0.21934369602763384,0.9814549088478088
0.999507874015748,0.2192357512953368,0.98147052526474
0.999507631708518,0.21912780656303973,0.9814712405204773
0.9995073891625615,0.21901986183074265,0.9814934730529785
0.9995071463775259,0.2189119170984456,0.9815173745155334
0.9995069033530573,0.21880397236614854,0.981547474861145
0.9995066600888012,0.21869602763385146,0.9815478324890137
0.9995064165844028,0.2185880829015544,0.9815621972084045
0.9995061728395062,0.21848013816925735,0.9816131591796875
0.9995059288537549,0.21837219343696027,0.9816265106201172
0.9995056846267919,0.2182642487046632,0.9816558957099915
0.9995054401582592,0.21815630397236616,0.9816582202911377
0.9995051954477981,0.21804835924006907,0.9816749691963196
0.9995049504950495,0.21794041450777202,0.9816847443580627
0.9995047052996533,0.21783246977547496,0.9816941618919373
0.9995044598612488,0.21772452504317788,0.9817173480987549
0.9995042141794744,0.21761658031088082,0.9817356467247009
0.9995039682539683,0.21750863557858377,0.9817392826080322
0.9995037220843672,0.21740069084628671,0.981756329536438
0.9995034756703078,0.21729274611398963,0.9817647933959961
0.9995032290114257,0.21718480138169258,0.9818113446235657
0.9995029821073559,0.21707685664939552,0.9818130731582642
0.9995027349577325,0.21696891191709844,0.9818186163902283
0.9995024875621891,0.21686096718480138,0.9818313717842102
0.9995022399203584,0.21675302245250433,0.9818427562713623
0.9995019920318725,0.21664507772020725,0.9818465113639832
0.9995017438963627,0.2165371329879102,0.9818997383117676
0.9995014955134596,0.21642918825561314,0.9819155931472778
0.9995012468827931,0.21632124352331605,0.9819210171699524
0.9995009980039921,0.216213298791019,0.9819404482841492
0.9995007488766849,0.21610535405872194,0.9819480180740356
0.9995004995004995,0.21599740932642486,0.9819485545158386
0.9995002498750625,0.2158894645941278,0.9819615483283997
0.9995,0.21578151986183075,0.9819745421409607
0.9994997498749375,0.21567357512953367,0.981979489326477
0.9994994994994995,0.2155656303972366,0.9820020198822021
0.99949924887331,0.21545768566493956,0.982002854347229
0.999498997995992,0.21534974093264247,0.9820215702056885
0.9994987468671679,0.21524179620034542,0.9820298552513123
1.0,0.21524179620034542,0.982032835483551
1.0,0.21513385146804836,0.9820912480354309
1.0,0.21502590673575128,0.9821082353591919
1.0,0.21491796200345423,0.9821330904960632
1.0,0.21481001727115717,0.982181191444397
1.0,0.21470207253886012,0.9821985363960266
1.0,0.21459412780656303,0.9822115302085876
1.0,0.21448618307426598,0.9822147488594055
1.0,0.21437823834196892,0.9822219014167786
1.0,0.21427029360967184,0.9822240471839905
1.0,0.2141623488773748,0.9822351932525635
1.0,0.21405440414507773,0.9822421073913574
1.0,0.21394645941278065,0.9822607636451721
1.0,0.2138385146804836,0.9822725057601929
1.0,0.21373056994818654,0.9822739958763123
1.0,0.21362262521588946,0.982275128364563
1.0,0.2135146804835924,0.9822758436203003
1.0,0.21340673575129535,0.9822799563407898
1.0,0.21329879101899826,0.9822942018508911
1.0,0.2131908462867012,0.9823231101036072
1.0,0.21308290155440415,0.982328474521637
1.0,0.21297495682210707,0.9823291897773743
1.0,0.21286701208981001,0.9823629260063171
1.0,0.21275906735751296,0.98236483335495
1.0,0.21265112262521588,0.9823697805404663
1.0,0.21254317789291882,0.982384979724884
1.0,0.21243523316062177,0.9823890328407288
1.0,0.21232728842832468,0.9824288487434387
1.0,0.21221934369602763,0.9824309945106506
1.0,0.21211139896373057,0.9824349284172058
1.0,0.21200345423143352,0.9824459552764893
1.0,0.21189550949913644,0.982475996017456
1.0,0.21178756476683938,0.9824804663658142
1.0,0.21167962003454233,0.9825111031532288
1.0,0.21157167530224524,0.9825199842453003
1.0,0.2114637305699482,0.9825299382209778
1.0,0.21135578583765113,0.9825310111045837
1.0,0.21124784110535405,0.9825701117515564
1.0,0.211139896373057,0.9825782179832458
1.0,0.21103195164075994,0.9825965762138367
1.0,0.21092400690846286,0.982611894607544
1.0,0.2108160621761658,0.9826123714447021
1.0,0.21070811744386875,0.9826133847236633
1.0,0.21060017271157166,0.9826199412345886
1.0,0.2104922279792746,0.9826250076293945
1.0,0.21038428324697755,0.9826364517211914
1.0,0.21027633851468047,0.982637345790863
1.0,0.21016839378238342,0.9826437830924988
1.0,0.21006044905008636,0.9826441407203674
1.0,0.20995250431778928,0.98265540599823
1.0,0.20984455958549222,0.9826854467391968
1.0,0.20973661485319517,0.9826979041099548
1.0,0.20962867012089811,0.9827017188072205
1.0,0.20952072538860103,0.9827255010604858
1.0,0.20941278065630398,0.9827311635017395
1.0,0.20930483592400692,0.9827325344085693
1.0,0.20919689119170984,0.9827536344528198
1.0,0.20908894645941278,0.9827653765678406
1.0,0.20898100172711573,0.9827720522880554
1.0,0.20887305699481865,0.9827725291252136
1.0,0.2087651122625216,0.982772946357727
1.0,0.20865716753022454,0.9827737808227539
1.0,0.20854922279792745,0.9828014969825745
1.0,0.2084412780656304,0.9828196167945862
1.0,0.20833333333333334,0.9828290343284607
1.0,0.20822538860103626,0.9828313589096069
1.0,0.2081174438687392,0.982832133769989
1.0,0.20800949913644215,0.9828439950942993
1.0,0.20790155440414507,0.9828526377677917
1.0,0.207793609671848,0.982864499092102
1.0,0.20768566493955096,0.9828784465789795
1.0,0.20757772020725387,0.9828858375549316
1.0,0.20746977547495682,0.9828899502754211
1.0,0.20736183074265976,0.9829112887382507
1.0,0.20725388601036268,0.9829208254814148
1.0,0.20714594127806563,0.9829249382019043
1.0,0.20703799654576857,0.9829314351081848
1.0,0.20693005181347152,0.9829318523406982
1.0,0.20682210708117443,0.9829407334327698
1.0,0.20671416234887738,0.9829480051994324
1.0,0.20660621761658032,0.9829632043838501
1.0,0.20649827288428324,0.9829725623130798
1.0,0.20639032815198619,0.9829769134521484
1.0,0.20628238341968913,0.9829840660095215
1.0,0.206066493955095,0.9829939603805542
1.0,0.20595854922279794,0.9830070734024048
1.0,0.20585060449050085,0.9830214977264404
1.0,0.2057426597582038,0.9830294251441956
1.0,0.20563471502590674,0.9830321073532104
1.0,0.20552677029360966,0.9830443263053894
1.0,0.2054188255613126,0.9830460548400879
1.0,0.20531088082901555,0.9830641150474548
1.0,0.20520293609671847,0.9830710291862488
1.0,0.20509499136442141,0.9830780625343323
1.0,0.20498704663212436,0.9830799102783203
1.0,0.20487910189982728,0.9830817580223083
1.0,0.20477115716753022,0.983091413974762
1.0,0.20466321243523317,0.9830929040908813
1.0,0.20455526770293608,0.9830971956253052
1.0,0.20444732297063903,0.9831036329269409
1.0,0.20433937823834197,0.983119547367096
1.0,0.20423143350604492,0.9831228852272034
1.0,0.20412348877374784,0.9831244945526123
1.0,0.20401554404145078,0.9831446409225464
1.0,0.20390759930915373,0.9831557273864746
1.0,0.20379965457685664,0.9831646084785461
1.0,0.2036917098445596,0.9831838011741638
1.0,0.20358376511226253,0.9831919074058533
1.0,0.20347582037996545,0.9832104444503784
1.0,0.2033678756476684,0.9832202196121216
1.0,0.20325993091537134,0.9832289814949036
1.0,0.20315198618307426,0.983259916305542
1.0,0.2030440414507772,0.9832649827003479
1.0,0.20293609671848015,0.98326575756073
1.0,0.20282815198618306,0.9832863807678223
1.0,0.202720207253886,0.9832873344421387
1.0,0.20261226252158895,0.9832882285118103
1.0,0.20250431778929187,0.9832990765571594
1.0,0.20239637305699482,0.9833117723464966
1.0,0.20228842832469776,0.9833127856254578
1.0,0.20218048359240068,0.9833242297172546
1.0,0.20207253886010362,0.9833283424377441
1.0,0.20196459412780657,0.9833359718322754
1.0,0.20185664939550949,0.9833419322967529
1.0,0.20174870466321243,0.9833433628082275
1.0,0.20164075993091538,0.983352541923523
1.0,0.20153281519861832,0.9833549857139587
1.0,0.20142487046632124,0.9833561182022095
1.0,0.20131692573402418,0.9833751320838928
1.0,0.20120898100172713,0.9834453463554382
1.0,0.20110103626943004,0.9834620952606201
1.0,0.200993091537133,0.9834627509117126
1.0,0.20088514680483593,0.9834648370742798
1.0,0.20077720207253885,0.9834694862365723
1.0,0.2006692573402418,0.9834956526756287
1.0,0.20056131260794474,0.9834996461868286
1.0,0.20045336787564766,0.9835069179534912
1.0,0.2003454231433506,0.9835073947906494
1.0,0.20023747841105355,0.9835282564163208
1.0,0.20012953367875647,0.9835469722747803
1.0,0.2000215889464594,0.9835672378540039
1.0,0.19991364421416236,0.9835703372955322
1.0,0.19980569948186527,0.9835725426673889
1.0,0.19969775474956822,0.983572781085968
1.0,0.19958981001727116,0.9835831522941589
1.0,0.19948186528497408,0.9835835099220276
1.0,0.19937392055267703,0.9835837483406067
1.0,0.19926597582037997,0.983616828918457
1.0,0.19915803108808292,0.9836267828941345
1.0,0.19905008635578583,0.9836402535438538
1.0,0.19894214162348878,0.983649492263794
1.0,0.19883419689119172,0.9836565256118774
1.0,0.19872625215889464,0.9836762547492981
1.0,0.19861830742659758,0.9836772680282593
1.0,0.19851036269430053,0.9836912155151367
1.0,0.19840241796200345,0.9836987257003784
1.0,0.1982944732297064,0.9837015867233276
1.0,0.19818652849740934,0.9837020635604858
1.0,0.19807858376511225,0.9837114214897156
1.0,0.1979706390328152,0.9837163686752319
1.0,0.19786269430051814,0.983730137348175
1.0,0.19775474956822106,0.9837310314178467
1.0,0.197646804835924,0.9837374687194824
1.0,0.19753886010362695,0.983746349811554
1.0,0.19743091537132987,0.9837647080421448
1.0,0.1973229706390328,0.9837689995765686
1.0,0.19721502590673576,0.9837836623191833
1.0,0.19710708117443868,0.9837868809700012
1.0,0.19699913644214162,0.9837911128997803
1.0,0.19689119170984457,0.9838032722473145
1.0,0.19678324697754748,0.9838047623634338
1.0,0.19667530224525043,0.9838076233863831
1.0,0.19656735751295337,0.9838352203369141
1.0,0.19645941278065632,0.9838361144065857
1.0,0.19635146804835923,0.983845591545105
1.0,0.19624352331606218,0.9838475584983826
1.0,0.19613557858376512,0.9838501214981079
1.0,0.19602763385146804,0.9838567972183228
1.0,0.195919689119171,0.9838623404502869
1.0,0.19581174438687393,0.9838737845420837
1.0,0.19570379965457685,0.9839001893997192
1.0,0.1955958549222798,0.9839059710502625
1.0,0.19537996545768566,0.9839065074920654
1.0,0.1952720207253886,0.9839075803756714
1.0,0.19516407599309155,0.9839155077934265
1.0,0.19505613126079446,0.9839245080947876
1.0,0.1949481865284974,0.9839361906051636
1.0,0.19484024179620035,0.9839437007904053
1.0,0.19473229706390327,0.9839597344398499
1.0,0.19462435233160622,0.9839598536491394
1.0,0.19451640759930916,0.9839624166488647
1.0,0.19440846286701208,0.9839656352996826
1.0,0.19430051813471502,0.9839941263198853
1.0,0.19419257340241797,0.9840012788772583
1.0,0.19408462867012088,0.9840021133422852
1.0,0.19397668393782383,0.9840050935745239
1.0,0.19386873920552677,0.9840092658996582
1.0,0.19376079447322972,0.9840143322944641
1.0,0.19365284974093264,0.98403000831604
1.0,0.19354490500863558,0.9840536713600159
1.0,0.19343696027633853,0.9840785264968872
1.0,0.19332901554404144,0.9840791821479797
1.0,0.1932210708117444,0.9840809106826782
1.0,0.19311312607944733,0.9840811491012573
1.0,0.19300518134715025,0.984114408493042
1.0,0.1928972366148532,0.9841318726539612
1.0,0.19278929188255614,0.9841327667236328
1.0,0.19268134715025906,0.98415207862854
1.0,0.192573402417962,0.9841548204421997
1.0,0.19246545768566495,0.984188973903656
1.0,0.19235751295336787,0.984200656414032
1.0,0.1922495682210708,0.9842065572738647
1.0,0.19214162348877376,0.9842163920402527
1.0,0.19203367875647667,0.9842223525047302
1.0,0.19192573402417962,0.9842267632484436
1.0,0.19181778929188256,0.9842356443405151
1.0,0.19170984455958548,0.9842538833618164
1.0,0.19160189982728842,0.9842823147773743
1.0,0.19149395509499137,0.9842956066131592
1.0,0.19138601036269431,0.984306812286377
1.0,0.19127806563039723,0.9843119978904724
1.0,0.19117012089810018,0.9843132495880127
1.0,0.19106217616580312,0.9843137264251709
1.0,0.19095423143350604,0.9843467473983765
1.0,0.19084628670120898,0.9843544960021973
1.0,0.19073834196891193,0.9843616485595703
1.0,0.19063039723661485,0.9843646883964539
1.0,0.1905224525043178,0.9843653440475464
1.0,0.19041450777202074,0.9843711256980896
1.0,0.19030656303972365,0.9843777418136597
1.0,0.1901986183074266,0.984380841255188
1.0,0.19009067357512954,0.9843810796737671
1.0,0.18998272884283246,0.9843832850456238
1.0,0.1898747841105354,0.9844167828559875
1.0,0.18976683937823835,0.9844372272491455
1.0,0.18965889464594127,0.9844394326210022
1.0,0.1895509499136442,0.9844415783882141
1.0,0.18944300518134716,0.9844629764556885
1.0,0.18933506044905007,0.9844651818275452
1.0,0.18922711571675302,0.9844696521759033
1.0,0.18911917098445596,0.984473466873169
1.0,0.18901122625215888,0.9844768643379211
1.0,0.18890328151986183,0.9844772815704346
1.0,0.18879533678756477,0.9844779968261719
1.0,0.18868739205526772,0.984478771686554
1.0,0.18857944732297063,0.9844987988471985
1.0,0.18847150259067358,0.9845148324966431
1.0,0.18836355785837652,0.9845204949378967
1.0,0.18825561312607944,0.9845252633094788
1.0,0.18814766839378239,0.9845273494720459
1.0,0.18803972366148533,0.9845350980758667
1.0,0.18793177892918825,0.9845380783081055
1.0,0.1878238341968912,0.984539806842804
1.0,0.18771588946459414,0.9845506548881531
1.0,0.18760794473229706,0.9845527410507202
1.0,0.1875,0.9845743775367737
1.0,0.18739205526770294,0.9845923781394958
1.0,0.18728411053540586,0.9845941066741943
1.0,0.1871761658031088,0.9845985174179077
1.0,0.18706822107081175,0.9846083521842957
1.0,0.18696027633851467,0.9846087694168091
1.0,0.18685233160621761,0.9846136569976807
1.0,0.18674438687392056,0.9846147894859314
1.0,0.18663644214162348,0.9846263527870178
1.0,0.18652849740932642,0.9846328496932983
1.0,0.18642055267702937,0.9846348166465759
1.0,0.18631260794473228,0.9846442937850952
1.0,0.18620466321243523,0.9846578240394592
1.0,0.18609671848013817,0.984688401222229
1.0,0.18598877374784112,0.9846994280815125
1.0,0.18588082901554404,0.9846998453140259
1.0,0.18577288428324698,0.9847038984298706
1.0,0.18566493955094993,0.9847042560577393
1.0,0.18555699481865284,0.9847181439399719
1.0,0.1854490500863558,0.9847232103347778
1.0,0.18534110535405873,0.9847322106361389
1.0,0.18523316062176165,0.9847393035888672
1.0,0.1851252158894646,0.984751284122467
1.0,0.18501727115716754,0.9847586154937744
1.0,0.18490932642487046,0.984761118888855
1.0,0.1848013816925734,0.9847664833068848
1.0,0.18469343696027635,0.9847791790962219
1.0,0.18458549222797926,0.9847860932350159
1.0,0.1844775474956822,0.98479163646698
1.0,0.18436960276338515,0.9847923517227173
1.0,0.18426165803108807,0.984793484210968
1.0,0.18415371329879102,0.9847967624664307
1.0,0.18404576856649396,0.9847989678382874
1.0,0.18393782383419688,0.9848029613494873
1.0,0.18382987910189982,0.9848042726516724
1.0,0.18372193436960277,0.9848065972328186
1.0,0.18361398963730569,0.9848078489303589
1.0,0.18350604490500863,0.9848141074180603
1.0,0.18339810017271158,0.9848150014877319
1.0,0.18329015544041452,0.9848183393478394
1.0,0.18318221070811744,0.9848198890686035
1.0,0.18307426597582038,0.9848203063011169
1.0,0.18296632124352333,0.9848398566246033
1.0,0.18285837651122624,0.9848437905311584
1.0,0.1827504317789292,0.984857439994812
1.0,0.18264248704663213,0.9848628640174866
1.0,0.18253454231433505,0.9848633408546448
1.0,0.182426597582038,0.9848636984825134
1.0,0.18231865284974094,0.9848654270172119
1.0,0.18221070811744386,0.9848667979240417
1.0,0.1821027633851468,0.9849005937576294
1.0,0.18199481865284975,0.9849073886871338
1.0,0.18188687392055267,0.9849089980125427
1.0,0.1817789291882556,0.9849107265472412
1.0,0.18167098445595856,0.9849116802215576
1.0,0.18156303972366147,0.9849129319190979
1.0,0.18145509499136442,0.9849216341972351
1.0,0.18134715025906736,0.984929621219635
1.0,0.18123920552677028,0.9849403500556946
1.0,0.18113126079447323,0.9849746823310852
1.0,0.18102331606217617,0.9849792122840881
1.0,0.18091537132987912,0.9849960803985596
1.0,0.18080742659758203,0.9850055575370789
1.0,0.18069948186528498,0.9850115776062012
1.0,0.18059153713298792,0.9850174784660339
1.0,0.18048359240069084,0.9850322008132935
1.0,0.18037564766839378,0.9850414395332336
1.0,0.18026770293609673,0.9850602746009827
1.0,0.18015975820379965,0.9850612282752991
1.0,0.1800518134715026,0.9850804209709167
1.0,0.17994386873920554,0.985081672668457
1.0,0.17983592400690845,0.9850819110870361
1.0,0.1797279792746114,0.9850820302963257
1.0,0.17962003454231434,0.9851144552230835
1.0,0.17951208981001726,0.9851197600364685
1.0,0.1794041450777202,0.9851308465003967
1.0,0.17929620034542315,0.9851357340812683
1.0,0.17918825561312607,0.9851537942886353
1.0,0.17886442141623488,0.9851559400558472
1.0,0.17875647668393782,0.9851889610290527
1.0,0.17864853195164077,0.9851953983306885
1.0,0.17854058721934368,0.9851995706558228
1.0,0.17843264248704663,0.9852226376533508
1.0,0.17832469775474957,0.9852237701416016
1.0,0.17821675302245252,0.9852374196052551
1.0,0.17810880829015543,0.9852522611618042
1.0,0.17800086355785838,0.9852670431137085
1.0,0.17789291882556132,0.9852761626243591
1.0,0.17778497409326424,0.9852824211120605
1.0,0.1776770293609672,0.9852880239486694
1.0,0.17756908462867013,0.9852954149246216
1.0,0.17746113989637305,0.9853048920631409
1.0,0.177353195164076,0.985323965549469
1.0,0.17724525043177894,0.9853248000144958
1.0,0.17713730569948186,0.9853283762931824
1.0,0.1770293609671848,0.9853324294090271
1.0,0.17692141623488775,0.985342264175415
1.0,0.17681347150259066,0.9853459596633911
1.0,0.1767055267702936,0.9853482842445374
1.0,0.17659758203799655,0.9853513240814209
1.0,0.17648963730569947,0.985358715057373
1.0,0.17638169257340242,0.9853680729866028
1.0,0.17627374784110536,0.9853754043579102
1.0,0.17616580310880828,0.9853842854499817
1.0,0.17605785837651122,0.9853876233100891
1.0,0.17594991364421417,0.9854072332382202
1.0,0.17584196891191708,0.9854104518890381
1.0,0.17573402417962003,0.9854105710983276
1.0,0.17562607944732297,0.9854211211204529
1.0,0.17551813471502592,0.9854297637939453
1.0,0.17541018998272884,0.9854300022125244
1.0,0.17530224525043178,0.985450029373169
1.0,0.17519430051813473,0.9854501485824585
1.0,0.17508635578583764,0.9854583740234375
1.0,0.1749784110535406,0.9854627847671509
1.0,0.17487046632124353,0.9854633808135986
1.0,0.17476252158894645,0.9854688048362732
1.0,0.1746545768566494,0.9854907989501953
1.0,0.17454663212435234,0.9854915738105774
1.0,0.17443868739205526,0.9854934811592102
1.0,0.1743307426597582,0.9854966998100281
1.0,0.17422279792746115,0.9854984283447266
1.0,0.17411485319516407,0.9855029582977295
1.0,0.174006908462867,0.9855052828788757
1.0,0.17389896373056996,0.9855054020881653
1.0,0.17379101899827287,0.9855066537857056
1.0,0.17368307426597582,0.9855068922042847
1.0,0.17357512953367876,0.9855107069015503
1.0,0.17346718480138168,0.9855125546455383
1.0,0.17335924006908462,0.9855168461799622
1.0,0.17325129533678757,0.9855217933654785
1.0,0.17314335060449051,0.985526442527771
1.0,0.17303540587219343,0.9855363965034485
1.0,0.17292746113989638,0.9855366349220276
1.0,0.17281951640759932,0.9855372309684753
1.0,0.17271157167530224,0.9855378270149231
1.0,0.17260362694300518,0.9855382442474365
1.0,0.17249568221070813,0.9855459928512573
1.0,0.172279792746114,0.9855569005012512
1.0,0.17217184801381694,0.9855603575706482
1.0,0.17206390328151985,0.9855629205703735
1.0,0.1719559585492228,0.9855704307556152
1.0,0.17184801381692574,0.9855746030807495
1.0,0.17174006908462866,0.9855799674987793
1.0,0.1716321243523316,0.9855915307998657
1.0,0.17152417962003455,0.9855931401252747
1.0,0.17141623488773747,0.9855954647064209
1.0,0.1713082901554404,0.9856005311012268
1.0,0.17120034542314336,0.9856066703796387
1.0,0.17109240069084627,0.985612690448761
1.0,0.17098445595854922,0.9856164455413818
1.0,0.17087651122625216,0.985621988773346
1.0,0.17076856649395508,0.9856328964233398
1.0,0.17066062176165803,0.9856475591659546
1.0,0.17055267702936097,0.9856505990028381
1.0,0.17044473229706392,0.985666811466217
1.0,0.17033678756476683,0.9856670498847961
1.0,0.17022884283246978,0.985668420791626
1.0,0.17012089810017272,0.9856699109077454
1.0,0.17001295336787564,0.9856724739074707
1.0,0.16990500863557859,0.9856793284416199
1.0,0.16979706390328153,0.9856812953948975
1.0,0.16968911917098445,0.9856852293014526
1.0,0.1695811744386874,0.9857104420661926
1.0,0.16947322970639034,0.9857107996940613
1.0,0.16936528497409326,0.9857152104377747
1.0,0.1692573402417962,0.9857182502746582
1.0,0.16914939550949915,0.9857272505760193
1.0,0.16904145077720206,0.9857276082038879
1.0,0.168933506044905,0.9857450723648071
1.0,0.16882556131260795,0.9857466220855713
1.0,0.16871761658031087,0.9857540130615234
1.0,0.16860967184801381,0.9857591390609741
1.0,0.16850172711571676,0.9857602715492249
1.0,0.16839378238341968,0.9857644438743591
1.0,0.16828583765112262,0.9857650399208069
1.0,0.16817789291882557,0.9857818484306335
1.0,0.16806994818652848,0.9857844710350037
1.0,0.16796200345423143,0.9858022332191467
1.0,0.16785405872193437,0.985802412033081
1.0,0.16774611398963732,0.9858039617538452
1.0,0.16763816925734024,0.9858128428459167
1.0,0.16753022452504318,0.9858183264732361
1.0,0.16742227979274613,0.985819935798645
1.0,0.16731433506044904,0.9858214259147644
1.0,0.167206390328152,0.9858238697052002
1.0,0.16709844559585493,0.985836386680603
1.0,0.16699050086355785,0.9858387112617493
1.0,0.1668825561312608,0.985841691493988
1.0,0.16677461139896374,0.9858503937721252
1.0,0.16666666666666666,0.9858611822128296
1.0,0.16645077720207255,0.9858749508857727
1.0,0.16634283246977546,0.9858850240707397
1.0,0.1662348877374784,0.9858859777450562
1.0,0.16612694300518135,0.9859024286270142
1.0,0.16601899827288427,0.9859204888343811
1.0,0.16591105354058722,0.9859326481819153
1.0,0.16580310880829016,0.9859372973442078
1.0,0.16569516407599308,0.9859390258789062
1.0,0.16558721934369602,0.9859434366226196
1.0,0.16547927461139897,0.9859476089477539
1.0,0.16537132987910189,0.9859703183174133
1.0,0.16526338514680483,0.9859857559204102
1.0,0.16515544041450778,0.9860085844993591
1.0,0.16504749568221072,0.9860146045684814
1.0,0.16493955094991364,0.9860154390335083
1.0,0.16483160621761658,0.9860160946846008
1.0,0.16472366148531953,0.9860273599624634
1.0,0.16461571675302245,0.9860353469848633
1.0,0.1645077720207254,0.9860369563102722
1.0,0.16439982728842834,0.9860407114028931
1.0,0.16429188255613125,0.9860438108444214
1.0,0.1641839378238342,0.9860445261001587
1.0,0.16407599309153714,0.9860446453094482
1.0,0.16396804835924006,0.986055850982666
1.0,0.163860103626943,0.9860646724700928
1.0,0.16375215889464595,0.9860656261444092
1.0,0.16364421416234887,0.9860695600509644
1.0,0.1635362694300518,0.9860712885856628
1.0,0.16342832469775476,0.9860732555389404
1.0,0.16332037996545767,0.9860804677009583
1.0,0.16321243523316062,0.9860856533050537
1.0,0.16310449050086356,0.9860917925834656
1.0,0.16299654576856648,0.9860934019088745
1.0,0.16288860103626943,0.9860973358154297
1.0,0.16278065630397237,0.9861003756523132
1.0,0.16267271157167532,0.9861017465591431
1.0,0.16256476683937823,0.9861039519309998
1.0,0.16245682210708118,0.9861069917678833
1.0,0.16234887737478412,0.9861096739768982
1.0,0.16224093264248704,0.9861132502555847
1.0,0.16213298791018999,0.9861178994178772
1.0,0.16202504317789293,0.9861212372779846
1.0,0.16191709844559585,0.9861236810684204
1.0,0.1618091537132988,0.9861397743225098
1.0,0.16170120898100174,0.9861460328102112
1.0,0.1614853195164076,0.9861519932746887
1.0,0.16137737478411054,0.986152172088623
1.0,0.16126943005181346,0.986158013343811
1.0,0.1611614853195164,0.9861606359481812
1.0,0.16105354058721935,0.9861648082733154
1.0,0.16094559585492227,0.9861807227134705
1.0,0.1608376511226252,0.9861851334571838
1.0,0.16072970639032816,0.9861866235733032
1.0,0.16062176165803108,0.9861885905265808
1.0,0.16051381692573402,0.9861931204795837
1.0,0.16040587219343697,0.9861965775489807
1.0,0.16029792746113988,0.9862015843391418
1.0,0.16018998272884283,0.9862020611763
1.0,0.16008203799654577,0.9862063527107239
1.0,0.15997409326424872,0.9862124919891357
1.0,0.15986614853195164,0.9862132668495178
1.0,0.15975820379965458,0.9862188696861267
1.0,0.15965025906735753,0.986220121383667
1.0,0.15954231433506044,0.9862276911735535
1.0,0.1594343696027634,0.9862279295921326
1.0,0.15932642487046633,0.9862315058708191
1.0,0.15921848013816925,0.9862480759620667
1.0,0.1591105354058722,0.9862735867500305
1.0,0.15900259067357514,0.986277163028717
1.0,0.15889464594127806,0.9862775206565857
1.0,0.158786701208981,0.9862872958183289
1.0,0.15867875647668395,0.9863150119781494
1.0,0.15857081174438686,0.9863170981407166
1.0,0.1584628670120898,0.9863227605819702
1.0,0.15835492227979275,0.9863274097442627
1.0,0.15824697754749567,0.9863296151161194
1.0,0.15813903281519862,0.9863395690917969
1.0,0.15803108808290156,0.9863428473472595
1.0,0.15792314335060448,0.9863452315330505
1.0,0.15781519861830742,0.9863472580909729
1.0,0.15770725388601037,0.9863473176956177
1.0,0.15759930915371329,0.986358106136322
1.0,0.15749136442141623,0.9863609075546265
1.0,0.15738341968911918,0.9863708019256592
1.0,0.15727547495682212,0.9863709807395935
1.0,0.15716753022452504,0.9863770604133606
1.0,0.15705958549222798,0.9863799214363098
1.0,0.15695164075993093,0.9863879680633545
1.0,0.15684369602763384,0.9863953590393066
1.0,0.1567357512953368,0.9863986372947693
1.0,0.15662780656303973,0.9864084720611572
1.0,0.15651986183074265,0.9864185452461243
1.0,0.1564119170984456,0.9864296913146973
1.0,0.15630397236614854,0.9864304065704346
1.0,0.15619602763385146,0.9864383935928345
1.0,0.1560880829015544,0.9864415526390076
1.0,0.15598013816925735,0.986449658870697
1.0,0.15587219343696027,0.986454963684082
1.0,0.1557642487046632,0.9864669442176819
1.0,0.15565630397236616,0.9864698052406311
1.0,0.15554835924006907,0.9864704012870789
1.0,0.15544041450777202,0.9864740967750549
1.0,0.15533246977547496,0.9864793419837952
1.0,0.15522452504317788,0.9864822626113892
1.0,0.15511658031088082,0.9864885210990906
1.0,0.15500863557858377,0.9864897727966309
1.0,0.15490069084628671,0.9864928126335144
1.0,0.15479274611398963,0.9864931702613831
1.0,0.15468480138169258,0.9864971041679382
1.0,0.15457685664939552,0.9865134358406067
1.0,0.15446891191709844,0.9865154027938843
1.0,0.15436096718480138,0.9865162372589111
1.0,0.15425302245250433,0.9865220189094543
1.0,0.15414507772020725,0.9865228533744812
1.0,0.1540371329879102,0.9865265488624573
1.0,0.15392918825561314,0.9865295886993408
1.0,0.15382124352331605,0.9865348935127258
1.0,0.153713298791019,0.9865444302558899
1.0,0.15360535405872194,0.9865461587905884
1.0,0.15349740932642486,0.9865527749061584
1.0,0.1533894645941278,0.9865570664405823
1.0,0.15328151986183075,0.9865607619285583
1.0,0.15317357512953367,0.9865639209747314
1.0,0.1530656303972366,0.9865689277648926
1.0,0.15295768566493956,0.9865807294845581
1.0,0.15284974093264247,0.9865816831588745
1.0,0.15274179620034542,0.9865820407867432
1.0,0.15263385146804836,0.9865831732749939
1.0,0.15252590673575128,0.9865882992744446
1.0,0.15241796200345423,0.9866012930870056
1.0,0.15231001727115717,0.9866069555282593
1.0,0.15220207253886012,0.9866231083869934
1.0,0.15209412780656303,0.986628532409668
1.0,0.15198618307426598,0.9866288900375366
1.0,0.15177029360967184,0.9866303205490112
1.0,0.1516623488773748,0.9866307377815247
1.0,0.15155440414507773,0.9866434335708618
1.0,0.15144645941278065,0.9866522550582886
1.0,0.1513385146804836,0.986653745174408
1.0,0.15123056994818654,0.9866565465927124
1.0,0.15112262521588946,0.9866579174995422
1.0,0.1510146804835924,0.9866610169410706
1.0,0.15090673575129535,0.9866652488708496
1.0,0.15079879101899826,0.9866690635681152
1.0,0.15058290155440415,0.9866691827774048
1.0,0.15047495682210707,0.9866722822189331
1.0,0.15036701208981001,0.9866743683815002
1.0,0.15025906735751296,0.9866780042648315
1.0,0.15015112262521588,0.9866793751716614
1.0,0.15004317789291882,0.9866819381713867
1.0,0.14993523316062177,0.9866827726364136
1.0,0.14982728842832468,0.9866873025894165
1.0,0.14971934369602763,0.9866878390312195
1.0,0.14961139896373057,0.9866889119148254
1.0,0.14950345423143352,0.9866946935653687
1.0,0.14939550949913644,0.9867048859596252
1.0,0.14928756476683938,0.9867135286331177
1.0,0.14917962003454233,0.986717939376831
1.0,0.14907167530224524,0.9867185950279236
1.0,0.1489637305699482,0.9867190718650818
1.0,0.14885578583765113,0.9867201447486877
1.0,0.14874784110535405,0.9867211580276489
1.0,0.148639896373057,0.9867241978645325
1.0,0.14853195164075994,0.9867271780967712
1.0,0.14842400690846286,0.9867304563522339
1.0,0.1483160621761658,0.986732542514801
1.0,0.14810017271157166,0.9867327809333801
1.0,0.1479922279792746,0.9867358803749084
1.0,0.14788428324697755,0.9867395162582397
1.0,0.14777633851468047,0.986742377281189
1.0,0.14766839378238342,0.9867534041404724
1.0,0.14756044905008636,0.9867681860923767
1.0,0.14745250431778928,0.9867933392524719
1.0,0.14734455958549222,0.9867975115776062
1.0,0.14723661485319517,0.986802875995636
1.0,0.14712867012089811,0.9868112206459045
1.0,0.14702072538860103,0.9868150949478149
1.0,0.14691278065630398,0.9868214726448059
1.0,0.14680483592400692,0.986825168132782
1.0,0.14669689119170984,0.9868345856666565
1.0,0.14658894645941278,0.9868366718292236
1.0,0.14648100172711573,0.9868452548980713
1.0,0.14637305699481865,0.9868473410606384
1.0,0.1462651122625216,0.9868510365486145
1.0,0.14615716753022454,0.9868537187576294
1.0,0.14604922279792745,0.9868614077568054
1.0,0.1459412780656304,0.9868653416633606
1.0,0.14583333333333334,0.986866295337677
1.0,0.14572538860103626,0.9868680238723755
1.0,0.1456174438687392,0.9868740439414978
1.0,0.14550949913644215,0.9868762493133545
1.0,0.14540155440414507,0.9868776202201843
1.0,0.145293609671848,0.9868810176849365
1.0,0.14518566493955096,0.9868828654289246
1.0,0.14507772020725387,0.9868864417076111
1.0,0.14496977547495682,0.9868898391723633
1.0,0.14486183074265976,0.9868937730789185
1.0,0.14475388601036268,0.9868941307067871
1.0,0.14464594127806563,0.9868942499160767
1.0,0.14453799654576857,0.9869104027748108
1.0,0.14443005181347152,0.9869110584259033
1.0,0.14432210708117443,0.9869199991226196
1.0,0.14421416234887738,0.9869276881217957
1.0,0.14410621761658032,0.9869373440742493
1.0,0.14399827288428324,0.9869415163993835
1.0,0.14389032815198619,0.9869605302810669
1.0,0.14378238341968913,0.9869664907455444
1.0,0.14367443868739205,0.9869749546051025
1.0,0.143566493955095,0.9869753122329712
1.0,0.14345854922279794,0.9869806170463562
1.0,0.14335060449050085,0.9869813323020935
1.0,0.1432426597582038,0.986984133720398
1.0,0.14313471502590674,0.9869931936264038
1.0,0.14302677029360966,0.9869950413703918
1.0,0.1429188255613126,0.9870004057884216
1.0,0.14281088082901555,0.9870042204856873
1.0,0.14270293609671847,0.9870065450668335
1.0,0.14259499136442141,0.9870108366012573
1.0,0.14248704663212436,0.987027108669281
1.0,0.14237910189982728,0.987030565738678
1.0,0.14227115716753022,0.9870321750640869
1.0,0.14216321243523317,0.9870392680168152
1.0,0.14194732297063903,0.9870440363883972
1.0,0.14183937823834197,0.9870516061782837
1.0,0.14173143350604492,0.9870532155036926
1.0,0.14162348877374784,0.9870545268058777
1.0,0.14151554404145078,0.9870577454566956
1.0,0.14140759930915373,0.9870593547821045
1.0,0.14129965457685664,0.987064003944397
1.0,0.1411917098445596,0.9870671629905701
1.0,0.14108376511226253,0.9870672821998596
1.0,0.14097582037996545,0.9870887398719788
1.0,0.1408678756476684,0.9870909452438354
1.0,0.14075993091537134,0.9870911836624146
1.0,0.14065198618307426,0.9870926141738892
1.0,0.1405440414507772,0.9870961904525757
1.0,0.14043609671848015,0.9870997071266174
1.0,0.14032815198618306,0.987102210521698
1.0,0.140220207253886,0.9871034026145935
1.0,0.14011226252158895,0.9871070981025696
1.0,0.14000431778929187,0.9871095418930054
1.0,0.13989637305699482,0.9871309399604797
1.0,0.13978842832469776,0.9871396422386169
1.0,0.13968048359240068,0.98714280128479
1.0,0.13957253886010362,0.9871488213539124
1.0,0.13946459412780657,0.9871523976325989
1.0,0.13935664939550949,0.9871541857719421
1.0,0.13924870466321243,0.9871625304222107
1.0,0.13914075993091538,0.987170398235321
1.0,0.13903281519861832,0.9871765971183777
1.0,0.13892487046632124,0.987179696559906
1.0,0.13881692573402418,0.987188994884491
1.0,0.13870898100172713,0.9871949553489685
1.0,0.13860103626943004,0.9871990084648132
1.0,0.138493091537133,0.9872031807899475
1.0,0.13838514680483593,0.9872032999992371
1.0,0.13827720207253885,0.9872229099273682
1.0,0.1381692573402418,0.9872311949729919
1.0,0.13806131260794474,0.9872386455535889
1.0,0.13795336787564766,0.9872393012046814
1.0,0.1378454231433506,0.9872400164604187
1.0,0.13773747841105355,0.9872596263885498
1.0,0.13762953367875647,0.9872654676437378
1.0,0.1375215889464594,0.9872696399688721
1.0,0.13741364421416236,0.9872718453407288
1.0,0.13730569948186527,0.9872725605964661
1.0,0.13719775474956822,0.9872748851776123
1.0,0.13708981001727116,0.9872798919677734
1.0,0.13698186528497408,0.98728346824646
1.0,0.13687392055267703,0.9872838258743286
1.0,0.13676597582037997,0.9872843027114868
1.0,0.13665803108808292,0.9872974157333374
1.0,0.13655008635578583,0.987311840057373
1.0,0.13644214162348878,0.9873145222663879
1.0,0.13633419689119172,0.9873166084289551
1.0,0.13622625215889464,0.9873194694519043
1.0,0.13611830742659758,0.9873210191726685
1.0,0.13601036269430053,0.9873219132423401
1.0,0.13590241796200345,0.9873220324516296
1.0,0.1357944732297064,0.9873232245445251
1.0,0.13568652849740934,0.9873263239860535
1.0,0.13557858376511225,0.987332284450531
1.0,0.1354706390328152,0.9873427152633667
1.0,0.13536269430051814,0.9873436689376831
1.0,0.13525474956822106,0.9873512387275696
1.0,0.135146804835924,0.9873518943786621
1.0,0.13503886010362695,0.987360417842865
1.0,0.13493091537132987,0.9873606562614441
1.0,0.1348229706390328,0.9873658418655396
1.0,0.13471502590673576,0.9873709678649902
1.0,0.13460708117443868,0.9873752593994141
1.0,0.13449913644214162,0.9873817563056946
1.0,0.13439119170984457,0.9873836636543274
1.0,0.13428324697754748,0.9873864054679871
1.0,0.13417530224525043,0.987390398979187
1.0,0.13406735751295337,0.9873915314674377
1.0,0.13395941278065632,0.9873973727226257
1.0,0.13385146804835923,0.9873977899551392
1.0,0.13374352331606218,0.9874016642570496
1.0,0.13363557858376512,0.9874021410942078
1.0,0.13352763385146804,0.9874060750007629
1.0,0.133419689119171,0.9874083995819092
1.0,0.13331174438687393,0.9874096512794495
1.0,0.13320379965457685,0.9874102473258972
1.0,0.1330958549222798,0.9874234795570374
1.0,0.13298791018998274,0.9874259233474731
1.0,0.13287996545768566,0.9874283671379089
1.0,0.1327720207253886,0.987429678440094
1.0,0.13266407599309155,0.987434446811676
1.0,0.13255613126079446,0.9874392151832581
1.0,0.1324481865284974,0.9874393343925476
1.0,0.13234024179620035,0.9874465465545654
1.0,0.13223229706390327,0.9874562621116638
1.0,0.13212435233160622,0.9874653220176697
1.0,0.13201640759930916,0.9874674677848816
1.0,0.13190846286701208,0.9874704480171204
1.0,0.13180051813471502,0.9874711632728577
1.0,0.13169257340241797,0.9874717593193054
1.0,0.13158462867012088,0.9874788522720337
1.0,0.13147668393782383,0.9874807000160217
1.0,0.13136873920552677,0.987490713596344
1.0,0.13126079447322972,0.9874922037124634
1.0,0.13115284974093264,0.987494170665741
1.0,0.13104490500863558,0.987496018409729
1.0,0.13093696027633853,0.9875041842460632
1.0,0.13082901554404144,0.987506628036499
1.0,0.1307210708117444,0.9875077605247498
1.0,0.13061312607944733,0.9875093102455139
1.0,0.13050518134715025,0.9875125288963318
1.0,0.1303972366148532,0.9875168204307556
1.0,0.13028929188255614,0.9875213503837585
1.0,0.13018134715025906,0.9875261187553406
1.0,0.130073402417962,0.9875263571739197
1.0,0.12996545768566495,0.9875280261039734
1.0,0.12985751295336787,0.987539529800415
1.0,0.1297495682210708,0.9875460267066956
1.0,0.12964162348877376,0.9875543713569641
1.0,0.12953367875647667,0.9875562787055969
1.0,0.12942573402417962,0.9875626564025879
1.0,0.12931778929188256,0.9875630140304565
1.0,0.12920984455958548,0.9875682592391968
1.0,0.12910189982728842,0.9875752329826355
1.0,0.12899395509499137,0.9875771999359131
1.0,0.12888601036269431,0.9875854253768921
1.0,0.12877806563039723,0.987588107585907
1.0,0.12867012089810018,0.987597644329071
1.0,0.12856217616580312,0.9876031279563904
1.0,0.12845423143350604,0.9876054525375366
1.0,0.12834628670120898,0.9876202940940857
1.0,0.12823834196891193,0.9876242876052856
1.0,0.12813039723661485,0.9876326322555542
1.0,0.1280224525043178,0.9876356720924377
1.0,0.12791450777202074,0.9876442551612854
1.0,0.12780656303972365,0.9876459240913391
1.0,0.1276986183074266,0.9876493811607361
1.0,0.12759067357512954,0.9876540303230286
1.0,0.12748272884283246,0.9876543879508972
1.0,0.1273747841105354,0.9876576662063599
1.0,0.12726683937823835,0.987662672996521
1.0,0.12715889464594127,0.9876662492752075
1.0,0.1270509499136442,0.9876675605773926
1.0,0.12694300518134716,0.9876866936683655
1.0,0.12683506044905007,0.9876886010169983
1.0,0.12672711571675302,0.9876917004585266
1.0,0.12661917098445596,0.9877005815505981
1.0,0.12651122625215888,0.9877035617828369
1.0,0.12640328151986183,0.987704873085022
1.0,0.12629533678756477,0.9877068400382996
1.0,0.12618739205526772,0.987713098526001
1.0,0.12607944732297063,0.9877197742462158
1.0,0.12597150259067358,0.98773193359375
1.0,0.12586355785837652,0.9877333641052246
1.0,0.12575561312607944,0.987737774848938
1.0,0.12564766839378239,0.9877395033836365
1.0,0.12553972366148533,0.9877459406852722
1.0,0.12543177892918825,0.9877501130104065
1.0,0.1253238341968912,0.9877586960792542
1.0,0.12521588946459414,0.9877611398696899
1.0,0.12510794473229706,0.9877701997756958
1.0,0.125,0.9877722263336182
1.0,0.12478411053540588,0.9877811670303345
1.0,0.12467616580310881,0.9877960681915283
1.0,0.12456822107081174,0.9877985119819641
1.0,0.12446027633851468,0.9878003597259521
1.0,0.12435233160621761,0.9878025650978088
1.0,0.12413644214162349,0.9878088235855103
1.0,0.12402849740932642,0.9878147840499878
1.0,0.12392055267702937,0.9878189563751221
1.0,0.1238126079447323,0.9878194332122803
1.0,0.12370466321243523,0.9878218770027161
1.0,0.12359671848013817,0.9878236055374146
1.0,0.1234887737478411,0.9878246784210205
1.0,0.12338082901554404,0.9878260493278503
1.0,0.12327288428324698,0.9878273606300354
1.0,0.12316493955094991,0.9878343343734741
1.0,0.12305699481865284,0.9878364205360413
1.0,0.12294905008635579,0.9878393411636353
1.0,0.12284110535405872,0.9878441095352173
1.0,0.12273316062176166,0.9878602623939514
1.0,0.1226252158894646,0.9878649115562439
1.0,0.12251727115716753,0.9878652691841125
1.0,0.12240932642487047,0.9878696799278259
1.0,0.1223013816925734,0.9878756999969482
1.0,0.12219343696027633,0.9878807067871094
1.0,0.12208549222797928,0.9878811836242676
1.0,0.12197754749568221,0.9878860712051392
1.0,0.12186960276338514,0.9878873825073242
1.0,0.12176165803108809,0.9878917932510376
1.0,0.12165371329879102,0.9878976941108704
1.0,0.12154576856649396,0.9878982901573181
1.0,0.12143782383419689,0.9879222512245178
1.0,0.12132987910189982,0.9879242181777954
1.0,0.12122193436960277,0.9879252910614014
1.0,0.1211139896373057,0.9879365563392639
1.0,0.12100604490500863,0.9879436492919922
1.0,0.12089810017271158,0.9879441261291504
1.0,0.1207901554404145,0.9879456758499146
1.0,0.12068221070811744,0.9879466891288757
1.0,0.12057426597582038,0.9879475235939026
1.0,0.12046632124352331,0.987957775592804
1.0,0.12035837651122626,0.9879586696624756
1.0,0.12025043177892919,0.9879589080810547
1.0,0.12014248704663212,0.9879751801490784
1.0,0.12003454231433507,0.9879875183105469
1.0,0.119926597582038,0.9879876375198364
1.0,0.11981865284974093,0.9879881143569946
1.0,0.11971070811744387,0.9879883527755737
1.0,0.1196027633851468,0.9879899621009827
1.0,0.11949481865284974,0.9879909157752991
1.0,0.11938687392055268,0.9879921078681946
1.0,0.11927892918825561,0.9879999756813049
1.0,0.11917098445595854,0.9880073070526123
1.0,0.11906303972366149,0.988013744354248
1.0,0.11895509499136442,0.9880210757255554
1.0,0.11884715025906736,0.9880226850509644
1.0,0.1187392055267703,0.9880237579345703
1.0,0.11863126079447323,0.9880238175392151
1.0,0.11852331606217617,0.9880262613296509
1.0,0.1184153713298791,0.9880374670028687
1.0,0.11830742659758203,0.9880406260490417
1.0,0.11819948186528498,0.9880416393280029
1.0,0.11809153713298791,0.9880551695823669
1.0,0.11798359240069084,0.9880586266517639
1.0,0.11787564766839378,0.9880627393722534
1.0,0.11776770293609672,0.9880648255348206
1.0,0.11765975820379966,0.9880744814872742
1.0,0.11755181347150259,0.9880760908126831
1.0,0.11744386873920552,0.9880828261375427
1.0,0.11733592400690847,0.9880842566490173
1.0,0.1172279792746114,0.9880874156951904
1.0,0.11712003454231433,0.9880915880203247
1.0,0.11701208981001728,0.9880951642990112
1.0,0.1169041450777202,0.9880974888801575
1.0,0.11679620034542314,0.9881024956703186
1.0,0.11668825561312608,0.9881055355072021
1.0,0.11658031088082901,0.9881056547164917
1.0,0.11647236614853196,0.9881128668785095
1.0,0.11636442141623489,0.9881211519241333
1.0,0.11625647668393782,0.9881248474121094
1.0,0.11614853195164077,0.9881254434585571
1.0,0.1160405872193437,0.9881265163421631
1.0,0.11593264248704663,0.9881284832954407
1.0,0.11582469775474957,0.9881408214569092
1.0,0.1157167530224525,0.988154411315918
1.0,0.11550086355785838,0.9881703853607178
1.0,0.11539291882556131,0.988174319267273
1.0,0.11528497409326424,0.9881766438484192
1.0,0.11517702936096719,0.988177478313446
1.0,0.11506908462867012,0.9881788492202759
1.0,0.11496113989637306,0.9881811141967773
1.0,0.114853195164076,0.9881842136383057
1.0,0.11474525043177893,0.9881852865219116
1.0,0.1145293609671848,0.9881854057312012
1.0,0.11442141623488773,0.9881894588470459
1.0,0.11431347150259068,0.9881905317306519
1.0,0.11420552677029361,0.9881911277770996
1.0,0.11409758203799654,0.9882088899612427
1.0,0.11398963730569948,0.9882120490074158
1.0,0.11388169257340242,0.9882165789604187
1.0,0.11377374784110536,0.9882168173789978
1.0,0.11366580310880829,0.988223135471344
1.0,0.11355785837651122,0.988231360912323
1.0,0.11344991364421417,0.9882327914237976
1.0,0.1133419689119171,0.9882345199584961
1.0,0.11323402417962003,0.9882352352142334
1.0,0.11312607944732297,0.9882369637489319
1.0,0.11291018998272884,0.9882417321205139
1.0,0.11280224525043178,0.988243579864502
1.0,0.11269430051813471,0.9882442951202393
1.0,0.11258635578583766,0.9882506132125854
1.0,0.11247841105354059,0.9882533550262451
1.0,0.11237046632124352,0.9882566332817078
1.0,0.11226252158894647,0.9882609248161316
1.0,0.1121545768566494,0.9882633686065674
1.0,0.11204663212435233,0.9882716536521912
1.0,0.11193868739205527,0.9882728457450867
1.0,0.1118307426597582,0.9882737398147583
1.0,0.11172279792746113,0.9882811903953552
1.0,0.11161485319516408,0.9882854223251343
1.0,0.11150690846286701,0.9882855415344238
1.0,0.11139896373056994,0.9882982969284058
1.0,0.11129101899827289,0.9883008003234863
1.0,0.11118307426597582,0.988304853439331
1.0,0.11107512953367876,0.9883049726486206
1.0,0.1109671848013817,0.9883078932762146
1.0,0.11085924006908462,0.988311231136322
1.0,0.11075129533678757,0.9883262515068054
1.0,0.1106433506044905,0.9883297681808472
1.0,0.11053540587219343,0.9883356094360352
1.0,0.11042746113989638,0.9883363842964172
1.0,0.11031951640759931,0.9883430600166321
1.0,0.11021157167530224,0.9883474707603455
1.0,0.11010362694300518,0.9883503913879395
1.0,0.10999568221070812,0.9883567690849304
1.0,0.10988773747841106,0.9883572459220886
1.0,0.10977979274611399,0.9883612990379333
1.0,0.10967184801381692,0.988361656665802
1.0,0.10956390328151987,0.9883650541305542
1.0,0.1094559585492228,0.9883655309677124
1.0,0.10934801381692573,0.9883683323860168
1.0,0.10924006908462867,0.9883702993392944
1.0,0.1091321243523316,0.9883715510368347
1.0,0.10902417962003454,0.988372266292572
1.0,0.10891623488773748,0.9883726239204407
1.0,0.10880829015544041,0.9883776307106018
1.0,0.10870034542314336,0.9883782267570496
1.0,0.10859240069084629,0.9883791208267212
1.0,0.10848445595854922,0.9883800745010376
1.0,0.10837651122625216,0.9883804321289062
1.0,0.1082685664939551,0.9883805513381958
1.0,0.10816062176165803,0.9883806705474854
1.0,0.10805267702936097,0.9883816838264465
1.0,0.1079447322970639,0.9883837103843689
1.0,0.10783678756476683,0.9883918166160583
1.0,0.10772884283246978,0.9883922934532166
1.0,0.10762089810017271,0.9883967041969299
1.0,0.10751295336787564,0.9884018301963806
1.0,0.10740500863557859,0.9884083867073059
1.0,0.10729706390328152,0.9884096384048462
1.0,0.10718911917098446,0.9884125590324402
1.0,0.10697322970639032,0.9884136319160461
1.0,0.10686528497409327,0.9884241223335266
1.0,0.1067573402417962,0.9884278178215027
1.0,0.10664939550949913,0.9884282946586609
1.0,0.10654145077720208,0.9884350299835205
1.0,0.10643350604490501,0.9884403944015503
1.0,0.10632556131260794,0.9884412288665771
1.0,0.10621761658031088,0.9884514808654785
1.0,0.10610967184801381,0.9884546995162964
1.0,0.10600172711571676,0.9884594082832336
1.0,0.10589378238341969,0.9884739518165588
1.0,0.10578583765112262,0.988474428653717
1.0,0.10567789291882557,0.9884762763977051
1.0,0.1055699481865285,0.9884916543960571
1.0,0.10546200345423143,0.9884938597679138
1.0,0.10535405872193437,0.9884998202323914
1.0,0.10513816925734024,0.9885075092315674
1.0,0.10503022452504318,0.9885086417198181
1.0,0.10492227979274611,0.9885120391845703
1.0,0.10481433506044906,0.988515317440033
1.0,0.10449050086355786,0.9885228872299194
1.0,0.1043825561312608,0.988523006439209
1.0,0.10427461139896373,0.9885239005088806
1.0,0.10416666666666667,0.9885255694389343
1.0,0.1040587219343696,0.9885259866714478
1.0,0.10395077720207253,0.9885299801826477
1.0,0.10384283246977548,0.9885308146476746
1.0,0.10373488773747841,0.9885340332984924
1.0,0.10362694300518134,0.9885361194610596
1.0,0.10351899827288429,0.9885362386703491
1.0,0.10341105354058722,0.9885451197624207
1.0,0.10330310880829016,0.9885453581809998
1.0,0.10319516407599309,0.9885473251342773
1.0,0.10308721934369602,0.9885501265525818
1.0,0.10297927461139897,0.9885516166687012
1.0,0.1028713298791019,0.9885542988777161
1.0,0.10276338514680483,0.9885565042495728
1.0,0.10265544041450778,0.988558292388916
1.0,0.10254749568221071,0.9885610938072205
1.0,0.10243955094991364,0.9885616302490234
1.0,0.10233160621761658,0.9885725975036621
1.0,0.10222366148531951,0.988573431968689
1.0,0.10211571675302246,0.9885739088058472
1.0,0.10200777202072539,0.9885740280151367
1.0,0.10189982728842832,0.9885862469673157
1.0,0.10179188255613127,0.9885900616645813
1.0,0.1016839378238342,0.9885954260826111
1.0,0.10157599309153713,0.9885974526405334
1.0,0.10146804835924007,0.988602876663208
1.0,0.101360103626943,0.9886034727096558
1.0,0.10125215889464594,0.98861163854599
1.0,0.10114421416234888,0.9886187314987183
1.0,0.10103626943005181,0.9886210560798645
1.0,0.10082037996545769,0.9886278510093689
1.0,0.10071243523316062,0.988628089427948
1.0,0.10060449050086356,0.9886301755905151
1.0,0.1004965457685665,0.9886319041252136
1.0,0.10038860103626943,0.9886347055435181
1.0,0.10028065630397237,0.9886353015899658
1.0,0.1001727115716753,0.9886459112167358
1.0,0.10006476683937823,0.9886474013328552
1.0,0.09995682210708118,0.9886534810066223
1.0,0.09984887737478411,0.9886584877967834
1.0,0.09974093264248704,0.9886624217033386
1.0,0.09963298791018999,0.9886632561683655
1.0,0.09952504317789292,0.9886748194694519
1.0,0.09941709844559586,0.9886800050735474
1.0,0.09920120898100172,0.988685131072998
1.0,0.09909326424870467,0.9886910915374756
1.0,0.0989853195164076,0.9886963367462158
1.0,0.09887737478411053,0.9886990189552307
1.0,0.09876943005181348,0.9887104630470276
1.0,0.0986614853195164,0.9887168407440186
1.0,0.09855354058721934,0.9887174367904663
1.0,0.09844559585492228,0.9887232780456543
1.0,0.09833765112262521,0.9887362122535706
1.0,0.09822970639032816,0.9887393712997437
1.0,0.09812176165803109,0.9887474179267883
1.0,0.09801381692573402,0.9887492656707764
1.0,0.09790587219343697,0.9887588024139404
1.0,0.0977979274611399,0.9887596368789673
1.0,0.09768998272884283,0.9887630343437195
1.0,0.09758203799654577,0.988763689994812
1.0,0.0974740932642487,0.9887657761573792
1.0,0.09736614853195164,0.9887661337852478
1.0,0.09725820379965458,0.9887691736221313
1.0,0.09715025906735751,0.988772451877594
1.0,0.09682642487046632,0.9887802600860596
1.0,0.09671848013816926,0.9887828230857849
1.0,0.0966105354058722,0.9887866377830505
1.0,0.09650259067357513,0.9887871146202087
1.0,0.09639464594127807,0.988789439201355
1.0,0.096286701208981,0.9888004064559937
1.0,0.09617875647668393,0.9888055324554443
1.0,0.09607081174438688,0.9888103008270264
1.0,0.09596286701208981,0.9888147711753845
1.0,0.09585492227979274,0.9888159036636353
1.0,0.09574697754749568,0.988820493221283
1.0,0.09563903281519862,0.988821268081665
1.0,0.09553108808290156,0.9888233542442322
1.0,0.09542314335060449,0.9888257384300232
1.0,0.09531519861830742,0.988828182220459
1.0,0.09520725388601037,0.988832950592041
1.0,0.0950993091537133,0.9888381958007812
1.0,0.09499136442141623,0.9888383150100708
1.0,0.09488341968911918,0.9888442158699036
1.0,0.0947754749568221,0.9888504147529602
1.0,0.09466753022452504,0.988851010799408
1.0,0.09455958549222798,0.9888535737991333
1.0,0.09445164075993091,0.9888624548912048
1.0,0.09434369602763386,0.9888639450073242
1.0,0.09423575129533679,0.9888745546340942
1.0,0.09412780656303972,0.9888849258422852
1.0,0.09401986183074267,0.9888862371444702
1.0,0.0939119170984456,0.9888867735862732
1.0,0.09380397236614853,0.9888894557952881
1.0,0.09369602763385147,0.988890528678894
1.0,0.0935880829015544,0.9888910055160522
1.0,0.09348013816925733,0.9888971447944641
1.0,0.09337219343696028,0.9889022707939148
1.0,0.09326424870466321,0.9889077544212341
1.0,0.09315630397236614,0.988910436630249
1.0,0.09304835924006909,0.988919198513031
1.0,0.09294041450777202,0.988923192024231
1.0,0.09283246977547496,0.9889277219772339
1.0,0.0927245250431779,0.9889316558837891
1.0,0.09261658031088082,0.9889350533485413
1.0,0.09250863557858377,0.9889400601387024
1.0,0.0924006908462867,0.9889432191848755
1.0,0.09229274611398963,0.9889435768127441
1.0,0.09218480138169258,0.988944411277771
1.0,0.09207685664939551,0.9889464974403381
1.0,0.09196891191709844,0.988947868347168
1.0,0.09186096718480138,0.9889498353004456
1.0,0.09175302245250432,0.9889559149742126
1.0,0.09164507772020726,0.98895663022995
1.0,0.09153713298791019,0.988962709903717
1.0,0.09142918825561312,0.9889678359031677
1.0,0.09132124352331607,0.9889683723449707
1.0,0.091213298791019,0.9889684915542603
1.0,0.09110535405872193,0.9889709949493408
1.0,0.09099740932642487,0.9889756441116333
1.0,0.0908894645941278,0.9889849424362183
1.0,0.09078151986183074,0.9889906644821167
1.0,0.09067357512953368,0.9889960289001465
1.0,0.09056563039723661,0.9890093207359314
1.0,0.09045768566493956,0.9890114068984985
1.0,0.09034974093264249,0.9890249371528625
1.0,0.09024179620034542,0.9890250563621521
1.0,0.09013385146804836,0.9890255331993103
1.0,0.08991796200345423,0.9890298247337341
1.0,0.08981001727115717,0.9890301823616028
1.0,0.0897020725388601,0.9890336990356445
1.0,0.08959412780656303,0.9890341758728027
1.0,0.08948618307426598,0.9890379905700684
1.0,0.08937823834196891,0.9890400171279907
1.0,0.08927029360967184,0.9890444278717041
1.0,0.08916234887737479,0.9890497922897339
1.0,0.08905440414507772,0.9890509843826294
1.0,0.08894645941278066,0.9890550374984741
1.0,0.0888385146804836,0.9890586733818054
1.0,0.08873056994818652,0.9890634417533875
1.0,0.08862262521588947,0.9890650510787964
1.0,0.0885146804835924,0.9890677332878113
1.0,0.08840673575129533,0.9890680909156799
1.0,0.08829879101899828,0.9890783429145813
1.0,0.08819084628670121,0.9890844225883484
1.0,0.08808290155440414,0.9890956282615662
1.0,0.08797495682210708,0.9890972375869751
1.0,0.08786701208981001,0.9890984296798706
1.0,0.08775906735751296,0.989101231098175
1.0,0.08754317789291882,0.9891024827957153
1.0,0.08743523316062177,0.9891030788421631
1.0,0.0873272884283247,0.989105761051178
1.0,0.08721934369602763,0.9891112446784973
1.0,0.0870034542314335,0.9891129732131958
1.0,0.08689550949913644,0.9891183376312256
1.0,0.08678756476683938,0.9891204833984375
1.0,0.08667962003454231,0.9891219735145569
1.0,0.08657167530224526,0.9891244173049927
1.0,0.08646373056994819,0.989136815071106
1.0,0.08635578583765112,0.9891399145126343
1.0,0.08624784110535406,0.9891585111618042
1.0,0.086139896373057,0.9891590476036072
1.0,0.08603195164075993,0.9891623258590698
1.0,0.08592400690846287,0.9891746044158936
1.0,0.0858160621761658,0.9891786575317383
1.0,0.08570811744386873,0.9891834259033203
1.0,0.08560017271157168,0.9891869425773621
1.0,0.08549222797927461,0.9891929030418396
1.0,0.08538428324697754,0.9891971945762634
1.0,0.08527633851468049,0.9891985058784485
1.0,0.08516839378238342,0.9891991019248962
1.0,0.08506044905008636,0.9891993403434753
1.0,0.08495250431778929,0.9891996383666992
1.0,0.08484455958549222,0.9892010688781738
1.0,0.08473661485319517,0.9892042279243469
1.0,0.0846286701208981,0.9892053604125977
1.0,0.08452072538860103,0.9892061948776245
1.0,0.08441278065630398,0.9892164468765259
1.0,0.08430483592400691,0.98921799659729
1.0,0.08419689119170984,0.9892222881317139
1.0,0.08408894645941278,0.9892381429672241
1.0,0.08398100172711571,0.9892427325248718
1.0,0.08387305699481866,0.9892429113388062
1.0,0.08376511226252159,0.9892465472221375
1.0,0.08365716753022452,0.9892587065696716
1.0,0.08354922279792747,0.9892609119415283
1.0,0.0834412780656304,0.9892615079879761
1.0,0.08333333333333333,0.9892676472663879
1.0,0.08322538860103627,0.9892687201499939
1.0,0.0831174438687392,0.9892690777778625
1.0,0.08300949913644214,0.9892738461494446
1.0,0.08290155440414508,0.9892804026603699
1.0,0.08279360967184801,0.9892807602882385
1.0,0.08268566493955094,0.9892833232879639
1.0,0.08257772020725389,0.9892851710319519
1.0,0.08246977547495682,0.9892892837524414
1.0,0.08236183074265976,0.9892913699150085
1.0,0.0822538860103627,0.9892936944961548
1.0,0.08214594127806563,0.989300549030304
1.0,0.08203799654576857,0.9893026947975159
1.0,0.0819300518134715,0.9893062710762024
1.0,0.08182210708117443,0.9893063902854919
1.0,0.08171416234887738,0.9893117547035217
1.0,0.08160621761658031,0.9893168807029724
1.0,0.08149827288428324,0.9893175959587097
1.0,0.08139032815198619,0.9893219470977783
1.0,0.08128238341968912,0.9893310070037842
1.0,0.08117443868739206,0.9893325567245483
1.0,0.08106649395509499,0.9893326759338379
1.0,0.08095854922279792,0.9893398880958557
1.0,0.08085060449050087,0.9893423318862915
1.0,0.0807426597582038,0.9893429279327393
1.0,0.08063471502590673,0.9893447756767273
1.0,0.08052677029360968,0.9893457293510437
1.0,0.0804188255613126,0.9893466830253601
1.0,0.08031088082901554,0.9893485307693481
1.0,0.08020293609671848,0.9893558621406555
1.0,0.08009499136442141,0.9893682599067688
1.0,0.07998704663212436,0.9893697500228882
1.0,0.07987910189982729,0.9893702268600464
1.0,0.07977115716753022,0.9893747568130493
1.0,0.07966321243523317,0.9893805980682373
1.0,0.0795552677029361,0.9893850684165955
1.0,0.07944732297063903,0.9893875122070312
1.0,0.07933937823834197,0.9893888831138611
1.0,0.0792314335060449,0.9893947243690491
1.0,0.07901554404145078,0.9893971681594849
1.0,0.07890759930915371,0.9894031286239624
1.0,0.07879965457685664,0.9894116520881653
1.0,0.07869170984455959,0.9894123673439026
1.0,0.07858376511226252,0.9894154071807861
1.0,0.07847582037996546,0.9894176125526428
1.0,0.0783678756476684,0.9894277453422546
1.0,0.07825993091537133,0.9894292950630188
1.0,0.07815198618307427,0.9894294142723083
1.0,0.0780440414507772,0.9894343018531799
1.0,0.07793609671848013,0.9894422292709351
1.0,0.07782815198618308,0.9894427061080933
1.0,0.07772020725388601,0.9894458651542664
1.0,0.07761226252158894,0.989446222782135
1.0,0.07750431778929188,0.9894474744796753
1.0,0.07739637305699482,0.9894505143165588
1.0,0.07728842832469776,0.9894534349441528
1.0,0.07718048359240069,0.9894612431526184
1.0,0.07707253886010362,0.9894614815711975
1.0,0.0768566493955095,0.9894616007804871
1.0,0.07674870466321243,0.9894620776176453
1.0,0.07664075993091538,0.9894751310348511
1.0,0.0765328151986183,0.9894766807556152
1.0,0.07642487046632124,0.989477813243866
1.0,0.07631692573402418,0.9894787669181824
1.0,0.07620898100172711,0.9894794821739197
1.0,0.07610103626943006,0.9894860982894897
1.0,0.07599309153713299,0.9894904494285583
1.0,0.07588514680483592,0.9894967079162598
1.0,0.07577720207253887,0.9895016551017761
1.0,0.0756692573402418,0.9895129799842834
1.0,0.07556131260794473,0.9895147085189819
1.0,0.07545336787564767,0.9895173907279968
1.0,0.0753454231433506,0.989522397518158
1.0,0.07523747841105353,0.9895229935646057
1.0,0.07512953367875648,0.9895240664482117
1.0,0.07502158894645941,0.989525556564331
1.0,0.07491364421416234,0.9895275235176086
1.0,0.07480569948186529,0.9895296692848206
1.0,0.07469775474956822,0.9895350337028503
1.0,0.07458981001727116,0.9895402789115906
1.0,0.0744818652849741,0.98954176902771
1.0,0.07437392055267703,0.9895580410957336
1.0,0.07426597582037997,0.9895630478858948
1.0,0.0741580310880829,0.9895665645599365
1.0,0.07405008635578583,0.9895768165588379
1.0,0.07394214162348878,0.9895811080932617
1.0,0.07383419689119171,0.989584743976593
1.0,0.07372625215889464,0.9895902276039124
1.0,0.07361830742659758,0.9895903468132019
1.0,0.07351036269430052,0.9895936250686646
1.0,0.07340241796200346,0.9895969033241272
1.0,0.07329447322970639,0.9896036386489868
1.0,0.07318652849740932,0.9896038770675659
1.0,0.07307858376511227,0.9896118640899658
1.0,0.0729706390328152,0.9896266460418701
1.0,0.07286269430051813,0.9896307587623596
1.0,0.07275474956822107,0.9896324872970581
1.0,0.07253886010362694,0.9896340370178223
1.0,0.07243091537132988,0.9896346926689148
1.0,0.07232297063903281,0.9896405339241028
1.0,0.07221502590673576,0.9896407723426819
1.0,0.07210708117443869,0.9896429777145386
1.0,0.07199913644214162,0.9896450042724609
1.0,0.07189119170984457,0.9896498918533325
1.0,0.0717832469775475,0.989654004573822
1.0,0.07167530224525043,0.9896554946899414
1.0,0.07156735751295337,0.9896591305732727
1.0,0.0714594127806563,0.9896626472473145
1.0,0.07135146804835923,0.9896699786186218
1.0,0.07124352331606218,0.9896711707115173
1.0,0.07113557858376511,0.9896743893623352
1.0,0.07102763385146804,0.9896747469902039
1.0,0.07091968911917099,0.9896817803382874
1.0,0.07081174438687392,0.989688515663147
1.0,0.0705958549222798,0.9896907806396484
1.0,0.07048791018998272,0.9896921515464783
1.0,0.07037996545768567,0.9896931052207947
1.0,0.0702720207253886,0.9896963834762573
1.0,0.07016407599309153,0.9897006750106812
1.0,0.07005613126079448,0.9897086024284363
1.0,0.06994818652849741,0.9897117614746094
1.0,0.06984024179620034,0.989716112613678
1.0,0.06973229706390328,0.9897189140319824
1.0,0.06962435233160622,0.9897279143333435
1.0,0.06951640759930916,0.9897308349609375
1.0,0.06940846286701209,0.9897366762161255
1.0,0.06930051813471502,0.9897385239601135
1.0,0.06919257340241797,0.9897394776344299
1.0,0.0690846286701209,0.9897440075874329
1.0,0.06897668393782383,0.9897451996803284
1.0,0.06886873920552677,0.9897493720054626
1.0,0.0687607944732297,0.9897506833076477
1.0,0.06854490500863558,0.9897531270980835
1.0,0.06843696027633851,0.9897578954696655
1.0,0.06832901554404146,0.9897642135620117
1.0,0.06822107081174439,0.9897650480270386
1.0,0.06811312607944732,0.9897661805152893
1.0,0.06800518134715026,0.9897679686546326
1.0,0.0678972366148532,0.9897716641426086
1.0,0.06778929188255613,0.9897734522819519
1.0,0.06768134715025907,0.9897776246070862
1.0,0.067573402417962,0.9897876977920532
1.0,0.06746545768566493,0.9897894263267517
1.0,0.06735751295336788,0.989798903465271
1.0,0.06724956822107081,0.9898005127906799
1.0,0.06714162348877374,0.9898014664649963
1.0,0.06703367875647669,0.9898040294647217
1.0,0.06692573402417962,0.9898046255111694
1.0,0.06681778929188256,0.989809513092041
1.0,0.0667098445595855,0.9898205995559692
1.0,0.06660189982728842,0.9898209571838379
1.0,0.06649395509499137,0.9898217916488647
1.0,0.0663860103626943,0.9898298382759094
1.0,0.06627806563039723,0.989834189414978
1.0,0.06617012089810018,0.9898419976234436
1.0,0.06606217616580311,0.9898431897163391
1.0,0.06595423143350604,0.989848792552948
1.0,0.06584628670120898,0.9898499250411987
1.0,0.06573834196891191,0.98985755443573
1.0,0.06563039723661486,0.9898578524589539
1.0,0.06552245250431779,0.9898678064346313
1.0,0.06541450777202072,0.9898749589920044
1.0,0.06530656303972367,0.9898825287818909
1.0,0.0651986183074266,0.9898847341537476
1.0,0.06509067357512953,0.9898894429206848
1.0,0.06498272884283247,0.9898931384086609
1.0,0.06476683937823834,0.9898955821990967
1.0,0.06465889464594128,0.989900529384613
1.0,0.06455094991364421,0.9899076223373413
1.0,0.06444300518134716,0.9899128675460815
1.0,0.06433506044905009,0.9899137020111084
1.0,0.06422711571675302,0.9899152517318726
1.0,0.06411917098445596,0.9899174571037292
1.0,0.0640112262521589,0.9899197816848755
1.0,0.06357944732297063,0.9899225831031799
1.0,0.06347150259067358,0.9899247884750366
1.0,0.06336355785837651,0.9899289011955261
1.0,0.06325561312607944,0.9899290204048157
1.0,0.06314766839378239,0.9899352192878723
1.0,0.06303972366148532,0.9899371862411499
1.0,0.06293177892918826,0.9899376630783081
1.0,0.06282383419689119,0.9899411797523499
1.0,0.06271588946459412,0.9899470210075378
1.0,0.06260794473229707,0.9899471402168274
1.0,0.0625,0.9899573922157288
1.0,0.06239205526770294,0.989968478679657
1.0,0.06228411053540587,0.9899771213531494
1.0,0.06217616580310881,0.9899874329566956
1.0,0.062068221070811745,0.9899885058403015
1.0,0.06196027633851468,0.9899947643280029
1.0,0.061852331606217614,0.9900072813034058
1.0,0.06174438687392055,0.9900133609771729
1.0,0.06163644214162349,0.9900146722793579
1.0,0.06152849740932642,0.9900159239768982
1.0,0.06142055267702936,0.9900166392326355
1.0,0.0613126079447323,0.9900214076042175
1.0,0.061204663212435235,0.9900341629981995
1.0,0.06109671848013817,0.990038275718689
1.0,0.060988773747841105,0.990044116973877
1.0,0.06088082901554404,0.990050196647644
1.0,0.06077288428324698,0.9900509715080261
1.0,0.06066493955094991,0.9900524020195007
1.0,0.06055699481865285,0.9900625348091125
1.0,0.06044905008635579,0.9900627732276917
1.0,0.06034110535405872,0.9900721311569214
1.0,0.06023316062176166,0.9900728464126587
1.0,0.060125215889464595,0.9900756478309631
1.0,0.06001727115716753,0.9900757670402527
1.0,0.059909326424870464,0.9900797605514526
1.0,0.0598013816925734,0.9900952577590942
1.0,0.05969343696027634,0.9900979399681091
1.0,0.05947754749568221,0.9900980591773987
1.0,0.05936960276338515,0.9901052117347717
1.0,0.059261658031088085,0.9901053309440613
1.0,0.059153713298791016,0.9901080131530762
1.0,0.059045768566493954,0.9901093244552612
1.0,0.05893782383419689,0.9901096820831299
1.0,0.05882987910189983,0.9901154041290283
1.0,0.05872193436960276,0.9901288151741028
1.0,0.0586139896373057,0.9901365041732788
1.0,0.05850604490500864,0.9901448488235474
1.0,0.05839810017271157,0.9901475310325623
1.0,0.05829015544041451,0.9901494979858398
1.0,0.05807426597582038,0.9901522994041443
1.0,0.057966321243523314,0.9901525378227234
1.0,0.05785837651122625,0.9901579022407532
1.0,0.05775043177892919,0.9901588559150696
1.0,0.05764248704663212,0.9901611804962158
1.0,0.05753454231433506,0.9901630878448486
1.0,0.057426597582038,0.9901692867279053
1.0,0.057318652849740935,0.9901722073554993
1.0,0.057210708117443866,0.9901750087738037
1.0,0.057102763385146804,0.9901812076568604
1.0,0.05699481865284974,0.9901865720748901
1.0,0.05688687392055268,0.9901866912841797
1.0,0.05677892918825561,0.9901869297027588
1.0,0.05667098445595855,0.9901872277259827
1.0,0.05656303972366149,0.9901888966560364
1.0,0.05645509499136442,0.9901926517486572
1.0,0.056347150259067356,0.9902010560035706
1.0,0.056239205526770294,0.9902023077011108
1.0,0.05613126079447323,0.9902114272117615
1.0,0.056023316062176164,0.9902160167694092
1.0,0.0559153713298791,0.9902206659317017
1.0,0.05580742659758204,0.9902225732803345
1.0,0.05569948186528497,0.9902235865592957
1.0,0.05559153713298791,0.9902262687683105
1.0,0.05548359240069085,0.9902316927909851
1.0,0.055375647668393785,0.9902387857437134
1.0,0.055267702936096716,0.9902453422546387
1.0,0.055159758203799654,0.9902657866477966
1.0,0.05505181347150259,0.9902716279029846
1.0,0.05494386873920553,0.9902750253677368
1.0,0.0547279792746114,0.990275502204895
1.0,0.05462003454231434,0.9902770519256592
1.0,0.05451208981001727,0.9902804493904114
1.0,0.054404145077720206,0.9902806282043457
1.0,0.054296200345423144,0.9902828931808472
1.0,0.05418825561312608,0.9902843832969666
1.0,0.05408031088082901,0.9902845025062561
1.0,0.05397236614853195,0.9902880191802979
1.0,0.05386442141623489,0.9902932643890381
1.0,0.05375647668393782,0.9902952909469604
1.0,0.05364853195164076,0.9903011322021484
1.0,0.0535405872193437,0.9903073310852051
1.0,0.053432642487046635,0.9903082251548767
1.0,0.053324697754749566,0.9903175830841064
1.0,0.053216753022452504,0.9903243780136108
1.0,0.05310880829015544,0.9903268218040466
1.0,0.05300086355785838,0.9903319478034973
1.0,0.05289291882556131,0.9903348088264465
1.0,0.05278497409326425,0.9903349280357361
1.0,0.05267702936096719,0.9903349876403809
1.0,0.05256908462867012,0.9903404116630554
1.0,0.052461139896373056,0.9903428554534912
1.0,0.052353195164075994,0.9903450608253479
1.0,0.05224525043177893,0.9903496503829956
1.0,0.05213730569948186,0.9903574585914612
1.0,0.0520293609671848,0.9903607368469238
1.0,0.05192141623488774,0.9903625845909119
1.0,0.05181347150259067,0.9903655052185059
1.0,0.05170552677029361,0.9903835654258728
1.0,0.051597582037996546,0.9903897643089294
1.0,0.051489637305699484,0.9903905391693115
1.0,0.051381692573402415,0.9903910160064697
1.0,0.051273747841105353,0.9903960227966309
1.0,0.05116580310880829,0.9903970956802368
1.0,0.05105785837651123,0.9904007315635681
1.0,0.05094991364421416,0.9904050827026367
1.0,0.0508419689119171,0.990410327911377
1.0,0.05073402417962004,0.990410566329956
1.0,0.05062607944732297,0.9904130101203918
1.0,0.050518134715025906,0.9904334545135498
1.0,0.050410189982728844,0.9904503226280212
1.0,0.05019430051813471,0.9904531240463257
1.0,0.05008635578583765,0.9904601573944092
1.0,0.04997841105354059,0.9904677271842957
1.0,0.04987046632124352,0.9904718399047852
1.0,0.04976252158894646,0.9904720783233643
1.0,0.049654576856649396,0.9904747605323792
1.0,0.049546632124352334,0.990475594997406
1.0,0.049438687392055265,0.9904757142066956
1.0,0.04922279792746114,0.9904795289039612
1.0,0.04911485319516408,0.9904842376708984
1.0,0.04900690846286701,0.990484356880188
1.0,0.04889896373056995,0.9905203580856323
1.0,0.048791018998272886,0.9905248284339905
1.0,0.04868307426597582,0.9905332326889038
1.0,0.048575129533678756,0.9905402660369873
1.0,0.048467184801381694,0.9905412793159485
1.0,0.04835924006908463,0.9905447959899902
1.0,0.04825129533678756,0.9905474781990051
1.0,0.0481433506044905,0.9905478358268738
1.0,0.04803540587219344,0.9905495047569275
1.0,0.04792746113989637,0.9905526638031006
1.0,0.04781951640759931,0.9905587434768677
1.0,0.047711571675302246,0.9905595183372498
1.0,0.047603626943005184,0.9905611872673035
1.0,0.047495682210708115,0.9905649423599243
1.0,0.04738773747841105,0.9905669093132019
1.0,0.04727979274611399,0.9905714988708496
1.0,0.04717184801381693,0.9905738234519958
1.0,0.04706390328151986,0.9905753135681152
1.0,0.0469559585492228,0.9905905723571777
1.0,0.046848013816925736,0.9905912280082703
1.0,0.04674006908462867,0.9905942678451538
1.0,0.046632124352331605,0.9906014204025269
1.0,0.04652417962003454,0.9906042218208313
1.0,0.04641623488773748,0.990605890750885
1.0,0.04630829015544041,0.9906063079833984
1.0,0.04620034542314335,0.9906225800514221
1.0,0.04609240069084629,0.9906272888183594
1.0,0.04598445595854922,0.9906299710273743
1.0,0.04587651122625216,0.9906366467475891
1.0,0.045768566493955096,0.9906394481658936
1.0,0.045660621761658034,0.990641176700592
1.0,0.045552677029360965,0.9906417727470398
1.0,0.0454447322970639,0.9906435608863831
1.0,0.04533678756476684,0.9906501173973083
1.0,0.04522884283246978,0.9906574487686157
1.0,0.04512089810017271,0.9906587600708008
1.0,0.04501295336787565,0.990665853023529
1.0,0.044905008635578586,0.9906699657440186
1.0,0.04479706390328152,0.9906740784645081
1.0,0.044689119170984455,0.990675687789917
1.0,0.04458117443868739,0.9906826019287109
1.0,0.04447322970639033,0.9906884431838989
1.0,0.04436528497409326,0.9907159805297852
1.0,0.0442573402417962,0.9907162189483643
1.0,0.04414939550949914,0.9907234311103821
1.0,0.04404145077720207,0.9907408952713013
1.0,0.04393350604490501,0.9907429814338684
1.0,0.043825561312607945,0.9907432198524475
1.0,0.043717616580310883,0.9907450675964355
1.0,0.043609671848013815,0.9907454252243042
1.0,0.04350172711571675,0.9907515048980713
1.0,0.04339378238341969,0.9907612204551697
1.0,0.04328583765112263,0.9907737374305725
1.0,0.04317789291882556,0.9907922744750977
1.0,0.0430699481865285,0.990796685218811
1.0,0.042962003454231436,0.9907979965209961
1.0,0.04285405872193437,0.9908087253570557
1.0,0.042746113989637305,0.9908100366592407
1.0,0.04263816925734024,0.9908103942871094
1.0,0.04253022452504318,0.9908208250999451
1.0,0.04242227979274611,0.9908214211463928
1.0,0.04231433506044905,0.990826427936554
1.0,0.04220639032815199,0.9908283948898315
1.0,0.041882556131260795,0.9908315539360046
1.0,0.04177461139896373,0.990835428237915
1.0,0.041666666666666664,0.9908407926559448
1.0,0.0415587219343696,0.9908439517021179
1.0,0.04145077720207254,0.9908526539802551
1.0,0.04134283246977547,0.9908545017242432
1.0,0.04123488773747841,0.9908629655838013
1.0,0.04112694300518135,0.990872859954834
1.0,0.041018998272884286,0.9908757209777832
1.0,0.04091105354058722,0.9908857345581055
1.0,0.040803108808290155,0.9908892512321472
1.0,0.04069516407599309,0.9909006357192993
1.0,0.04058721934369603,0.9909069538116455
1.0,0.04047927461139896,0.9909154772758484
1.0,0.0403713298791019,0.9909400939941406
1.0,0.04026338514680484,0.9909548163414001
1.0,0.04015544041450777,0.9909551739692688
1.0,0.04004749568221071,0.9909569621086121
1.0,0.039939550949913645,0.9909591674804688
1.0,0.03983160621761658,0.990959644317627
1.0,0.039723661485319514,0.9909626841545105
1.0,0.03961571675302245,0.9909684062004089
1.0,0.03950777202072539,0.9909760355949402
1.0,0.03939982728842832,0.9909822344779968
1.0,0.03929188255613126,0.991007387638092
1.0,0.0391839378238342,0.9910077452659607
1.0,0.039075993091537135,0.9910173416137695
1.0,0.038968048359240066,0.9910225868225098
1.0,0.038860103626943004,0.9910264611244202
1.0,0.03875215889464594,0.9910321831703186
1.0,0.03864421416234888,0.9910385608673096
1.0,0.03853626943005181,0.9910390973091125
1.0,0.03842832469775475,0.9910422563552856
1.0,0.03832037996545769,0.9910436868667603
1.0,0.03821243523316062,0.9910632371902466
1.0,0.03810449050086356,0.991066038608551
1.0,0.037996545768566495,0.9910703897476196
1.0,0.03788860103626943,0.9910764694213867
1.0,0.037780656303972364,0.9910785555839539
1.0,0.0376727115716753,0.9910835027694702
1.0,0.03756476683937824,0.9910860657691956
1.0,0.03745682210708117,0.9910929799079895
1.0,0.03734887737478411,0.9910962581634521
1.0,0.03724093264248705,0.9911064505577087
1.0,0.037132987910189985,0.9911236763000488
1.0,0.037025043177892916,0.9911239147186279
1.0,0.036917098445595854,0.9911273121833801
1.0,0.03680915371329879,0.9911326766014099
1.0,0.03670120898100173,0.9911360740661621
1.0,0.03659326424870466,0.9911361932754517
1.0,0.03637737478411054,0.9911529421806335
1.0,0.03626943005181347,0.9911608695983887
1.0,0.03616148531951641,0.9911784529685974
1.0,0.036053540587219345,0.9911816120147705
1.0,0.03594559585492228,0.9911856055259705
1.0,0.035837651122625214,0.9911881685256958
1.0,0.03572970639032815,0.9911891222000122
1.0,0.03562176165803109,0.9911901950836182
1.0,0.03551381692573402,0.9911975264549255
1.0,0.03540587219343696,0.9911980032920837
1.0,0.0352979274611399,0.9912050366401672
1.0,0.035189982728842835,0.9912155866622925
1.0,0.035082037996545766,0.9912294149398804
1.0,0.034974093264248704,0.9912329316139221
1.0,0.03486614853195164,0.9912342429161072
1.0,0.03475820379965458,0.9912353754043579
1.0,0.03465025906735751,0.9912369251251221
1.0,0.03454231433506045,0.9912402033805847
1.0,0.03443436960276339,0.9912428855895996
1.0,0.03432642487046632,0.9912500381469727
1.0,0.034218480138169256,0.9912533164024353
1.0,0.034110535405872194,0.9912670254707336
1.0,0.03400259067357513,0.9912710189819336
1.0,0.03389464594127806,0.991275429725647
1.0,0.033786701208981,0.9912781119346619
1.0,0.03367875647668394,0.9912871718406677
1.0,0.03357081174438687,0.9912893772125244
1.0,0.03335492227979275,0.991315484046936
1.0,0.033246977547495685,0.991317629814148
1.0,0.033139032815198616,0.9913206696510315
1.0,0.033031088082901554,0.9913260340690613
1.0,0.03292314335060449,0.9913299083709717
1.0,0.03281519861830743,0.9913368225097656
1.0,0.03270725388601036,0.9913382530212402
1.0,0.0325993091537133,0.9913402199745178
1.0,0.03249136442141624,0.9913468956947327
1.0,0.03238341968911917,0.9913492202758789
1.0,0.032275474956822106,0.9913554787635803
1.0,0.032167530224525044,0.9913568496704102
1.0,0.03205958549222798,0.9913596510887146
1.0,0.03195164075993091,0.9913609623908997
1.0,0.03184369602763385,0.9913641214370728
1.0,0.03173575129533679,0.9913670420646667
1.0,0.03162780656303972,0.9913794994354248
1.0,0.03151986183074266,0.9913833141326904
1.0,0.031411917098445596,0.9913873076438904
1.0,0.031303972366148534,0.9913913011550903
1.0,0.03119602763385147,0.9913964867591858
1.0,0.031088082901554404,0.9914001226425171
1.0,0.03098013816925734,0.9914305806159973
1.0,0.030872193436960276,0.9914306998252869
1.0,0.03076424870466321,0.9914518594741821
1.0,0.03065630397236615,0.9914519786834717
1.0,0.030548359240069083,0.9914557337760925
1.0,0.03044041450777202,0.9914640784263611
1.0,0.030332469775474956,0.9914752244949341
1.0,0.030224525043177894,0.9914854168891907
1.0,0.03011658031088083,0.9914987683296204
1.0,0.030008635578583766,0.991506040096283
1.0,0.0299006908462867,0.9915187954902649
1.0,0.029792746113989636,0.9915199875831604
1.0,0.029684801381692574,0.9915211200714111
1.0,0.029468911917098446,0.9915271401405334
1.0,0.02936096718480138,0.991527259349823
1.0,0.02925302245250432,0.9915313720703125
1.0,0.029145077720207253,0.9915335774421692
1.0,0.02903713298791019,0.9915354251861572
1.0,0.028929188255613126,0.9915408492088318
1.0,0.02882124352331606,0.9915478825569153
1.0,0.028713298791019,0.9915537238121033
1.0,0.028605354058721933,0.9915685057640076
1.0,0.02849740932642487,0.9915697574615479
1.0,0.028389464594127806,0.9915776252746582
1.0,0.028281519861830744,0.9915905594825745
1.0,0.028173575129533678,0.9915973544120789
1.0,0.028065630397236616,0.9916050434112549
1.0,0.02795768566493955,0.9916185736656189
1.0,0.027849740932642485,0.9916240572929382
1.0,0.027741796200345423,0.9916245341300964
1.0,0.027633851468048358,0.991633415222168
1.0,0.027525906735751296,0.9916398525238037
1.0,0.02741796200345423,0.9916473627090454
1.0,0.02731001727115717,0.9916641712188721
1.0,0.027202072538860103,0.9916663765907288
1.0,0.02709412780656304,0.99167400598526
1.0,0.026986183074265976,0.9916802048683167
1.0,0.02687823834196891,0.9916804432868958
1.0,0.02677029360967185,0.9916959404945374
1.0,0.026662348877374783,0.9917083382606506
1.0,0.02655440414507772,0.9917228817939758
1.0,0.026446459412780655,0.9917258024215698
1.0,0.026338514680483593,0.9917263984680176
1.0,0.026230569948186528,0.9917497038841248
1.0,0.026122625215889466,0.9917536973953247
1.0,0.0260146804835924,0.9917719960212708
1.0,0.025906735751295335,0.9917892217636108
1.0,0.025798791018998273,0.9918009638786316
1.0,0.025690846286701208,0.9918070435523987
1.0,0.025582901554404146,0.9918217062950134
1.0,0.02547495682210708,0.9918367266654968
1.0,0.02536701208981002,0.9918379187583923
1.0,0.025259067357512953,0.9918385148048401
1.0,0.02515112262521589,0.9918431639671326
1.0,0.025043177892918825,0.9918580651283264
1.0,0.02493523316062176,0.991869330406189
1.0,0.024827288428324698,0.9918699264526367
1.0,0.024719343696027633,0.9918749928474426
1.0,0.02461139896373057,0.9918805956840515
1.0,0.024503454231433505,0.9918894171714783
1.0,0.024395509499136443,0.9918996095657349
1.0,0.024287564766839378,0.9919162392616272
1.0,0.024179620034542316,0.9919174313545227
1.0,0.02407167530224525,0.9919232726097107
1.0,0.023963730569948185,0.991935133934021
1.0,0.023855785837651123,0.9919363260269165
1.0,0.023747841105354058,0.9919387698173523
1.0,0.023639896373056996,0.9919428825378418
1.0,0.02353195164075993,0.9919537901878357
1.0,0.023424006908462868,0.9919551014900208
1.0,0.023316062176165803,0.9919562339782715
1.0,0.02320811744386874,0.9919678568840027
1.0,0.023100172711571675,0.9919775128364563
1.0,0.02299222797927461,0.9919775724411011
1.0,0.022884283246977548,0.9919819235801697
1.0,0.022776338514680482,0.9920035004615784
1.0,0.02266839378238342,0.9920051693916321
1.0,0.022560449050086355,0.9920101165771484
1.0,0.022452504317789293,0.9920326471328735
1.0,0.022344559585492228,0.9920327663421631
1.0,0.022236614853195166,0.9920378923416138
1.0,0.0221286701208981,0.9920414090156555
1.0,0.022020725388601035,0.9920605421066284
1.0,0.021912780656303973,0.992060661315918
1.0,0.021804835924006907,0.9920686483383179
1.0,0.021696891191709845,0.9920920133590698
1.0,0.02158894645941278,0.9920932650566101
1.0,0.021481001727115718,0.9921127557754517
1.0,0.021373056994818652,0.9921209812164307
1.0,0.02126511226252159,0.9921247363090515
1.0,0.021157167530224525,0.9921281337738037
1.0,0.02104922279792746,0.9921308159828186
1.0,0.020941278065630398,0.9921356439590454
1.0,0.020833333333333332,0.9921384453773499
1.0,0.02072538860103627,0.9921417236328125
1.0,0.020617443868739205,0.992159366607666
1.0,0.020509499136442143,0.992164134979248
1.0,0.020401554404145077,0.9921655654907227
1.0,0.020293609671848015,0.9921678900718689
1.0,0.02018566493955095,0.9921735525131226
1.0,0.020077720207253884,0.9921876192092896
1.0,0.019969775474956823,0.9922003149986267
1.0,0.019861830742659757,0.992206871509552
1.0,0.019753886010362695,0.99220871925354
1.0,0.01964594127806563,0.9922309517860413
1.0,0.019537996545768568,0.9922361969947815
1.0,0.019430051813471502,0.9922592043876648
1.0,0.01932210708117444,0.9922881126403809
1.0,0.019214162348877375,0.9923050999641418
1.0,0.01910621761658031,0.9923059344291687
1.0,0.018998272884283247,0.9923090934753418
1.0,0.018890328151986182,0.9923147559165955
1.0,0.01878238341968912,0.9923187494277954
1.0,0.018674438687392055,0.9923394918441772
1.0,0.018566493955094993,0.9923421740531921
1.0,0.018458549222797927,0.992361307144165
1.0,0.018350604490500865,0.9923710823059082
1.0,0.0182426597582038,0.9923715591430664
1.0,0.018134715025906734,0.9923869371414185
1.0,0.018026770293609672,0.9923875331878662
1.0,0.017918825561312607,0.9923911690711975
1.0,0.017810880829015545,0.9923918843269348
1.0,0.01770293609671848,0.9924063086509705
1.0,0.017594991364421417,0.9924069046974182
1.0,0.017487046632124352,0.9924231171607971
1.0,0.01737910189982729,0.9924488067626953
1.0,0.017271157167530225,0.9924531579017639
1.0,0.01716321243523316,0.992464542388916
1.0,0.017055267702936097,0.9924813508987427
1.0,0.01694732297063903,0.9924833178520203
1.0,0.01683937823834197,0.9924960136413574
1.0,0.016731433506044904,0.9925054907798767
1.0,0.016623488773747842,0.9925112724304199
1.0,0.016515544041450777,0.9925194978713989
1.0,0.016407599309153715,0.992519736289978
1.0,0.01629965457685665,0.9925222992897034
1.0,0.016191709844559584,0.9925270080566406
1.0,0.016083765112262522,0.992527961730957
1.0,0.015975820379965457,0.9925408363342285
1.0,0.015867875647668395,0.9925612807273865
1.0,0.01575993091537133,0.992566704750061
1.0,0.015651986183074267,0.9925790429115295
1.0,0.015544041450777202,0.9925853610038757
1.0,0.015436096718480138,0.9925892353057861
1.0,0.015328151986183074,0.9925950169563293
1.0,0.01522020725388601,0.9925978183746338
1.0,0.015112262521588947,0.9926005005836487
1.0,0.015004317789291883,0.9926241636276245
1.0,0.014896373056994818,0.9926446676254272
1.0,0.014788428324697754,0.9926493763923645
1.0,0.01468048359240069,0.9926599860191345
1.0,0.014572538860103627,0.9926831126213074
1.0,0.014464594127806563,0.9926891922950745
1.0,0.0143566493955095,0.9926909804344177
1.0,0.014248704663212436,0.9927014112472534
1.0,0.014140759930915372,0.9927107095718384
1.0,0.014032815198618308,0.9927318692207336
1.0,0.013924870466321243,0.9927412271499634
1.0,0.013816925734024179,0.9927570223808289
1.0,0.013708981001727115,0.9927660226821899
1.0,0.013601036269430052,0.9927789568901062
1.0,0.013493091537132988,0.9927893280982971
1.0,0.013385146804835924,0.9928041100502014
1.0,0.01327720207253886,0.9928156137466431
1.0,0.013169257340241797,0.9928366541862488
1.0,0.013061312607944733,0.9928374886512756
1.0,0.012953367875647668,0.9928809404373169
1.0,0.012845423143350604,0.9928846955299377
1.0,0.01273747841105354,0.9928862452507019
1.0,0.012629533678756476,0.9928927421569824
1.0,0.012521588946459413,0.9928942322731018
1.0,0.012413644214162349,0.9928951859474182
1.0,0.012197754749568222,0.99290931224823
1.0,0.012089810017271158,0.9929123520851135
1.0,0.011981865284974092,0.9929252862930298
1.0,0.011873920552677029,0.9929258823394775
1.0,0.011765975820379965,0.9929327964782715
1.0,0.011658031088082901,0.9929423332214355
1.0,0.011550086355785838,0.9929434657096863
1.0,0.011442141623488774,0.9929667711257935
1.0,0.01133419689119171,0.9929699301719666
1.0,0.011226252158894647,0.99298095703125
1.0,0.011118307426597583,0.9930005073547363
1.0,0.010902417962003454,0.9930024743080139
1.0,0.01079447322970639,0.9930064678192139
1.0,0.010686528497409326,0.9930242300033569
1.0,0.010578583765112263,0.9930282235145569
1.0,0.010470639032815199,0.9930394291877747
1.0,0.010362694300518135,0.993055522441864
1.0,0.010254749568221071,0.9930760860443115
1.0,0.010146804835924008,0.9930807948112488
1.0,0.010038860103626942,0.993095338344574
1.0,0.009930915371329879,0.9930999279022217
1.0,0.009822970639032815,0.9931046366691589
1.0,0.009715025906735751,0.9931158423423767
1.0,0.009607081174438687,0.9931159615516663
1.0,0.009499136442141624,0.9931273460388184
1.0,0.00939119170984456,0.9931374788284302
1.0,0.009283246977547496,0.9931419491767883
1.0,0.009175302245250433,0.9931475520133972
1.0,0.009067357512953367,0.9931496977806091
1.0,0.008959412780656303,0.9931596517562866
1.0,0.00885146804835924,0.9931679964065552
1.0,0.008743523316062176,0.9931864738464355
1.0,0.008635578583765112,0.9931886196136475
1.0,0.008527633851468049,0.9931904673576355
1.0,0.008419689119170985,0.9932159781455994
1.0,0.008311744386873921,0.9932340979576111
1.0,0.008203799654576857,0.9932895302772522
1.0,0.008095854922279792,0.9932953715324402
1.0,0.007987910189982728,0.9932981133460999
1.0,0.007879965457685665,0.9933062195777893
1.0,0.007772020725388601,0.9933102130889893
1.0,0.007664075993091537,0.9933171272277832
1.0,0.0075561312607944735,0.9933241009712219
1.0,0.007448186528497409,0.9933284521102905
1.0,0.007340241796200345,0.9933295249938965
1.0,0.0072322970639032815,0.9933493733406067
1.0,0.007124352331606218,0.993351399898529
1.0,0.007016407599309154,0.9933614730834961
1.0,0.0069084628670120895,0.9933777451515198
1.0,0.006800518134715026,0.9933786392211914
1.0,0.006692573402417962,0.993436872959137
1.0,0.006584628670120898,0.9934646487236023
1.0,0.006476683937823834,0.9934828877449036
1.0,0.00636873920552677,0.9934923052787781
1.0,0.006260794473229706,0.9935038685798645
1.0,0.006152849740932643,0.9935058355331421
1.0,0.006044905008635579,0.993513822555542
1.0,0.005936960276338514,0.9935257434844971
1.0,0.005829015544041451,0.9935300946235657
1.0,0.005721070811744387,0.9935407042503357
1.0,0.005613126079447323,0.9935569167137146
1.0,0.005505181347150259,0.9935663342475891
1.0,0.005397236614853195,0.9935868978500366
1.0,0.005289291882556131,0.9936406016349792
1.0,0.0051813471502590676,0.9936428070068359
1.0,0.005073402417962004,0.993645429611206
1.0,0.004965457685664939,0.9936635494232178
1.0,0.004749568221070812,0.9936698079109192
1.0,0.004641623488773748,0.9936748147010803
1.0,0.0045336787564766836,0.9936756491661072
1.0,0.00442573402417962,0.9937000274658203
1.0,0.004317789291882556,0.9938204884529114
1.0,0.0042098445595854924,0.9938414096832275
1.0,0.004101899827288429,0.9938501119613647
1.0,0.003993955094991364,0.9938551783561707
1.0,0.0038860103626943004,0.993868887424469
1.0,0.0037780656303972367,0.9938693046569824
1.0,0.0036701208981001726,0.993883490562439
1.0,0.003562176165803109,0.9939110279083252
1.0,0.0034542314335060447,0.9939180612564087
1.0,0.003346286701208981,0.993956446647644
1.0,0.003238341968911917,0.9939777851104736
1.0,0.003130397236614853,0.9940363168716431
1.0,0.0030224525043177895,0.9940400123596191
1.0,0.0029145077720207253,0.9940485954284668
1.0,0.0028065630397236616,0.9940856695175171
1.0,0.0026986183074265975,0.9941117167472839
1.0,0.0025906735751295338,0.9941174983978271
1.0,0.0024827288428324696,0.9941807389259338
1.0,0.002374784110535406,0.9942212104797363
1.0,0.0022668393782383418,0.9942230582237244
1.0,0.002158894645941278,0.9942495822906494
1.0,0.0020509499136442144,0.99428790807724
1.0,0.0019430051813471502,0.9943037629127502
1.0,0.0018350604490500863,0.9943506121635437
1.0,0.0017271157167530224,0.9943709969520569
1.0,0.0016191709844559584,0.9943860769271851
1.0,0.0015112262521588947,0.9943863153457642
1.0,0.0014032815198618308,0.9943996071815491
1.0,0.0012953367875647669,0.9944145679473877
1.0,0.001187392055267703,0.9944235682487488
1.0,0.001079447322970639,0.9944242835044861
1.0,0.0009715025906735751,0.9944302439689636
1.0,0.0008635578583765112,0.994455873966217
1.0,0.0007556131260794474,0.9944559931755066
1.0,0.0006476683937823834,0.9945138692855835
1.0,0.0005397236614853195,0.9946086406707764
1.0,0.0004317789291882556,0.9946638345718384
1.0,0.0003238341968911917,0.9953836798667908
1.0,0.0002158894645941278,0.9965904951095581
1.0,0.0001079447322970639,0.9966476559638977
1.0,0.0,
