precision,recall,threshold
0.3743030303030303,1.0,0.0027846142183989286
0.37431815426885934,1.0,0.002824100200086832
0.3743635335003637,1.0,0.0028312853537499905
0.3743786623560315,1.0,0.0028714449144899845
0.3743937924345296,1.0,0.002881512511521578
0.37440892373600615,1.0,0.002911933232098818
0.3744240562606095,1.0,0.0029543808195739985
0.3744391900084879,1.0,0.00296415900811553
0.3744543249797898,1.0,0.002982488600537181
0.37448459859325733,1.0,0.002992915688082576
0.3744997372357198,1.0,0.0029956602957099676
0.3745148771021992,1.0,0.003017573617398739
0.37453001819284415,1.0,0.003018999705091119
0.374545160507803,1.0,0.0030405991710722446
0.37457544881125665,1.0,0.003043310483917594
0.3745905948000485,1.0,0.0030435132794082165
0.37465119100578315,1.0,0.0030530814547091722
0.3746663431206018,1.0,0.003056953428313136
0.3746814964610718,1.0,0.00305820326320827
0.37474212208244,1.0,0.0030591499526053667
0.3747724422509001,1.0,0.0030734320171177387
0.37478760417509505,1.0,0.0030862512066960335
0.3748179317041592,1.0,0.0030925264582037926
0.37483309730932635,1.0,0.0030925748869776726
0.37486343220167523,1.0,0.0031028089579194784
0.37489881819653553,0.999892055267703,0.0031075014267116785
0.37492916700396667,0.999892055267703,0.0031177846249192953
0.3749746994292191,0.999892055267703,0.003130583092570305
0.37500506052386545,0.999892055267703,0.0031336452811956406
0.37502024291497976,0.999892055267703,0.0031493923161178827
0.3750506113855373,0.999892055267703,0.0031500165350735188
0.3750657974652792,0.999892055267703,0.0031567539554089308
0.37508098477486235,0.999892055267703,0.0031571201980113983
0.3750961733144361,0.999892055267703,0.0031587143894284964
0.3751265540841534,0.999892055267703,0.003164591733366251
0.37535456682065,0.999892055267703,0.0031692027114331722
0.37536977752563117,0.999892055267703,0.0031720285769551992
0.3753849894634463,0.999892055267703,0.0031720660626888275
0.3754002026342452,0.999892055267703,0.0031739589758217335
0.37546106765027765,0.999892055267703,0.003178565064445138
0.3754762869882448,0.999892055267703,0.003183883149176836
0.3754915075600957,0.999892055267703,0.0031869872473180294
0.37550672936598023,0.999892055267703,0.0031890827231109142
0.3755524021893371,0.999892055267703,0.003191611962392926
0.3755676289328576,0.999892055267703,0.0031935423612594604
0.37558285691116244,0.999892055267703,0.003193905344232917
0.3756133165727262,0.999892055267703,0.003197764977812767
0.3757047252078686,0.999892055267703,0.003199249040335417
0.37575044621126075,0.999892055267703,0.003204473527148366
0.37578093306288035,0.999892055267703,0.0032070151064544916
0.37581142486205776,0.999892055267703,0.0032071201130747795
0.3758266726173571,0.999892055267703,0.0032133960630744696
0.3758419216099976,0.999892055267703,0.0032176265958696604
0.3758876760134724,0.999892055267703,0.0032236468978226185
0.37591818513859016,0.999892055267703,0.003227148437872529
0.3759639581134832,0.999892055267703,0.003228585934266448
0.3759792182489751,0.999892055267703,0.0032289037480950356
0.3760097422366552,0.999892055267703,0.003235915442928672
0.3760250060891451,0.999892055267703,0.003237826284021139
0.37608607389362564,0.999892055267703,0.0032382402569055557
0.3761166152346922,0.999892055267703,0.003239268437027931
0.3761318877654607,0.999892055267703,0.0032403941731899977
0.37614716153658734,0.999892055267703,0.003246537409722805
0.3761777128005198,0.999892055267703,0.003249102970585227
0.3761929902936279,0.999892055267703,0.0032496422063559294
0.3762082690276988,0.999892055267703,0.0032502429094165564
0.37622354900288374,0.999892055267703,0.0032511157914996147
0.37625411267720055,0.999892055267703,0.0032515316270291805
0.3762440589836292,0.9997841105354058,0.0032598997931927443
0.3762593435164121,0.9997841105354058,0.003259932389482856
0.3762746292910827,0.9997841105354058,0.003262204583734274
0.3762899163077923,0.9997841105354058,0.0032629799097776413
0.37632049406793433,0.9997841105354058,0.003266311250627041
0.3763510767980496,0.9997841105354058,0.003269206266850233
0.37636637002722584,0.9997841105354058,0.0032727522775530815
0.3763816644993498,0.9997841105354058,0.003272885922342539
0.3763969602145731,0.9997841105354058,0.003275593975558877
0.3764275553749238,0.9997841105354058,0.0032790470868349075
0.3764428548203544,0.9997841105354058,0.0032820734195411205
0.3764581555094907,0.9997841105354058,0.0032825819216668606
0.3765193707061263,0.9997841105354058,0.003283252939581871
0.37653467761606635,0.9997841105354058,0.0032866704277694225
0.37656529516994636,0.9997841105354058,0.003289824118837714
0.3765806058141899,0.9997841105354058,0.0032941519748419523
0.3765959177035049,0.9997841105354058,0.0032946292776614428
0.3766112308380433,0.9997841105354058,0.0032947217114269733
0.3766265452179571,0.9997841105354058,0.0032961564138531685
0.37670313580347337,0.9997841105354058,0.003297624411061406
0.3767337807606264,0.9997841105354058,0.0032984225545078516
0.376749105109014,0.9997841105354058,0.003305529709905386
0.3768257455551487,0.9997841105354058,0.0033058251719921827
0.3768410773862804,0.9997841105354058,0.0033087253104895353
0.37685641046506896,0.9997841105354058,0.00330899260006845
0.3770865564693429,0.9997841105354058,0.0033096843399107456
0.37710190953137085,0.9997841105354058,0.0033103483729064465
0.3771172638436482,0.9997841105354058,0.00331052765250206
0.3772247790494033,0.9997841105354058,0.0033136617857962847
0.3772401433691756,0.9997841105354058,0.003315564477816224
0.37727087576374746,0.9997841105354058,0.0033158010337501764
0.3772862438388529,0.9997841105354058,0.003316473914310336
0.3773477286616419,0.9997841105354058,0.003316927934065461
0.37736310299869624,0.9997841105354058,0.003318812232464552
0.3773784785885996,0.9997841105354058,0.003318990580737591
0.37739385543150517,0.9997841105354058,0.0033195868600159883
0.3774092335275661,0.9997841105354058,0.0033214804716408253
0.3775015284287752,0.9997841105354058,0.003322573145851493
0.37753230342803573,0.9997841105354058,0.003323945449665189
0.3775630834454364,0.9997841105354058,0.0033242914360016584
0.3776246585395686,0.9997841105354058,0.003324691206216812
0.37764005545135776,0.9997841105354058,0.0033278418704867363
0.3776862537209966,0.9997841105354058,0.003329324070364237
0.3777016556561455,0.9997841105354058,0.003329605795443058
0.37771705884751844,0.9997841105354058,0.003330481005832553
0.37773246329526916,0.9997841105354058,0.0033315636683255434
0.3777478689995514,0.9997841105354058,0.0033327671699225903
0.3777632759605188,0.9997841105354058,0.0033329937141388655
0.3777786841783252,0.9997841105354058,0.0033334088511765003
0.3778095043850704,0.9997841105354058,0.003335410263389349
0.37784032962101743,0.9997841105354058,0.003336191875860095
0.37785574412532635,0.9997841105354058,0.00333998491987586
0.3778711598873975,0.9997841105354058,0.0033414994832128286
0.37793283551638307,0.9997841105354058,0.0033419267274439335
0.3779482575695748,0.9997841105354058,0.0033428575843572617
0.37796368088145277,0.9997841105354058,0.003343528136610985
0.37797910545217106,0.9997841105354058,0.003346445271745324
0.37800995837074525,0.9997841105354058,0.0033477512188255787
0.378056247193763,0.9997841105354058,0.003350128885358572
0.37807167932076086,0.9997841105354058,0.0033558111172169447
0.3780871127076785,0.9997841105354058,0.003355921246111393
0.37810254735467014,0.9997841105354058,0.0033584467601031065
0.37811798326189017,0.9997841105354058,0.0033592241816222668
0.37813342042949294,0.9997841105354058,0.00336149032227695
0.3781488588576328,0.9997841105354058,0.0033636156003922224
0.37816429854646416,0.9997841105354058,0.003365075448527932
0.3782106251786516,0.9997841105354058,0.003365932498127222
0.3782569631626235,0.9997841105354058,0.0033666654489934444
0.3782724116806208,0.9997841105354058,0.0033708566334098577
0.37828786146054566,0.9997841105354058,0.0033738373313099146
0.3783033125025528,0.9997841105354058,0.0033747435081750154
0.37833421837343245,0.9997841105354058,0.003378411754965782
0.37834967320261437,0.9997841105354058,0.0033797461073845625
0.3783805866492361,0.9997841105354058,0.003381312359124422
0.3784115051479,0.9997841105354058,0.003382791066542268
0.37842696629213485,0.9997841105354058,0.003382910043001175
0.37845789237118455,0.9997841105354058,0.003384230425581336
0.37847335730630927,0.9997841105354058,0.0033855107612907887
0.3785042909685329,0.9997841105354058,0.0033857279922813177
0.3785197596959418,0.9997841105354058,0.003385990159586072
0.37853522968775544,0.9997841105354058,0.003388375509530306
0.37856617346521704,0.9997841105354058,0.0033887829631567
0.37858164725117516,0.9997841105354058,0.0033901166170835495
0.3786125986183215,0.9997841105354058,0.003391083562746644
0.37862807619982014,0.9997841105354058,0.0033921971917152405
0.3786435550468092,0.9997841105354058,0.0033929389901459217
0.3786745165378797,0.9997841105354058,0.0033974209800362587
0.3787054830927751,0.9997841105354058,0.0033984025940299034
0.3787209682695453,0.9997841105354058,0.0033998857252299786
0.3787364547127377,0.9997841105354058,0.0034009795635938644
0.3788293999754591,0.9997841105354058,0.0034016906283795834
0.3788448952879581,0.9997841105354058,0.0034052766859531403
0.37886039186812287,0.9997841105354058,0.003408668329939246
0.37887588971610897,0.9997841105354058,0.003408964956179261
0.378891388832072,0.9997841105354058,0.003410074859857559
0.37890688921616755,0.9997841105354058,0.003412717254832387
0.37892239086855134,0.9997841105354058,0.003413813654333353
0.3789378937893789,0.9997841105354058,0.0034177449997514486
0.3789533979788061,0.9997841105354058,0.0034183640964329243
0.3789689034369885,0.9997841105354058,0.0034208553843200207
0.378984410164082,0.9997841105354058,0.003421355737373233
0.37901542742562505,0.9997841105354058,0.003424431663006544
0.37903093796038634,0.9997841105354058,0.0034253608901053667
0.3790464497646818,0.9997841105354058,0.0034265622962266207
0.3790929927963327,0.9997841105354058,0.0034305332228541374
0.3791395472594048,0.9997841105354058,0.0034312650095671415
0.37915506795480597,0.9997841105354058,0.003431539051234722
0.37917058992098907,0.9997841105354058,0.0034318161197006702
0.3792016376663255,0.9997841105354058,0.003433049423620105
0.37921716344579104,0.9997841105354058,0.0034379649441689253
0.3792792792792793,0.9997841105354058,0.0034394701942801476
0.37929481141733895,0.9997841105354058,0.0034399048890918493
0.37937249119357747,0.9997841105354058,0.0034406238701194525
0.37940357201376373,0.9997841105354058,0.0034446108620613813
0.379419114333702,0.9997841105354058,0.003447137074545026
0.37942477876106195,0.9996761658031088,0.003447681199759245
0.3794403244970705,0.9996761658031088,0.003448090748861432
0.3794558715070065,0.9996761658031088,0.0034489084500819445
0.37947141979102644,0.9996761658031088,0.003449338022619486
0.3796114117068372,0.9996761658031088,0.0034496462903916836
0.37962697274031565,0.9996761658031088,0.0034518041647970676
0.3796425350496024,0.9996761658031088,0.003453144570812583
0.3796580986348543,0.9996761658031088,0.0034536169841885567
0.37963266644801574,0.9995682210708118,0.003453858196735382
0.37964823090484195,0.9995682210708118,0.00345493177883327
0.3796949319337379,0.9995682210708118,0.003459807951003313
0.37971050149669905,0.9995682210708118,0.0034604293759912252
0.37972607233658656,0.9995682210708118,0.003460634732618928
0.379757217847769,0.9995682210708118,0.003464086912572384
0.37977279251937823,0.9995682210708118,0.0034652836620807648
0.37978836846854236,0.9995682210708118,0.003468370996415615
0.3798039456954186,0.9995682210708118,0.003468551905825734
0.37981952420016407,0.9995682210708118,0.0034695707727223635
0.37983510398293613,0.9995682210708118,0.0034697488881647587
0.379850685043892,0.9995682210708118,0.0034736935049295425
0.3798974358974359,0.9995682210708118,0.0034752602223306894
0.3799441982602987,0.9995682210708118,0.0034763715229928493
0.37995978827294735,0.9995682210708118,0.0034768227487802505
0.37997537956503896,0.9995682210708118,0.003479638835415244
0.3800065659881812,0.9995682210708118,0.0034801913425326347
0.38002216111954695,0.9995682210708118,0.003482603468000889
0.38005335522265543,0.9995682210708118,0.003482785075902939
0.38008455444731765,0.9995682210708118,0.003491089679300785
0.38013136288998356,0.9995682210708118,0.0034914996940642595
0.3801469682663492,0.9995682210708118,0.0034997749608010054
0.3801781828632426,0.9995682210708118,0.003500959137454629
0.38019379208408605,0.9995682210708118,0.003501839004456997
0.38020940258673785,0.9995682210708118,0.0035022518131881952
0.3802250143713558,0.9995682210708118,0.0035026478581130505
0.380240627438098,0.9995682210708118,0.003505448577925563
0.3802562417871222,0.9995682210708118,0.00350554333999753
0.3802718574185865,0.9995682210708118,0.0035061847884207964
0.38028747433264887,0.9995682210708118,0.0035068613942712545
0.3803187120091999,0.9995682210708118,0.0035083445254713297
0.3803655781474635,0.9995682210708118,0.0035090113524347544
0.3803812027604338,0.9995682210708118,0.0035096416249871254
0.38039682865710883,0.9995682210708118,0.003511029528453946
0.3804124558376469,0.9995682210708118,0.003511464921757579
0.38044371405094496,0.9995682210708118,0.003511817194521427
0.3804593450840215,0.9995682210708118,0.003512169001623988
0.3804749774015942,0.9995682210708118,0.0035205718595534563
0.38049061100382137,0.9995682210708118,0.003521806327626109
0.3805218820628724,0.9995682210708118,0.0035237648990005255
0.38053751952001313,0.9995682210708118,0.003525886917486787
0.38055315826244196,0.9995682210708118,0.0035259404685348272
0.38056879829031726,0.9995682210708118,0.003527205903083086
0.3805844396037976,0.9995682210708118,0.00352954282425344
0.38060008220304153,0.9995682210708118,0.0035311984829604626
0.38064701771694004,0.9995682210708118,0.0035320608876645565
0.38066266546082383,0.9995682210708118,0.0035329624079167843
0.38067831449126416,0.9995682210708118,0.0035335246939212084
0.3807096164124491,0.9995682210708118,0.003535518189892173
0.3807565789473684,0.9995682210708118,0.003536257427185774
0.38077223570048113,0.9995682210708118,0.003537112846970558
0.3807878937412616,0.9995682210708118,0.0035372371785342693
0.3808192136864616,0.9995682210708118,0.003540354548022151
0.38083487559119883,0.9995682210708118,0.0035405363887548447
0.3808505387842395,0.9995682210708118,0.0035407650284469128
0.3808975360947719,0.9995682210708118,0.003542951075360179
0.3809132044426162,0.9995682210708118,0.0035447715781629086
0.380928874079559,0.9995682210708118,0.003545212559401989
0.3810385976462843,0.9995682210708118,0.0035464155953377485
0.38105427760174476,0.9995682210708118,0.003548234235495329
0.3811954552939239,0.9995682210708118,0.0035498582292348146
0.3812111481618706,0.9995682210708118,0.003551626345142722
0.3812425377743011,0.9995682210708118,0.0035572568885982037
0.38125823451910407,0.9995682210708118,0.0035593160428106785
0.3813053325097797,0.9995682210708118,0.003560461336746812
0.3813210344259595,0.9995682210708118,0.003561236197128892
0.38135244213820935,0.9995682210708118,0.0035622178111225367
0.38136814793459906,0.9995682210708118,0.003566417843103409
0.38138385502471167,0.9995682210708118,0.003567570121958852
0.3814152730867452,0.9995682210708118,0.0035680891014635563
0.38143098405898584,0.9995682210708118,0.003568829968571663
0.3814466963255891,0.9995682210708118,0.00356885208748281
0.3814624098867147,0.9995682210708118,0.003571852808818221
0.38147812474252285,0.9995682210708118,0.0035739613231271505
0.3815095583388266,0.9995682210708118,0.003579399548470974
0.38152527707964234,0.9995682210708118,0.003580869175493717
0.3815409971157808,0.9995682210708118,0.0035853360313922167
0.381556718447402,0.9995682210708118,0.003585782600566745
0.3816038902167642,0.9995682210708118,0.0035910920705646276
0.3816353445433564,0.9995682210708118,0.0035938723012804985
0.3816510736512385,0.9995682210708118,0.0035952026955783367
0.381666804055725,0.9995682210708118,0.0035966651048511267
0.3816982687551525,0.9995682210708118,0.00360841560177505
0.3817769532055246,0.9995682210708118,0.003609060076996684
0.3817926939886204,0.9995682210708118,0.0036138819996267557
0.38180843606976456,0.9995682210708118,0.003616107627749443
0.3818714173780362,0.9995682210708118,0.0036206478253006935
0.3818871659518311,0.9995682210708118,0.003629340324550867
0.3819029158246381,0.9995682210708118,0.0036354183685034513
0.381918666996618,0.9995682210708118,0.0036414912901818752
0.3819659283092027,0.9995682210708118,0.0036448698956519365
0.3819816846794819,0.9995682210708118,0.003646290162578225
0.38199744234973804,0.9995682210708118,0.003646847791969776
0.382013201320132,0.9995682210708118,0.003647698787972331
0.3820289615908247,0.9995682210708118,0.0036503339651972055
0.3820447231619771,0.9995682210708118,0.003650358412414789
0.38206048603375004,0.9995682210708118,0.003651032689958811
0.38207625020630465,0.9995682210708118,0.0036539810243993998
0.38212355053026864,0.9995682210708118,0.0036594136618077755
0.3821550905864389,0.9995682210708118,0.0036598239094018936
0.3821708625670656,0.9995682210708118,0.0036638793535530567
0.38220241043420833,0.9995682210708118,0.0036678952164947987
0.38221818632104676,0.9995682210708118,0.0036694013979285955
0.3822339635102782,0.9995682210708118,0.0036701089702546597
0.38224974200206396,0.9995682210708118,0.0036716072354465723
0.3823602279296391,0.9995682210708118,0.0036775916814804077
0.382376016847669,0.9995682210708118,0.003680858528241515
0.382391807069706,0.9995682210708118,0.003683085087686777
0.3824233914264475,0.9995682210708118,0.003684045746922493
0.3824391855614752,0.9995682210708118,0.0036854359786957502
0.38250237514973773,0.9995682210708118,0.0036857477389276028
0.3825181758096497,0.9995682210708118,0.003686768701300025
0.38253397777502374,0.9995682210708118,0.0036904450971633196
0.38254978104602166,0.9995682210708118,0.0036926795728504658
0.3825655856228052,0.9995682210708118,0.0036947622429579496
0.3825813915055363,0.9995682210708118,0.0036979548167437315
0.3826130071894885,0.9995682210708118,0.0037012852262705564
0.3826288169910334,0.9995682210708118,0.003701967652887106
0.38264462809917354,0.9995682210708118,0.0037099202163517475
0.38267625423588725,0.9995682210708118,0.003710075281560421
0.38286612089638633,0.9995682210708118,0.0037112210411578417
0.38291361700368026,0.9995682210708118,0.0037149677518755198
0.3829294516582582,0.9995682210708118,0.0037178031634539366
0.38294528762251356,0.9995682210708118,0.0037183791864663363
0.3829611248966088,0.9995682210708118,0.0037201140075922012
0.3829769634807064,0.9995682210708118,0.0037209694273769855
0.382992803374969,0.9995682210708118,0.0037242695689201355
0.3830086445795591,0.9995682210708118,0.0037338731344789267
0.38305617605692066,0.9995682210708118,0.003742891363799572
0.3830720225044471,0.9995682210708118,0.0037479798775166273
0.38308787026311436,0.9995682210708118,0.0037517992313951254
0.3831037193330851,0.9995682210708118,0.0037518099416047335
0.38311956971452216,0.9995682210708118,0.003754693316295743
0.38315127441244623,0.9995682210708118,0.00375701067969203
0.3831671287292589,0.9995682210708118,0.0037736366502940655
0.38319884129939996,0.9995682210708118,0.003789217909798026
0.38321469955305415,0.9995682210708118,0.0037908831145614386
0.38326228219030667,0.9995682210708118,0.0037927853409200907
0.3832781456953642,0.9995682210708118,0.00379341933876276
0.38329401051368023,0.9995682210708118,0.003794698975980282
0.38330987664541766,0.9995682210708118,0.0037954128347337246
0.38334161284980955,0.9995682210708118,0.003800413804128766
0.3833574829227903,0.9995682210708118,0.0038023802917450666
0.38337335430984515,0.9995682210708118,0.0038031497970223427
0.38340510102683006,0.9995682210708118,0.003813169663771987
0.38342097635708666,0.9995682210708118,0.003826366038993001
0.38343685300207037,0.9995682210708118,0.0038267967756837606
0.3834527309619446,0.9995682210708118,0.003832569345831871
0.3834686102368726,0.9995682210708118,0.0038351535331457853
0.38348449082701785,0.9995682210708118,0.003837380325421691
0.38350037273254367,0.9995682210708118,0.0038376259617507458
0.3835162559536136,0.9995682210708118,0.0038390536792576313
0.3836751605552103,0.9995682210708118,0.0038442853838205338
0.38369105825805916,0.9995682210708118,0.0038533678743988276
0.3837069572784155,0.9995682210708118,0.0038567939773201942
0.3838819335046845,0.9995682210708118,0.0038708175998181105
0.38389784834791263,0.9995682210708118,0.003873005975037813
0.3839137645107794,0.9995682210708118,0.003873797133564949
0.3839296819934491,0.9995682210708118,0.0038790428079664707
0.3839456007960859,0.9995682210708118,0.003884033765643835
0.38396152091885394,0.9995682210708118,0.0038884307723492384
0.3839774423619174,0.9995682210708118,0.003890978405252099
0.3839933651254406,0.9995682210708118,0.0038962545804679394
0.3840411413404114,0.9995682210708118,0.0038965956773608923
0.3840570693874165,0.9995682210708118,0.0038969414308667183
0.38407299875570305,0.9995682210708118,0.003897663438692689
0.384120794789895,0.9995682210708118,0.0039163692854344845
0.3841367294449515,0.9995682210708118,0.0039210538379848
0.38418454134340124,0.9995682210708118,0.003928336780518293
0.3842164225550807,0.9995682210708118,0.003930546808987856
0.38423236514522824,0.9995682210708118,0.003931102808564901
0.38424830905846713,0.9995682210708118,0.003935566172003746
0.384222757075276,0.9994602763385146,0.003939405549317598
0.3842387019131012,0.9994602763385146,0.0039444491267204285
0.3842546480743692,0.9994602763385146,0.003945718053728342
0.3843184459571642,0.9994602763385146,0.003957072272896767
0.384334398738118,0.9994602763385146,0.003961901180446148
0.38435035284350355,0.9994602763385146,0.003963949158787727
0.3843822650282298,0.9994602763385146,0.003972013480961323
0.3843982231079005,0.9994602763385146,0.003972449339926243
0.38441418251266296,0.9994602763385146,0.003972779493778944
0.38443014324268215,0.9994602763385146,0.003980610053986311
0.38444610529812323,0.9994602763385146,0.003981422632932663
0.3844780333859314,0.9994602763385146,0.003982903901487589
0.3845578768118952,0.9994602763385146,0.003986189141869545
0.38457384947665724,0.9994602763385146,0.003990852739661932
0.38463775340644735,0.9994602763385146,0.003991167061030865
0.38465373270740727,0.9994602763385146,0.003991942387074232
0.38466971333610306,0.9994602763385146,0.0039933668449521065
0.38470167857736415,0.9994602763385146,0.003999238833785057
0.3846920967339815,0.9993523316062176,0.003999805077910423
0.384708082277166,0.9993523316062176,0.0040012928657233715
0.3847560468788962,0.9993523316062176,0.004014302510768175
0.3847720377374174,0.9993523316062176,0.004018827341496944
0.384788029925187,0.9993523316062176,0.004019592422991991
0.38480402344237086,0.9993523316062176,0.004022069275379181
0.3848200182891346,0.9993523316062176,0.0040251724421978
0.3848360144656441,0.9993523316062176,0.004033136647194624
0.3848520119720652,0.9993523316062176,0.004033881705254316
0.3848680108085637,0.9993523316062176,0.004036010708659887
0.38488401097530556,0.9993523316062176,0.004037471488118172
0.38490001247245664,0.9993523316062176,0.004041680600494146
0.38491601530018293,0.9993523316062176,0.00404911395162344
0.38493201945865035,0.9993523316062176,0.004051770083606243
0.38494802494802494,0.9993523316062176,0.004052973352372646
0.3849640317684727,0.9993523316062176,0.004054800141602755
0.3850280723643169,0.9993523316062176,0.004076732322573662
0.38504408584262184,0.9993523316062176,0.004080255515873432
0.38506010065299673,0.9993523316062176,0.0040836515836417675
0.38507611679560766,0.9993523316062176,0.00408916687592864
0.385092134270621,0.9993523316062176,0.004091165494173765
0.385108153078203,0.9993523316062176,0.004093547817319632
0.3851722416375437,0.9993523316062176,0.004101716913282871
0.385204293916951,0.9993523316062176,0.004102040082216263
0.3852203220571714,0.9993523316062176,0.00410356605425477
0.38534859521331943,0.9993523316062176,0.00411005225032568
0.3853646353646354,0.9993523316062176,0.004110335372388363
0.3853806768513508,0.9993523316062176,0.0041124457493424416
0.3853967196736325,0.9993523316062176,0.0041143447160720825
0.3853711335914408,0.9992443868739206,0.004126440268009901
0.3853871773522065,0.9992443868739206,0.004126914776861668
0.38536158874224574,0.9991364421416234,0.004131073597818613
0.3853776334415855,0.9991364421416234,0.004135644994676113
0.3853936794770371,0.9991364421416234,0.004135792143642902
0.3854097268487675,0.9991364421416234,0.004146031104028225
0.3854257755569436,0.9991364421416234,0.004152815323323011
0.38544182560173235,0.9991364421416234,0.00415947986766696
0.38550603915035403,0.9991364421416234,0.0041597625240683556
0.3855220958807114,0.9991364421416234,0.004160615615546703
0.3855381539486838,0.9991364421416234,0.004161427728831768
0.3855542133544383,0.9991364421416234,0.004166196566075087
0.38557027409814215,0.9991364421416234,0.004169783089309931
0.3855863361799625,0.9991364421416234,0.0041810087859630585
0.38560239960006665,0.9991364421416234,0.004184228368103504
0.38561846435862185,0.9991364421416234,0.004184268414974213
0.3856345304557954,0.9991364421416234,0.004191969987004995
0.3856505978917545,0.9991364421416234,0.004193515051156282
0.38566666666666666,0.9991364421416234,0.00420435331761837
0.38564106837784906,0.9990284974093264,0.004204804543405771
0.38565713809484126,0.9990284974093264,0.00420984486117959
0.3856732091511439,0.9990284974093264,0.004217548295855522
0.3856892815469245,0.9990284974093264,0.004227363970130682
0.38566367993331946,0.9989205526770294,0.0042338925413787365
0.38567975327165127,0.9989205526770294,0.00423484155908227
0.3856958279498187,0.9989205526770294,0.004239798989146948
0.3857119039679893,0.9989205526770294,0.004245816729962826
0.3857279813263307,0.9989205526770294,0.004246062599122524
0.38574406002501044,0.9989205526770294,0.004246471915394068
0.38576014006419607,0.9989205526770294,0.004252234473824501
0.3857762214440554,0.9989205526770294,0.0042546275071799755
0.3857923041647559,0.9989205526770294,0.004255366511642933
0.38580838822646546,0.9989205526770294,0.004265778698027134
0.3858566484593254,0.9989205526770294,0.004271946381777525
0.3858727378867484,0.9989205526770294,0.004274632781744003
0.38588882865601937,0.9989205526770294,0.004275008570402861
0.3859049207673061,0.9989205526770294,0.004294618032872677
0.3859210142207765,0.9989205526770294,0.004297133069485426
0.38593710901659856,0.9989205526770294,0.004297636914998293
0.38595320515494014,0.9989205526770294,0.004314002115279436
0.3859693026359693,0.9989205526770294,0.0043157595209777355
0.385985401459854,0.9989205526770294,0.004316412843763828
0.38600150162676233,0.9989205526770294,0.0043167839758098125
0.3860176031368623,0.9989205526770294,0.004319638013839722
0.38603370599032205,0.9989205526770294,0.004325751680880785
0.38604981018730966,0.9989205526770294,0.0043335650116205215
0.3860659157279933,0.9989205526770294,0.004334775265306234
0.3860820226125412,0.9989205526770294,0.0043374160304665565
0.3860981308411215,0.9989205526770294,0.004338637925684452
0.38611424041390247,0.9989205526770294,0.004349324852228165
0.38613035133105233,0.9989205526770294,0.00435125594958663
0.3861464635927394,0.9989205526770294,0.004352958872914314
0.38616257719913205,0.9989205526770294,0.004356136079877615
0.3861786921503985,0.9989205526770294,0.004358306061476469
0.3861948084467073,0.9989205526770294,0.004359268583357334
0.3862109260882267,0.9989205526770294,0.004363656044006348
0.38622704507512523,0.9989205526770294,0.0043664597906172276
0.38624316540757125,0.9989205526770294,0.004367063287645578
0.38625928708573337,0.9989205526770294,0.004374890588223934
0.38627541010978,0.9989205526770294,0.004384040832519531
0.3862915344798798,0.9989205526770294,0.004384247120469809
0.3863237872589129,0.9989205526770294,0.004388397093862295
0.38629816724418653,0.9988126079447323,0.0043901666067540646
0.38631429525718103,0.9988126079447323,0.004390585236251354
0.38633042461692624,0.9988126079447323,0.00439175870269537
0.386427229066611,0.9988126079447323,0.004413883667439222
0.3864595079981623,0.9988126079447323,0.004415872506797314
0.38647564948625845,0.9988126079447323,0.004415994044393301
0.3864917923227935,0.9988126079447323,0.0044184536673128605
0.3865079365079365,0.9988126079447323,0.004424975719302893
0.3865240820418564,0.9988126079447323,0.004427182022482157
0.3865402289247222,0.9988126079447323,0.004427675623446703
0.38657252673796794,0.9988126079447323,0.00442948192358017
0.3866048299490265,0.9988126079447323,0.004439595155417919
0.3866209835791585,0.9988126079447323,0.004439605865627527
0.3866371385592512,0.9988126079447323,0.004440157674252987
0.3866532948894739,0.9988126079447323,0.004447640851140022
0.3866694525699958,0.9988126079447323,0.004449188709259033
0.38668561160098625,0.9988126079447323,0.004454195033758879
0.38665997993981943,0.9987046632124352,0.00445508724078536
0.38667613992560707,0.9987046632124352,0.004455461632460356
0.38665050572598847,0.9985967184801382,0.004457864910364151
0.38666666666666666,0.9985967184801382,0.004458514507859945
0.38668282895836814,0.9985967184801382,0.004475567955523729
0.3866989926012624,0.9985967184801382,0.0044757104478776455
0.3867151575955188,0.9985967184801382,0.00448000431060791
0.3867313239413068,0.9985967184801382,0.004481095355004072
0.38674749163879596,0.9985967184801382,0.004481414332985878
0.3867636606881559,0.9985967184801382,0.004482340067625046
0.386779831089556,0.9985967184801382,0.00448989775031805
0.38679600284316595,0.9985967184801382,0.004490353632718325
0.3868121759491554,0.9985967184801382,0.004491312894970179
0.3868283504076939,0.9985967184801382,0.00449189729988575
0.38684452621895127,0.9985967184801382,0.0044931042939424515
0.3868607033830971,0.9985967184801382,0.004501801915466785
0.3868768819003011,0.9985967184801382,0.004501913208514452
0.3869092429945629,0.9985967184801382,0.004508765414357185
0.38692542557196036,0.9985967184801382,0.004510255064815283
0.38700635876840694,0.9985967184801382,0.004510957282036543
0.38702254947077774,0.9985967184801382,0.004512814339250326
0.3870387415279056,0.9985967184801382,0.004513709805905819
0.3871683267765966,0.9985967184801382,0.004521287977695465
0.3871845310341941,0.9985967184801382,0.004522687755525112
0.387216943618936,0.9985967184801382,0.004524456802755594
0.3872331519464211,0.9985967184801382,0.004533585160970688
0.38724936163087614,0.9985967184801382,0.004535345826297998
0.3872655726724715,0.9985967184801382,0.0045384899713099
0.3872817850713777,0.9985967184801382,0.004543042276054621
0.3872979988277652,0.9985967184801382,0.004547868389636278
0.3873142139418045,0.9985967184801382,0.004552308935672045
0.38733043041366605,0.9985967184801382,0.004555395804345608
0.3873466482435205,0.9985967184801382,0.004559672437608242
0.3873628674315384,0.9985967184801382,0.004566365387290716
0.3873790879778904,0.9985967184801382,0.004572796169668436
0.38739530988274706,0.9985967184801382,0.004576763603836298
0.38741153314627913,0.9985967184801382,0.004577871412038803
0.38742775776865734,0.9985967184801382,0.0045791734009981155
0.38744398375005235,0.9985967184801382,0.004582310561090708
0.38746021109063494,0.9985967184801382,0.0045890361070632935
0.3874926698500461,0.9985967184801382,0.004589335061609745
0.3875089012692163,0.9985967184801382,0.004590500611811876
0.3875251340482574,0.9985967184801382,0.004590759519487619
0.3875413681873403,0.9985967184801382,0.004590947180986404
0.38757384054631533,0.9985967184801382,0.004594834055751562
0.38759007876654933,0.9985967184801382,0.004600302781909704
0.38760631834750914,0.9985967184801382,0.004600975196808577
0.3876225592893656,0.9985967184801382,0.004609372932463884
0.3876131411330875,0.9984887737478411,0.0046114870347082615
0.38762938440263167,0.9984887737478411,0.0046186321415007114
0.38757805624240393,0.998272884283247,0.004619833547621965
0.3875943000838223,0.998272884283247,0.004621794447302818
0.3876105452868938,0.998272884283247,0.004636136814951897
0.3876267918517898,0.998272884283247,0.004639942664653063
0.3876430397786813,0.998272884283247,0.004641561768949032
0.3876592890677398,0.998272884283247,0.004642659332603216
0.38767553971913643,0.998272884283247,0.004646818619221449
0.3876917917330427,0.998272884283247,0.0046482570469379425
0.3877080451096298,0.998272884283247,0.004649613983929157
0.38772429984906925,0.998272884283247,0.004661264829337597
0.38775681341719076,0.998272884283247,0.004670328926295042
0.38777307224621577,0.998272884283247,0.0046797520481050014
0.38778933243877894,0.998272884283247,0.004683195613324642
0.38780559399505177,0.998272884283247,0.004692059475928545
0.38782185691520593,0.998272884283247,0.0046938457526266575
0.38785438684784435,0.998272884283247,0.004693854600191116
0.3878706538606719,0.998272884283247,0.00469850143417716
0.38788692223806726,0.998272884283247,0.004704324994236231
0.3879520093967615,0.998272884283247,0.004706618841737509
0.3879682845995721,0.998272884283247,0.004708419553935528
0.3879845611679812,0.998272884283247,0.00471034599468112
0.3880008391021607,0.998272884283247,0.004712803289294243
0.3880171184022825,0.998272884283247,0.004716473165899515
0.3880333990685184,0.998272884283247,0.004719780292361975
0.3880496811010406,0.998272884283247,0.004721106495708227
0.38806596450002095,0.998272884283247,0.004722544923424721
0.38808224926563156,0.998272884283247,0.0047240713611245155
0.3880985353980444,0.998272884283247,0.004737338051199913
0.3881148228974316,0.998272884283247,0.004737924784421921
0.38813111176396525,0.998272884283247,0.004743779078125954
0.3881474019978175,0.998272884283247,0.004743868950754404
0.38816369359916053,0.998272884283247,0.004745287820696831
0.38817998656816655,0.998272884283247,0.004766670987010002
0.38819628090500774,0.998272884283247,0.004776484798640013
0.3882125766098564,0.998272884283247,0.004780870396643877
0.38822887368288483,0.998272884283247,0.004796177614480257
0.38824517212426535,0.998272884283247,0.004802912473678589
0.3882614719341702,0.998272884283247,0.004809709265828133
0.38827777311277184,0.998272884283247,0.004810309503227472
0.3883103795767551,0.998272884283247,0.004811734426766634
0.3883266848624816,0.998272884283247,0.004811828024685383
0.3883429915175947,0.998272884283247,0.004814582411199808
0.38835929954226683,0.998272884283247,0.0048214709386229515
0.38833361330421634,0.9981649395509499,0.004821594804525375
0.3883662326753465,0.9981649395509499,0.004824480973184109
0.38838254441597714,0.9981649395509499,0.004830475896596909
0.38839885752688175,0.9981649395509499,0.004859849810600281
0.3884151720082329,0.9981649395509499,0.004860739689320326
0.3884314878602033,0.9981649395509499,0.004867715295404196
0.3884057971014493,0.9980569948186528,0.004873479250818491
0.38842211393043186,0.9980569948186528,0.00487360218539834
0.38843843213040374,0.9980569948186528,0.00487484410405159
0.3884547517015377,0.9980569948186528,0.004876072518527508
0.38847107264400654,0.9980569948186528,0.004877067636698484
0.3884873949579832,0.9980569948186528,0.004890169482678175
0.38852004370115134,0.9980569948186528,0.004891850054264069
0.38853637013068876,0.9980569948186528,0.004892086610198021
0.38855269793242564,0.9980569948186528,0.004899564199149609
0.38856902710653496,0.9980569948186528,0.004903027787804604
0.38858535765318986,0.9980569948186528,0.004913601092994213
0.38860168957256336,0.9980569948186528,0.004915244877338409
0.38863435753015846,0.9980569948186528,0.004927724599838257
0.38865069356872634,0.9980569948186528,0.004931522998958826
0.3886997099255896,0.9980569948186528,0.0049354624934494495
0.38871605145884136,0.9980569948186528,0.004937001038342714
0.38873239436619716,0.9980569948186528,0.004938484635204077
0.3887487386478305,0.9980569948186528,0.0049414681270718575
0.38876508430391454,0.9980569948186528,0.004944273270666599
0.38878143133462284,0.9980569948186528,0.004946514032781124
0.3887977797401287,0.9980569948186528,0.0049684904515743256
0.38881412952060557,0.9980569948186528,0.004971874877810478
0.38883048067622694,0.9980569948186528,0.004982144571840763
0.3888468332071663,0.9980569948186528,0.004990971647202969
0.3888631871135972,0.9980569948186528,0.00499312486499548
0.3888795423956931,0.9980569948186528,0.00499421451240778
0.38889589905362776,0.9980569948186528,0.00499726040288806
0.3889613394472256,0.9980569948186528,0.005001876503229141
0.38897770298695833,0.9980569948186528,0.005001897923648357
0.3889940679035719,0.9980569948186528,0.005006180610507727
0.38901043419723996,0.9980569948186528,0.005006760358810425
0.3890268018681365,0.9980569948186528,0.005011741537600756
0.38904317091643525,0.9980569948186528,0.005017249379307032
0.38905954134231013,0.9980569948186528,0.005019242409616709
0.38907591314593504,0.9980569948186528,0.00502272741869092
0.3890922863274839,0.9980569948186528,0.0050246817991137505
0.3891086608871307,0.9980569948186528,0.005037324968725443
0.38912503682504945,0.9980569948186528,0.005042444448918104
0.3891414141414141,0.9980569948186528,0.00504620186984539
0.38915779283639884,0.9980569948186528,0.005052423104643822
0.3891905543629246,0.9980569948186528,0.00505625968798995
0.3892069371948139,0.9980569948186528,0.005056470632553101
0.3892233214060198,0.9980569948186528,0.005061004310846329
0.38923970699671634,0.9980569948186528,0.005071428604424
0.38925609396707783,0.9980569948186528,0.0050778635777533054
0.38928887204749274,0.9980569948186528,0.005091799423098564
0.3893052631578947,0.9980569948186528,0.005094256717711687
0.3893216556486589,0.9980569948186528,0.005095670465379953
0.3893380495199596,0.9980569948186528,0.005108596291393042
0.3893544447719712,0.9980569948186528,0.005109379068017006
0.389387239418825,0.9980569948186528,0.0051161604933440685
0.3894036388140162,0.9980569948186528,0.005116874352097511
0.38942003959061616,0.9980569948186528,0.005121016874909401
0.3894364417487996,0.9980569948186528,0.005122523754835129
0.389469250210615,0.9980569948186528,0.005124365910887718
0.3894856565145962,0.9980569948186528,0.00512641342356801
0.38950206420085937,0.9980569948186528,0.0051323482766747475
0.3895184732695791,0.9980569948186528,0.0051327352412045
0.38955129555508744,0.9980569948186528,0.005137833766639233
0.38952557512429425,0.9979490500863558,0.0051483153365552425
0.389541987949269,0.9979490500863558,0.005149357952177525
0.3895584021574246,0.9979490500863558,0.005160903558135033
0.389574817748936,0.9979490500863558,0.005184282548725605
0.3895912347239781,0.9979490500863558,0.005185138434171677
0.389624072825354,0.9979490500863558,0.00519286235794425
0.38964049395203776,0.9979490500863558,0.0051930989138782024
0.38965691646295203,0.9979490500863558,0.005204309243708849
0.3896733403582719,0.9979490500863558,0.005208189133554697
0.3897061923028285,0.9979490500863558,0.005208676215261221
0.3897226203524155,0.9979490500863558,0.00520985247567296
0.3897390497871085,0.9979490500863558,0.005210781469941139
0.38975548060708265,0.9979490500863558,0.0052122874185442924
0.38977191281251317,0.9979490500863558,0.005216311663389206
0.38978834640357535,0.9979490500863558,0.005220006685703993
0.3898047813804444,0.9979490500863558,0.00522503349930048
0.38982121774329564,0.9979490500863558,0.005228050518780947
0.3898376554923044,0.9979490500863558,0.005231149028986692
0.38985409462764614,0.9979490500863558,0.005232501309365034
0.38987053514949604,0.9979490500863558,0.005233218427747488
0.3898869770580297,0.9979490500863558,0.005243983119726181
0.38990342035342246,0.9979490500863558,0.005245836451649666
0.38991986503584986,0.9979490500863558,0.0052544353529810905
0.3899363111054874,0.9979490500863558,0.00525810057297349
0.38995275856251055,0.9979490500863558,0.005266567226499319
0.38996920740709495,0.9979490500863558,0.0052676815539598465
0.38998565763941617,0.9979490500863558,0.005268271546810865
0.39000210925964984,0.9979490500863558,0.005269283428788185
0.39001856226797166,0.9979490500863558,0.00527047086507082
0.39003501666455725,0.9979490500863558,0.005283957347273827
0.3900514724495823,0.9979490500863558,0.005284691695123911
0.3900679296232227,0.9979490500863558,0.0053099957294762135
0.3901008481370522,0.9979490500863558,0.005310325883328915
0.39011730947759304,0.9979490500863558,0.005312346387654543
0.39015023632680623,0.9979490500863558,0.0053161196410655975
0.39016670183583035,0.9979490500863558,0.005318187642842531
0.39018316873470077,0.9979490500863558,0.005321215372532606
0.3902161067026845,0.9979490500863558,0.005323926918208599
0.3902490502321655,0.9979490500863558,0.005324800498783588
0.39028199932455254,0.9979490500863558,0.005328969098627567
0.3902984759572761,0.9979490500863558,0.005330759100615978
0.39031495398125476,0.9979490500863558,0.00534294918179512
0.39033143339666454,0.9979490500863558,0.005343128927052021
0.3903479142036818,0.9979490500863558,0.005348735488951206
0.39036439640248277,0.9979490500863558,0.005350658670067787
0.39038087999324383,0.9979490500863558,0.005351455416530371
0.3903973649761412,0.9979490500863558,0.005375812761485577
0.39046331883262236,0.9979490500863558,0.005378556903451681
0.3904798107788478,0.9979490500863558,0.005378942470997572
0.3904963041182682,0.9979490500863558,0.00537915388122201
0.3905127988510602,0.9979490500863558,0.005384662188589573
0.3905292949774004,0.9979490500863558,0.005391886457800865
0.39056229141143173,0.9979490500863558,0.005404787603765726
0.3905787917194761,0.9979490500863558,0.005413830745965242
0.3905952934217753,0.9979490500863558,0.005416773725301027
0.390611796518506,0.9979490500863558,0.0054222713224589825
0.3906283010098449,0.9979490500863558,0.005425206385552883
0.3906448068959689,0.9979490500863558,0.005427324213087559
0.39066131417705474,0.9979490500863558,0.0054284799844026566
0.39067782285327923,0.9979490500863558,0.0054297056049108505
0.39071084439185194,0.9979490500863558,0.00543576292693615
0.39072735725455393,0.9979490500863558,0.005436943843960762
0.3907438715131023,0.9979490500863558,0.005437691695988178
0.39076038716767403,0.9979490500863558,0.005440614186227322
0.3907934226655958,0.9979490500863558,0.005446156486868858
0.39080994250929996,0.9979490500863558,0.005446453578770161
0.3908264637497358,0.9979490500863558,0.005446900613605976
0.3908760358532048,0.9979490500863558,0.005463633686304092
0.39090909090909093,0.9979490500863558,0.005465732887387276
0.3909256205336378,0.9979490500863558,0.005465953145176172
0.39094215155615697,0.9979490500863558,0.005492472089827061
0.3909586839768258,0.9979490500863558,0.005492828786373138
0.39097521779582173,0.9979490500863558,0.005496641155332327
0.39099175301332206,0.9979490500863558,0.005501071456819773
0.3910082896295043,0.9979490500863558,0.005505894310772419
0.39102482764454594,0.9979490500863558,0.005507622845470905
0.39104136705862447,0.9979490500863558,0.00551350275054574
0.3910579078719174,0.9979490500863558,0.005514318589121103
0.39107445008460234,0.9979490500863558,0.00551461149007082
0.3910909936968569,0.9979490500863558,0.0055153463035821915
0.3911075387088586,0.9979490500863558,0.0055196345783770084
0.3911240851207852,0.9979490500863558,0.005523106548935175
0.39114063293281437,0.9979490500863558,0.005526446737349033
0.39115718214512374,0.9979490500863558,0.005534051917493343
0.3911737327578912,0.9979490500863558,0.005552006885409355
0.39119028477129436,0.9979490500863558,0.005574966315180063
0.39120683818551116,0.9979490500863558,0.005578025709837675
0.3912399492170969,0.9979490500863558,0.005586731713265181
0.3912565068348216,0.9979490500863558,0.0055913724936544895
0.39127306585407146,0.9979490500863558,0.005599281284958124
0.39128962627502434,0.9979490500863558,0.005602492485195398
0.3913061880978583,0.9979490500863558,0.005612641107290983
0.39132275132275135,0.9979490500863558,0.005621094256639481
0.39133931594988147,0.9979490500863558,0.005632457323372364
0.39135588197942683,0.9979490500863558,0.005636523477733135
0.3913466830362813,0.9978411053540587,0.005643235519528389
0.39136325148179507,0.9978411053540587,0.005647033452987671
0.391337482535247,0.9977331606217616,0.00565002765506506
0.391370622856417,0.9977331606217616,0.005650654900819063
0.3913871951219512,0.9977331606217616,0.005655514542013407
0.3914037687910227,0.9977331606217616,0.00565770547837019
0.3914203438638096,0.9977331606217616,0.0056752790696918964
0.39143692034049044,0.9977331606217616,0.005676699802279472
0.3914534982212434,0.9977331606217616,0.005681713577359915
0.39147007750624707,0.9977331606217616,0.005681794602423906
0.3914866581956798,0.9977331606217616,0.005694415885955095
0.39150324028972,0.9977331606217616,0.005696249660104513
0.3915198237885463,0.9977331606217616,0.005701242480427027
0.3915529950012709,0.9977331606217616,0.005710616707801819
0.3915695827155264,0.9977331606217616,0.005711160600185394
0.39158617183528216,0.9977331606217616,0.0057139829732477665
0.39160276236071684,0.9977331606217616,0.005717587191611528
0.39161935429200917,0.9977331606217616,0.005726075265556574
0.39163594762933773,0.9977331606217616,0.005726093892008066
0.39166913852281876,0.9977331606217616,0.005733695346862078
0.3916857360793288,0.9977331606217616,0.005737376864999533
0.39170233504259017,0.9977331606217616,0.0057397764176130295
0.39171893541278185,0.9977331606217616,0.005740680266171694
0.39173553719008264,0.9977331606217616,0.00574120506644249
0.39175214037467154,0.9977331606217616,0.005742060486227274
0.3917687449667274,0.9977331606217616,0.005752484779804945
0.39181856718948704,0.9977331606217616,0.005758387036621571
0.39183517741320106,0.9977331606217616,0.005765948444604874
0.39185178904527723,0.9977331606217616,0.0057668122462928295
0.3918684020858948,0.9977331606217616,0.005773087963461876
0.3918850165352328,0.9977331606217616,0.005774798337370157
0.3919016323934704,0.9977331606217616,0.005777794402092695
0.391918249660787,0.9977331606217616,0.005786105524748564
0.3919348683373617,0.9977331606217616,0.005788346752524376
0.39195148842337374,0.9977331606217616,0.005793054588139057
0.3919681099190026,0.9977331606217616,0.005795232951641083
0.3919847328244275,0.9977331606217616,0.0057981847785413265
0.3920013571398278,0.9977331606217616,0.005808311514556408
0.392017982865383,0.9977331606217616,0.0058215465396642685
0.39203461000127243,0.9977331606217616,0.005866481456905603
0.392067868504772,0.9977331606217616,0.005866861902177334
0.3921011326517626,0.9977331606217616,0.0058694686740636826
0.39211776684201594,0.9977331606217616,0.005869974847882986
0.3921344024436808,0.9977331606217616,0.005870820954442024
0.3921510394569368,0.9977331606217616,0.005872173700481653
0.3921676778819636,0.9977331606217616,0.0058912779204547405
0.3921843177189409,0.9977331606217616,0.0058992537669837475
0.3922009589680485,0.9977331606217616,0.005906024482101202
0.3922342457033737,0.9977331606217616,0.005907287355512381
0.39225089118995077,0.9977331606217616,0.005924741271883249
0.3922675380893774,0.9977331606217616,0.005947076249867678
0.39228418640183343,0.9977331606217616,0.005966379772871733
0.39230083612749883,0.9977331606217616,0.005968654528260231
0.39231748726655347,0.9977331606217616,0.005968874786049128
0.39233413981917736,0.9977331606217616,0.0059853605926036835
0.39236744916585303,0.9977331606217616,0.005993732716888189
0.3923841059602649,0.9977331606217616,0.0059962645173072815
0.39240076416896624,0.9977331606217616,0.0059987460263073444
0.39241742379213723,0.9977331606217616,0.006014999933540821
0.39243408482995795,0.9977331606217616,0.006021928507834673
0.3924507472826087,0.9977331606217616,0.006042500026524067
0.3924674111502696,0.9977331606217616,0.006042714696377516
0.392484076433121,0.9977331606217616,0.006059250794351101
0.39250074313134314,0.9977331606217616,0.006059629842638969
0.39251741124511635,0.9977331606217616,0.006068829912692308
0.392534080774621,0.9977331606217616,0.0060727340169250965
0.3925507517200374,0.9977331606217616,0.0060789454728364944
0.392567424081546,0.9977331606217616,0.006086619570851326
0.39258409785932724,0.9977331606217616,0.006093645002692938
0.39260077305356156,0.9977331606217616,0.006109363865107298
0.3926174496644295,0.9977331606217616,0.006128218490630388
0.39263412769211165,0.9977331606217616,0.006129368674010038
0.39265080713678846,0.9977331606217616,0.006139925215393305
0.39266748799864054,0.9977331606217616,0.006146131549030542
0.3926841702778486,0.9977331606217616,0.006146830972284079
0.3927008539745932,0.9977331606217616,0.006149657070636749
0.39271753908905505,0.9977331606217616,0.006175745744258165
0.3927342256214149,0.9977331606217616,0.006190742831677198
0.3927509135718535,0.9977331606217616,0.006220328621566296
0.3927676029405516,0.9977331606217616,0.006224243901669979
0.39278429372768997,0.9977331606217616,0.0062244124710559845
0.3928009859334495,0.9977331606217616,0.006235423963516951
0.39281767955801106,0.9977331606217616,0.006237735040485859
0.3928343746015555,0.9977331606217616,0.006240454502403736
0.39285107106426387,0.9977331606217616,0.0062485625967383385
0.392867768946317,0.9977331606217616,0.006273786537349224
0.39288446824789597,0.9977331606217616,0.0062786429189145565
0.39291787111035537,0.9977331606217616,0.006297184154391289
0.39293457467159804,0.9977331606217616,0.006313398480415344
0.39295127965309073,0.9977331606217616,0.006339600309729576
0.39296798605501465,0.9977331606217616,0.006341330707073212
0.39298469387755103,0.9977331606217616,0.006341859698295593
0.393001403120881,0.9977331606217616,0.006344519555568695
0.39303482587064675,0.9977331606217616,0.006346140056848526
0.39305153937744514,0.9977331606217616,0.006351127289235592
0.39306825430576225,0.9977331606217616,0.0063551426865160465
0.3930849706557795,0.9977331606217616,0.00637047877535224
0.3931016884276783,0.9977331606217616,0.006382911466062069
0.39311840762164,0.9977331606217616,0.006388714537024498
0.39313512823784613,0.9977331606217616,0.006392232608050108
0.3931518502764781,0.9977331606217616,0.006407283712178469
0.39316857373771746,0.9977331606217616,0.006418820936232805
0.3932020249287446,0.9977331606217616,0.0064218840561807156
0.3932187526588956,0.9977331606217616,0.006426744628697634
0.3932354818123803,0.9977331606217616,0.006430405657738447
0.3932522123893805,0.9977331606217616,0.0064346748404204845
0.39326894439007787,0.9977331606217616,0.006438245996832848
0.39328567781465407,0.9977331606217616,0.006440329365432262
0.3933024126632909,0.9977331606217616,0.006451427470892668
0.39335262575538343,0.9977331606217616,0.00645707780495286
0.39336936630208114,0.9977331606217616,0.0064572738483548164
0.3933861082737487,0.9977331606217616,0.0064688753336668015
0.3934028516705682,0.9977331606217616,0.006469138897955418
0.39341959649272157,0.9977331606217616,0.0064753261394798756
0.39343634274039074,0.9977331606217616,0.006485719233751297
0.39345309041375787,0.9977331606217616,0.006511940620839596
0.39346983951300496,0.9977331606217616,0.006518628913909197
0.39348659003831415,0.9977331606217616,0.006519104819744825
0.39353685017243584,0.9977331606217616,0.006520769093185663
0.39355360640381504,0.9977331606217616,0.006536638829857111
0.39357036406216733,0.9977331606217616,0.006539912428706884
0.393587123147675,0.9977331606217616,0.006540535483509302
0.3936038836605204,0.9977331606217616,0.006541945040225983
0.3936206456008858,0.9977331606217616,0.00654577324166894
0.3936283487371694,0.9976252158894646,0.0065597728826105595
0.3936451145753471,0.9976252158894646,0.006563002243638039
0.3936618818418026,0.9976252158894646,0.006567919161170721
0.39367865053671836,0.9976252158894646,0.0065823993645608425
0.3936954206602769,0.9976252158894646,0.006585175171494484
0.39366959188889833,0.9975172711571675,0.006604644004255533
0.39368636305542537,0.9975172711571675,0.006631437223404646
0.3937031356509884,0.9975172711571675,0.006649242714047432
0.39373668512995313,0.9975172711571675,0.00665051257237792
0.39371085261408667,0.9974093264248705,0.006663215812295675
0.39374440703967273,0.9974093264248705,0.006668359041213989
0.3937611863973408,0.9974093264248705,0.006671863608062267
0.3937947494033413,0.9974093264248705,0.006673354655504227
0.3938451046417459,0.9974093264248705,0.006682777311652899
0.3938786819557526,0.9974093264248705,0.0066884178668260574
0.39389547275982606,0.9974093264248705,0.006691664922982454
0.39391226499552373,0.9974093264248705,0.006692565977573395
0.39392905866302863,0.9974093264248705,0.006697375793009996
0.3939032189298657,0.9973013816925734,0.0067018913105130196
0.39392001364372814,0.9973013816925734,0.006702164653688669
0.39393680978979234,0.9973013816925734,0.006703446619212627
0.3939704063792589,0.9973013816925734,0.006705205887556076
0.39398720682302774,0.9973013816925734,0.006712231319397688
0.39400400869973135,0.9973013816925734,0.006715631578117609
0.3940208120095531,0.9973013816925734,0.006727747619152069
0.39403761675267623,0.9973013816925734,0.006729647517204285
0.39405442292928433,0.9973013816925734,0.006737626623362303
0.39407123053956067,0.9973013816925734,0.006742996629327536
0.39408803958368877,0.9973013816925734,0.006750326603651047
0.39410485006185214,0.9973013816925734,0.006762749049812555
0.39412166197423426,0.9973013816925734,0.006763012148439884
0.39413847532101876,0.9973013816925734,0.00677624624222517
0.3941552901023891,0.9973013816925734,0.006782295648008585
0.39417210631852895,0.9973013816925734,0.006785630714148283
0.3942057430558519,0.9973013816925734,0.006789700128138065
0.39422256357740226,0.9973013816925734,0.006790475454181433
0.39419671431619374,0.9971934369602763,0.00679588969796896
0.3942303588955746,0.9971934369602763,0.006802812684327364
0.39424718333902353,0.9971934369602763,0.00680282898247242
0.3942640092185566,0.9971934369602763,0.006804327946156263
0.3942976652866106,0.9971934369602763,0.006816248409450054
0.3943144954754994,0.9971934369602763,0.006828532554209232
0.394331327101208,0.9971934369602763,0.006832154933363199
0.39434816016392044,0.9971934369602763,0.006834708619862795
0.3943649946638207,0.9971934369602763,0.0068363044410943985
0.3943818306010929,0.9971934369602763,0.006849189288914204
0.3943986679759211,0.9971934369602763,0.006849204655736685
0.39441550678848947,0.9971934369602763,0.006864869501441717
0.3944323470389821,0.9971934369602763,0.006884305737912655
0.3944491887275833,0.9971934369602763,0.006890039425343275
0.39446603185447715,0.9971934369602763,0.006897050887346268
0.39448287641984797,0.9971934369602763,0.006897377781569958
0.3944997224238801,0.9971934369602763,0.006911387201398611
0.39451656986675776,0.9971934369602763,0.006929375231266022
0.3945334187486654,0.9971934369602763,0.006930661853402853
0.3945502690697873,0.9971934369602763,0.0069356621243059635
0.3945244095160808,0.9970854922279793,0.006936446763575077
0.3945412608918503,0.9970854922279793,0.006944893393665552
0.39455811370723165,0.9970854922279793,0.006948123686015606
0.3945749679624092,0.9970854922279793,0.0069688428193330765
0.39456596035543406,0.9969775474956822,0.006989967077970505
0.3945828171059939,0.9969775474956822,0.007015677634626627
0.3945996752969324,0.9969775474956822,0.007035650312900543
0.39461653492843407,0.9969775474956822,0.00706097949296236
0.39463339600068364,0.9969775474956822,0.007068355102092028
0.39465025851386576,0.9969775474956822,0.007072542794048786
0.3946671224681651,0.9969775474956822,0.007075101602822542
0.3946839878637665,0.9969775474956822,0.007078265305608511
0.3947008547008547,0.9969775474956822,0.007078489288687706
0.3947177229796145,0.9969775474956822,0.007080902811139822
0.3947345927002308,0.9969775474956822,0.0070946477353572845
0.3947514638628884,0.9969775474956822,0.007110614329576492
0.39476833646777226,0.9969775474956822,0.007124878466129303
0.3947852105150673,0.9969775474956822,0.0071379654109478
0.39480208600495853,0.9969775474956822,0.007143803872168064
0.3948189629376309,0.9969775474956822,0.007153483107686043
0.39479309165526677,0.9968696027633851,0.007161825895309448
0.3948099696464452,0.9968696027633851,0.007171502336859703
0.3948268490808038,0.9968696027633851,0.007172904442995787
0.3948437299585275,0.9968696027633851,0.007179644890129566
0.3948606122798016,0.9968696027633851,0.007185881491750479
0.3948774960448112,0.9968696027633851,0.007200425025075674
0.39489438125374154,0.9968696027633851,0.007210463751107454
0.3949450455459094,0.9968696027633851,0.007223627530038357
0.3949619365323753,0.9968696027633851,0.007230733521282673
0.39497882896368847,0.9968696027633851,0.007252464070916176
0.3949957228400342,0.9968696027633851,0.007254311349242926
0.395012618161598,0.9968696027633851,0.0072546652518212795
0.3950295149285653,0.9968696027633851,0.007260261569172144
0.3950464131411216,0.9968696027633851,0.007274501025676727
0.39509711645417983,0.9968696027633851,0.00728122191503644
0.3951140204509477,0.9968696027633851,0.007302398327738047
0.39513092589423243,0.9968696027633851,0.007304264232516289
0.3951478327842198,0.9968696027633851,0.00730788242071867
0.39518165090504515,0.9968696027633851,0.007315832190215588
0.3951985621362547,0.9968696027633851,0.00733162323012948
0.39521547481490993,0.9968696027633851,0.007344644516706467
0.3952323889411966,0.9968696027633851,0.007370279170572758
0.39524930451530066,0.9968696027633851,0.007378960493952036
0.395266221537408,0.9968696027633851,0.007380947470664978
0.3953000599263762,0.9968696027633851,0.007389767095446587
0.395316981293609,0.9968696027633851,0.0073929536156356335
0.3953508283745023,0.9968696027633851,0.007393916603177786
0.395367754088535,0.9968696027633851,0.0074032871052622795
0.3953846812518731,0.9968696027633851,0.007418279070407152
0.39541853992721043,0.9968696027633851,0.007423090282827616
0.3953926522223174,0.9967616580310881,0.007428994867950678
0.39540958335117543,0.9967616580310881,0.007430665194988251
0.3954434499593165,0.9967616580310881,0.0074369353242218494
0.39546038543897216,0.9967616580310881,0.007437956053763628
0.39547732236926636,0.9967616580310881,0.007440023124217987
0.39549426075038546,0.9967616580310881,0.0074402941390872
0.39551120058251593,0.9967616580310881,0.007446829229593277
0.39548530797567033,0.996653713298791,0.007448488846421242
0.39550224887556223,0.996653713298791,0.007455376908183098
0.39551919122686774,0.996653713298791,0.007460728287696838
0.39553613502977336,0.996653713298791,0.007475438993424177
0.3955530802844658,0.996653713298791,0.007477016653865576
0.3955700269911315,0.996653713298791,0.007483155466616154
0.39558697514995717,0.996653713298791,0.007483558729290962
0.39560392476112943,0.996653713298791,0.0074877748265862465
0.395620875824835,0.996653713298791,0.007499950472265482
0.39563782834126066,0.996653713298791,0.007501618470996618
0.3956547823105931,0.996653713298791,0.00750506017357111
0.39567173773301906,0.996653713298791,0.007507816422730684
0.39568869460872547,0.996653713298791,0.007517593912780285
0.3957056529378991,0.996653713298791,0.007518913596868515
0.3957226127207269,0.996653713298791,0.0075303842313587666
0.39575653664809257,0.996653713298791,0.007540230173617601
0.39577350079300444,0.996653713298791,0.0075409007258713245
0.3958074334462211,0.996653713298791,0.007542742416262627
0.3958244019549001,0.996653713298791,0.007542903069406748
0.39585834333733494,0.996653713298791,0.007556983735412359
0.3958753162114651,0.996653713298791,0.007565703708678484
0.39589229054111996,0.996653713298791,0.007569603621959686
0.3959092663264869,0.996653713298791,0.007573617156594992
0.39597718402882015,0.996653713298791,0.0075806304812431335
0.3959941670955567,0.996653713298791,0.007586867548525333
0.3960111516191293,0.996653713298791,0.007594008930027485
0.3960281375997255,0.996653713298791,0.0076084439642727375
0.3960451250375327,0.996653713298791,0.007612145971506834
0.3960621139327385,0.996653713298791,0.007612898480147123
0.39607910428553045,0.996653713298791,0.007614231202751398
0.3960960960960961,0.996653713298791,0.007614321541041136
0.3961130893646231,0.996653713298791,0.007618780247867107
0.39613008409129913,0.996653713298791,0.0076201604679226875
0.39614708027631185,0.996653713298791,0.0076251281425356865
0.396164077919849,0.996653713298791,0.007632813416421413
0.3962061714089524,0.9965457685664939,0.007634908426553011
0.39621426731908316,0.9964378238341969,0.0076366933062672615
0.39623127441301453,0.9964378238341969,0.007648993283510208
0.39624828296703296,0.9964378238341969,0.007659333758056164
0.39626529298132646,0.9964378238341969,0.0076653016731143
0.3962823044560831,0.9964378238341969,0.007667604833841324
0.396299317391491,0.9964378238341969,0.007682825438678265
0.3963163317877383,0.9964378238341969,0.007688578683882952
0.3963333476450131,0.9964378238341969,0.007688829675316811
0.3963503649635037,0.9964378238341969,0.007694256491959095
0.3963673837433982,0.9964378238341969,0.007707920391112566
0.3963844039848849,0.9964378238341969,0.007707961369305849
0.3964014256881522,0.9964378238341969,0.007710506673902273
0.3964354734807816,0.9964378238341969,0.0077131930738687515
0.39645249957052053,0.9964378238341969,0.007719655521214008
0.39646952712279343,0.9964378238341969,0.007723378017544746
0.3964865561377888,0.9964378238341969,0.007723594084382057
0.396520618556701,0.9964378238341969,0.0077481502667069435
0.3965376519609949,0.9964378238341969,0.007754715625196695
0.3965546868287654,0.9964378238341969,0.007761013228446245
0.3966058002148228,0.9964378238341969,0.007773025892674923
0.3966228409383862,0.9964378238341969,0.007777919061481953
0.39661395668614646,0.9963298791018999,0.007784999441355467
0.39663099995702805,0.9963298791018999,0.007788429036736488
0.39664804469273746,0.9963298791018999,0.007792896591126919
0.3966650908934634,0.9963298791018999,0.007810226175934076
0.39667325711338436,0.9962219343696027,0.007811460644006729
0.3966903073286052,0.9962219343696027,0.00781335961073637
0.3967244121566436,0.9962219343696027,0.007815641351044178
0.3967585228494046,0.9962219343696027,0.007819450460374355
0.3967755803955288,0.9962219343696027,0.007826226763427258
0.3968096998882105,0.9962219343696027,0.007840001955628395
0.3968267618351464,0.9962219343696027,0.007842832244932652
0.396843825249398,0.9962219343696027,0.007858743891119957
0.3968608901311546,0.9962219343696027,0.007860387675464153
0.3968779564806055,0.9962219343696027,0.007860759273171425
0.39689502429794005,0.9962219343696027,0.007860871031880379
0.39691209358334767,0.9962219343696027,0.00786159560084343
0.3969462365591398,0.9962219343696027,0.007865059189498425
0.3969633102499032,0.9962219343696027,0.007872989401221275
0.3969803854094976,0.9962219343696027,0.007875152863562107
0.3969974620381124,0.9962219343696027,0.007876569405198097
0.39701454013593734,0.9962219343696027,0.007876583375036716
0.3970487007399759,0.9962219343696027,0.007886098697781563
0.3970657832465689,0.9962219343696027,0.007894287817180157
0.3970828672231305,0.9962219343696027,0.007895461283624172
0.39711703958691913,0.9962219343696027,0.00790349580347538
0.3971341279745256,0.9962219343696027,0.007912054657936096
0.39715121783285995,0.9962219343696027,0.007915694266557693
0.39716830916211215,0.9962219343696027,0.007917873561382294
0.39718540196247204,0.9962219343696027,0.007920428179204464
0.39720249623412957,0.9962219343696027,0.007928600534796715
0.3971765516054059,0.9961139896373057,0.007932273671030998
0.3971936469676753,0.9961139896373057,0.007935602217912674
0.3972107438016529,0.9961139896373057,0.00793966930359602
0.3972278421075287,0.9961139896373057,0.00794170517474413
0.3972449418854929,0.9961139896373057,0.007943632081151009
0.3972620431357355,0.9961139896373057,0.00794688705354929
0.3972791458584467,0.9961139896373057,0.007948361337184906
0.3972962500538167,0.9961139896373057,0.007959874346852303
0.39731335572203563,0.9961139896373057,0.00796118937432766
0.3973475714777816,0.9961139896373057,0.007964194752275944
0.3973216208069586,0.9960060449050087,0.007967767305672169
0.3973387305141676,0.9960060449050087,0.007974263280630112
0.39737295434969855,0.9960060449050087,0.007986188866198063
0.3973900684784013,0.9960060449050087,0.007986604236066341
0.3974071840813162,0.9960060449050087,0.007986925542354584
0.3974414197105445,0.9960060449050087,0.007992378436028957
0.3974585397372389,0.9960060449050087,0.007997268810868263
0.39747566123890754,0.9960060449050087,0.008001253008842468
0.3974927842157412,0.9960060449050087,0.008011508733034134
0.3975099086679304,0.9960060449050087,0.008018518798053265
0.39752703459566585,0.9960060449050087,0.008027843199670315
0.3975441619991383,0.9960060449050087,0.008028036914765835
0.39757842123405723,0.9960060449050087,0.00803491659462452
0.3975955530658853,0.9960060449050087,0.00803622417151928
0.39761268637421354,0.9960060449050087,0.008052357472479343
0.3976298211592329,0.9960060449050087,0.008053230121731758
0.39764695742113426,0.9960060449050087,0.008058042265474796
0.3976640951601086,0.9960060449050087,0.008058248087763786
0.3976812343763469,0.9960060449050087,0.008075593039393425
0.3976983750700401,0.9960060449050087,0.00807869527488947
0.39773266089055564,0.9960060449050087,0.008087056688964367
0.39774980601776017,0.9960060449050087,0.008093389682471752
0.397766952623184,0.9960060449050087,0.008097004145383835
0.3977841007070185,0.9960060449050087,0.008097022771835327
0.3978012502694546,0.9960060449050087,0.008098045364022255
0.3978184013106838,0.9960060449050087,0.008101125247776508
0.39783555383089725,0.9960060449050087,0.008107684552669525
0.3978527078302863,0.9960060449050087,0.008111369796097279
0.3978698633090423,0.9960060449050087,0.008121023885905743
0.3978870202673566,0.9960060449050087,0.008132251910865307
0.39790417870542066,0.9960060449050087,0.008132833056151867
0.39792133862342594,0.9960060449050087,0.008133701980113983
0.39793850002156383,0.9960060449050087,0.00813403632491827
0.3979556629000259,0.9960060449050087,0.00814245454967022
0.3979728272590037,0.9960060449050087,0.00814727321267128
0.39798999309868877,0.9960060449050087,0.008159381337463856
0.39800716041927275,0.9960060449050087,0.008162430487573147
0.39804149950390405,0.9960060449050087,0.008173266425728798
0.3980586712683348,0.9960060449050087,0.008182366378605366
0.3980758445144312,0.9960060449050087,0.00818518828600645
0.398093019242385,0.9960060449050087,0.008189675398170948
0.3981101954523881,0.9960060449050087,0.008190249092876911
0.39812737314463237,0.9960060449050087,0.008199957199394703
0.3981445523193096,0.9960060449050087,0.008202094584703445
0.398135761446511,0.9958981001727115,0.008205272257328033
0.3981529432073192,0.9958981001727115,0.008206332102417946
0.3981701264511674,0.9958981001727115,0.008211510255932808
0.3982044973887522,0.9958981001727115,0.008214804343879223
0.3982216850828729,0.9958981001727115,0.00821837130934
0.398238874260802,0.9958981001727115,0.008219141513109207
0.3982560649227316,0.9958981001727115,0.008223052136600018
0.39823008849557523,0.9957901554404145,0.00822337158024311
0.39824728026247624,0.9957901554404145,0.008225623518228531
0.39826447351379357,0.9957901554404145,0.008226459845900536
0.3982816682497194,0.9957901554404145,0.008227466605603695
0.398298864470446,0.9957901554404145,0.008228864520788193
0.39831606217616583,0.9957901554404145,0.008230432868003845
0.3983332613670711,0.9957901554404145,0.008237126283347607
0.39835046204335434,0.9957901554404145,0.008237577974796295
0.3983676642052079,0.9957901554404145,0.008241166360676289
0.39834168250129554,0.9956822107081175,0.008242812007665634
0.39835888576981215,0.9956822107081175,0.008250439539551735
0.39837609052431544,0.9956822107081175,0.008253764361143112
0.3983932967649981,0.9956822107081175,0.008257953450083733
0.3984105044920525,0.9956822107081175,0.008269443176686764
0.3984277137056715,0.9956822107081175,0.008271637372672558
0.3984449244060475,0.9956822107081175,0.008273323066532612
0.3984621365933734,0.9956822107081175,0.008278382942080498
0.3984965654296453,0.9956822107081175,0.008284520357847214
0.3985310002160294,0.9956822107081175,0.008287051692605019
0.39854821984099553,0.9956822107081175,0.00829008873552084
0.3985654409540682,0.9956822107081175,0.008295300416648388
0.3985826635554403,0.9956822107081175,0.008296339772641659
0.39859988764530485,0.9956822107081175,0.008300699293613434
0.3986171132238548,0.9956822107081175,0.008301359601318836
0.39863434029128314,0.9956822107081175,0.008301866240799427
0.39865156884778286,0.9956822107081175,0.008310039527714252
0.3986687988935471,0.9956822107081175,0.008310668170452118
0.39868603042876904,0.9956822107081175,0.008312114514410496
0.3986600389020964,0.9955742659758203,0.008316438645124435
0.39867727154837035,0.9955742659758203,0.008319334127008915
0.39869450568452,0.9955742659758203,0.008321438916027546
0.3987117413107384,0.9955742659758203,0.008340738713741302
0.3987289784272189,0.9955742659758203,0.008342916145920753
0.3987462170341548,0.9955742659758203,0.008343392983078957
0.3987634571317394,0.9955742659758203,0.008344083093106747
0.3988151863703191,0.9955742659758203,0.008369353599846363
0.39884967998616155,0.9955742659758203,0.008371102623641491
0.3988669290317,0.9955742659758203,0.008372064679861069
0.39888417956924144,0.9955742659758203,0.00837270263582468
0.3989014315989793,0.9955742659758203,0.008376115001738071
0.398935940135819,0.9955742659758203,0.008381273597478867
0.3989704546437687,0.9955742659758203,0.008400456048548222
0.39898771413739403,0.9955742659758203,0.008405128493905067
0.3990049751243781,0.9955742659758203,0.008408861234784126
0.3990222376049148,0.9955742659758203,0.008410809561610222
0.3990395015791979,0.9955742659758203,0.008414541371166706
0.39905676704742127,0.9955742659758203,0.00841588992625475
0.39907403400977887,0.9955742659758203,0.008416268043220043
0.39909130246646474,0.9955742659758203,0.008433492854237556
0.3991085724176728,0.9955742659758203,0.008440022356808186
0.399125843863597,0.9955742659758203,0.008442512713372707
0.39914311680443154,0.9955742659758203,0.00844951719045639
0.39916039124037045,0.9955742659758203,0.00845486018806696
0.39917766717160785,0.9955742659758203,0.008455351926386356
0.39919494459833793,0.9955742659758203,0.008458814583718777
0.39921222352075486,0.9955742659758203,0.008460694923996925
0.3992295039390529,0.9955742659758203,0.008461878634989262
0.39924678585342627,0.9955742659758203,0.008464675396680832
0.39926406926406927,0.9955742659758203,0.008466272614896297
0.3992813541711762,0.9955742659758203,0.008482263423502445
0.3992986405749416,0.9955742659758203,0.008482825011014938
0.3993332178732248,0.9955742659758203,0.008483722805976868
0.3993505087681316,0.9955742659758203,0.008483943529427052
0.3993678011604746,0.9955742659758203,0.008489773608744144
0.39938509505044817,0.9955742659758203,0.008498001843690872
0.399402390438247,0.9955742659758203,0.008500328287482262
0.39941968732406563,0.9955742659758203,0.008502780459821224
0.39943698570809877,0.9955742659758203,0.008512148633599281
0.39945428559054097,0.9955742659758203,0.008512199856340885
0.39947158697158697,0.9955742659758203,0.008525760844349861
0.39948888985143155,0.9955742659758203,0.008534367196261883
0.39950619423026945,0.9955742659758203,0.008538245223462582
0.3995235001082954,0.9955742659758203,0.008541939780116081
0.39954080748570436,0.9955742659758203,0.008554164320230484
0.3995581163626912,0.9955742659758203,0.008554378524422646
0.3995754267394507,0.9955742659758203,0.008561333641409874
0.3996100519930676,0.9955742659758203,0.008572016842663288
0.399627366870315,0.9955742659758203,0.008572795428335667
0.3996446832481151,0.9955742659758203,0.008573824539780617
0.3996620011266629,0.9955742659758203,0.008576584979891777
0.39967932050615357,0.9955742659758203,0.008600768633186817
0.39969664138678224,0.9955742659758203,0.008602508343756199
0.399713963768744,0.9955742659758203,0.008610576391220093
0.3997225954661697,0.9954663212435233,0.008612359873950481
0.39973992197659297,0.9954663212435233,0.008615930564701557
0.39975724998916295,0.9954663212435233,0.008627073839306831
0.3997745795040749,0.9954663212435233,0.008629932999610901
0.39979191052152424,0.9954663212435233,0.008630916476249695
0.39982657706481683,0.9954663212435233,0.008631446398794651
0.399843912591051,0.9954663212435233,0.00864158384501934
0.39986124962060443,0.9954663212435233,0.008643369190394878
0.3998785881536727,0.9954663212435233,0.008646425791084766
0.3998525649364728,0.9953583765112263,0.008646715432405472
0.39984387874582594,0.9952504317789291,0.008650027215480804
0.3998612195333507,0.9952504317789291,0.008653421886265278
0.3998785618250423,0.9952504317789291,0.008671250194311142
0.39989590562109645,0.9952504317789291,0.008675838820636272
0.39986987638256344,0.9951424870466321,0.008677417412400246
0.3998872213064978,0.9951424870466321,0.008683896623551846
0.3999045677352188,0.9951424870466321,0.008693540468811989
0.39992191566892243,0.9951424870466321,0.00870488490909338
0.39995661605206073,0.9951424870466321,0.008708889596164227
0.39997396850188727,0.9951424870466321,0.008711046539247036
0.4000433933608158,0.9951424870466321,0.008711104281246662
0.40006075334143376,0.9951424870466321,0.008731118403375149
0.4000954778231056,0.9951424870466321,0.008738079108297825
0.40013020833333335,0.9951424870466321,0.008743317797780037
0.4001475758496463,0.9951424870466321,0.008760496973991394
0.400164944873687,0.9951424870466321,0.008774238638579845
0.4001823154056518,0.9951424870466321,0.008786576800048351
0.4001996874457371,0.9951424870466321,0.008790689520537853
0.40021706099413934,0.9951424870466321,0.00879199430346489
0.40023443605105496,0.9951424870466321,0.008793473243713379
0.4002518126166804,0.9951424870466321,0.008794749155640602
0.40026919069121225,0.9951424870466321,0.008795148693025112
0.40030395136778113,0.9951424870466321,0.008797721937298775
0.40032133397021147,0.9951424870466321,0.008800155483186245
0.40033871808233457,0.9951424870466321,0.008816465735435486
0.40037349083644574,0.9951424870466321,0.008823649026453495
0.40039087947882734,0.9951424870466321,0.00883688684552908
0.40046044915511925,0.9951424870466321,0.008845942094922066
0.4004778453518679,0.9951424870466321,0.008847137913107872
0.40049524306008083,0.9951424870466321,0.008853122591972351
0.4005126422799548,0.9951424870466321,0.008855411782860756
0.400530043011687,0.9951424870466321,0.008857195265591145
0.4005474452554745,0.9951424870466321,0.008881057612597942
0.40056484901151423,0.9951424870466321,0.00888457614928484
0.4005822542800035,0.9951424870466321,0.00888561736792326
0.40059966106113937,0.9951424870466321,0.008889053016901016
0.40063447916213984,0.9951424870466321,0.008890973404049873
0.40065189048239896,0.9951424870466321,0.00890879426151514
0.4006693033160937,0.9951424870466321,0.00892143789678812
0.4006867176634214,0.9951424870466321,0.008939129300415516
0.40070413352457945,0.9951424870466321,0.008947108872234821
0.4007215508997653,0.9951424870466321,0.008948871865868568
0.4007389697891763,0.9951424870466321,0.008957588113844395
0.4007563901930099,0.9951424870466321,0.008957934565842152
0.40077381211146373,0.9951424870466321,0.008958450518548489
0.4007912355447352,0.9951424870466321,0.008962939493358135
0.40080866049302205,0.9951424870466321,0.008963320404291153
0.4008260869565217,0.9951424870466321,0.008964626118540764
0.4008609444299504,0.9951424870466321,0.008968904614448547
0.4008783754402748,0.9951424870466321,0.008970482274889946
0.4008523221429814,0.9950345423143351,0.008977466262876987
0.40086975429441185,0.9950345423143351,0.008986897766590118
0.40088718796207706,0.9950345423143351,0.008994778618216515
0.40089600278369797,0.9949265975820379,0.008995064534246922
0.4009134406263593,0.9949265975820379,0.009007629007101059
0.4009308799860803,0.9949265975820379,0.00901018362492323
0.400948320863059,0.9949265975820379,0.009024368599057198
0.4010618390704556,0.9948186528497409,0.009036337025463581
0.4010792932370093,0.9948186528497409,0.009038160555064678
0.40109674892283587,0.9948186528497409,0.009040266275405884
0.40116658686283896,0.9948186528497409,0.009044035337865353
0.4011840501480063,0.9948186528497409,0.009050866588950157
0.4012015149536372,0.9948186528497409,0.009051606990396976
0.40121898127993033,0.9948186528497409,0.00906938686966896
0.40123644912708434,0.9948186528497409,0.00908882450312376
0.4012539184952978,0.9948186528497409,0.009092848747968674
0.4012713893847695,0.9948186528497409,0.009095169603824615
0.401288861795698,0.9948186528497409,0.009096845984458923
0.40130633572828217,0.9948186528497409,0.009105631150305271
0.4012977398423551,0.9947107081174439,0.009107076562941074
0.4013152164445606,0.9947107081174439,0.00912925973534584
0.40133269456905185,0.9947107081174439,0.009134506806731224
0.40135017421602787,0.9947107081174439,0.009135170839726925
0.40139403180135047,0.9946027633851469,0.009138081222772598
0.401411518689553,0.9946027633851469,0.00914111640304327
0.4014290071014682,0.9946027633851469,0.009145134128630161
0.40144649703729524,0.9946027633851469,0.009145643562078476
0.4014814814814815,0.9946027633851469,0.009145808406174183
0.4014989759902392,0.9946027633851469,0.009154325351119041
0.4015164720237058,0.9946027633851469,0.0091585423797369
0.40153396958208043,0.9946027633851469,0.009164550341665745
0.4015514686655626,0.9946027633851469,0.009175724349915981
0.40164792048129744,0.9944948186528497,0.00918089784681797
0.4016654313990496,0.9944948186528497,0.00918586552143097
0.4016829438437391,0.9944948186528497,0.009186681360006332
0.40170045781556574,0.9944948186528497,0.00919282529503107
0.40171797331472925,0.9944948186528497,0.009201028384268284
0.40173549034142936,0.9944948186528497,0.009221543557941914
0.4017094017094017,0.9943868739205527,0.009240217506885529
0.40174443959877887,0.9943868739205527,0.0092407101765275
0.401761960835623,0.9943868739205527,0.009257720783352852
0.40177948360083743,0.9943868739205527,0.009258337318897247
0.4017448200654308,0.9941709844559585,0.009258770383894444
0.40176234514046416,0.9941709844559585,0.009271292947232723
0.40177987174453605,0.9941709844559585,0.009272007271647453
0.40181492954059594,0.9941709844559585,0.009272326715290546
0.4018324607329843,0.9941709844559585,0.00927782617509365
0.40184999345521183,0.9941709844559585,0.009287153370678425
0.40186752770747886,0.9941709844559585,0.009289219975471497
0.4018850634899856,0.9941709844559585,0.009293205104768276
0.40192013964651974,0.9941709844559585,0.009299986064434052
0.4019376800209479,0.9941709844559585,0.009305677376687527
0.4019552219264173,0.9941709844559585,0.00931538362056017
0.4019727653631285,0.9941709844559585,0.00931905023753643
0.4019903103312819,0.9941709844559585,0.00932339671999216
0.4020254048627177,0.9941709844559585,0.009325268678367138
0.40204295442640126,0.9941709844559585,0.009325339458882809
0.40207805815070286,0.9941709844559585,0.009341317228972912
0.4020956123117223,0.9941709844559585,0.009346980601549149
0.40211316800558855,0.9941709844559585,0.009347903542220592
0.4021307252325023,0.9941709844559585,0.009353207424283028
0.4021482839926644,0.9941709844559585,0.009365732781589031
0.4021658442862757,0.9941709844559585,0.00937617477029562
0.40220096947464956,0.9941709844559585,0.009379267692565918
0.40223610079923133,0.9941709844559585,0.00938088446855545
0.4022536687631027,0.9941709844559585,0.009385179728269577
0.4022712382616292,0.9941709844559585,0.00938559602946043
0.4022888092950118,0.9941709844559585,0.009388469159603119
0.4023063818634517,0.9941709844559585,0.009395159780979156
0.40231542158147665,0.9940630397236615,0.009396580047905445
0.402332998383503,0.9940630397236615,0.009405496530234814
0.4023505767214261,0.9940630397236615,0.009416653774678707
0.4023681565954472,0.9940630397236615,0.009421254508197308
0.40233350812794966,0.9938471502590673,0.009426849894225597
0.40235109032906524,0.9938471502590673,0.009427477605640888
0.4024390243902439,0.9938471502590673,0.009431111626327038
0.40247420877775836,0.9938471502590673,0.009431802667677402
0.4024918032786885,0.9938471502590673,0.009435153566300869
0.4025269968959035,0.9938471502590673,0.009447617456316948
0.4025445960125918,0.9938471502590673,0.009472201578319073
0.40256219666826987,0.9938471502590673,0.009490405209362507
0.4025797988631395,0.9938471502590673,0.009491234086453915
0.40261500787126114,0.9938471502590673,0.009494386613368988
0.4026326146849171,0.9938471502590673,0.009496431797742844
0.40265022303857256,0.9938471502590673,0.009504863061010838
0.40266783293242947,0.9938471502590673,0.009505266323685646
0.40268544436669,0.9938471502590673,0.009511567652225494
0.4027030573415562,0.9938471502590673,0.00951966643333435
0.4027206718572303,0.9938471502590673,0.009527627378702164
0.4027382879139145,0.9938471502590673,0.009536518715322018
0.4027735246511221,0.9938471502590673,0.0095376493409276
0.4028087675547972,0.9938471502590673,0.009539748542010784
0.402826391319566,0.9938471502590673,0.00954850297421217
0.4028440166265587,0.9938471502590673,0.009553644806146622
0.40286164347597797,0.9938471502590673,0.009553658775985241
0.40289690180290566,0.9938471502590673,0.009556726552546024
0.4029145332808192,0.9938471502590673,0.009561860002577305
0.4029321663019694,0.9938471502590673,0.009563232772052288
0.40294980086655874,0.9938471502590673,0.009584121406078339
0.40302035456336177,0.9938471502590673,0.009585067629814148
0.4030118635905967,0.9937392055267703,0.009585878811776638
0.40302950704841956,0.9937392055267703,0.009590161964297295
0.4030471520511361,0.9937392055267703,0.00959287490695715
0.4030647985989492,0.9937392055267703,0.009597678668797016
0.40308244669206184,0.9937392055267703,0.009603522717952728
0.40311774751499757,0.9937392055267703,0.00960497371852398
0.4031354002452268,0.9937392055267703,0.009611785411834717
0.4031707103442235,0.9937392055267703,0.00962099526077509
0.4031883677133973,0.9937392055267703,0.009633210487663746
0.4032060266292922,0.9937392055267703,0.009633375331759453
0.40325901265933684,0.9937392055267703,0.009635440073907375
0.4032328719116874,0.9936312607944733,0.009639636613428593
0.4032067288737022,0.9935233160621761,0.009644818492233753
0.40322439323578374,0.9935233160621761,0.009653950110077858
0.4032420591456736,0.9935233160621761,0.009660722687840462
0.4032597266035752,0.9935233160621761,0.009666080586612225
0.403277395609692,0.9935233160621761,0.009671325795352459
0.40333041191936897,0.9935233160621761,0.009672651067376137
0.4033480871203821,0.9935233160621761,0.009681835770606995
0.40338344217031163,0.9935233160621761,0.009685425087809563
0.40340112201963535,0.9935233160621761,0.009688353165984154
0.40343648636801965,0.9935233160621761,0.00970173068344593
0.40345417086748786,0.9935233160621761,0.009705772623419762
0.4034895445179957,0.9935233160621761,0.009735259227454662
0.40350723366944324,0.9935233160621761,0.009749882854521275
0.4035249243719584,0.9935233160621761,0.009751609526574612
0.40354261662574537,0.9935233160621761,0.009757906198501587
0.40356031043100804,0.9935233160621761,0.00976460799574852
0.4035341576778041,0.9934153713298791,0.009767310693860054
0.4035518526638895,0.9934153713298791,0.009779100306332111
0.4035695492018944,0.9934153713298791,0.00978508684784174
0.403587247292023,0.9934153713298791,0.00978682842105627
0.40360494693447946,0.9934153713298791,0.009789240546524525
0.403622648129468,0.9934153713298791,0.009791607968509197
0.4035964912280702,0.9933074265975821,0.009796704165637493
0.4036318975348715,0.9933074265975821,0.009798073209822178
0.4036673100543955,0.9933074265975821,0.009801076725125313
0.40368501864443956,0.9933074265975821,0.009813638404011726
0.4036588575941037,0.993199481865285,0.009814482182264328
0.4036765673671741,0.993199481865285,0.009816090576350689
0.4036942786942787,0.993199481865285,0.0098454300314188
0.403668114606643,0.9930915371329879,0.009853586554527283
0.40368582711715667,0.9930915371329879,0.00986244436353445
0.4037035411821493,0.9930915371329879,0.0098836999386549
0.4037212568018255,0.9930915371329879,0.009884842671453953
0.4036950893053057,0.9929835924006909,0.009884852916002274
0.4037305244678517,0.9929835924006909,0.009886612184345722
0.40374824438202245,0.9929835924006909,0.009889557026326656
0.40378368887718374,0.9929835924006909,0.00991455465555191
0.4038014134585839,0.9929835924006909,0.009914811700582504
0.40381913959613697,0.9929835924006909,0.009919967502355576
0.40383686729004786,0.9929835924006909,0.00992699433118105
0.4038545965405216,0.9929835924006909,0.009931850247085094
0.40387232734776307,0.9929835924006909,0.009934870526194572
0.4038900597119775,0.9929835924006909,0.009935119189321995
0.4039077936333699,0.9929835924006909,0.009936278685927391
0.4039255291121454,0.9929835924006909,0.009943804703652859
0.40396100474266644,0.9929835924006909,0.009945298545062542
0.4039787448948224,0.9929835924006909,0.009959242306649685
0.4040142298739514,0.9929835924006909,0.009963154792785645
0.40403197470133523,0.9929835924006909,0.009979602880775928
0.404049721087539,0.9929835924006909,0.009982924908399582
0.4040852185372282,0.9929835924006909,0.00998455099761486
0.4041029696011246,0.9929835924006909,0.00999585073441267
0.40412072222466283,0.9929835924006909,0.010006359778344631
0.4041300527240773,0.9928756476683938,0.010006831958889961
0.4041833282067056,0.9928756476683938,0.010013826191425323
0.4042188529993408,0.9928756476683938,0.010033253580331802
0.40423661773754066,0.9928756476683938,0.010042408481240273
0.4042543840372698,0.9928756476683938,0.010045974515378475
0.40427215189873417,0.9928756476683938,0.0100629273802042
0.4043076923076923,0.9928756476683938,0.010067084804177284
0.40432546485559806,0.9928756476683938,0.010069689713418484
0.40434323896606295,0.9928756476683938,0.01007071603089571
0.4043610146392931,0.9928756476683938,0.01008064579218626
0.4043787918754946,0.9928756476683938,0.010086776688694954
0.4043965706748736,0.9928756476683938,0.010104203596711159
0.4044143510376363,0.9928756476683938,0.010104423388838768
0.404467701508289,0.9928756476683938,0.010110825300216675
0.4044854881266491,0.9928756476683938,0.01011274941265583
0.40450327630942434,0.9928756476683938,0.010114777833223343
0.4045210660568212,0.9928756476683938,0.01012058462947607
0.40453885736904605,0.9928756476683938,0.010155469179153442
0.40451266713581985,0.9927677029360967,0.010160637088119984
0.40453045964372114,0.9927677029360967,0.010170511901378632
0.4045660493555624,0.9927677029360967,0.010171319358050823
0.4045838465599155,0.9927677029360967,0.010179243050515652
0.40460164533016585,0.9927677029360967,0.010184193029999733
0.40461944566652003,0.9927677029360967,0.010193713940680027
0.40463724756918473,0.9927677029360967,0.01020122691988945
0.4046906626771099,0.9927677029360967,0.010215966030955315
0.4047084708470847,0.9927677029360967,0.010217398405075073
0.40472628058440413,0.9927677029360967,0.010226042941212654
0.4047440918892752,0.9927677029360967,0.010227206163108349
0.40476190476190477,0.9927677029360967,0.010242137126624584
0.4047797192024999,0.9927677029360967,0.01024506613612175
0.40475352112676055,0.9926597582037997,0.01024671085178852
0.40478915397482174,0.9926597582037997,0.010260259732604027
0.40480697275168376,0.9926597582037997,0.010263524018228054
0.4048247930973763,0.9926597582037997,0.010269871912896633
0.40484261501210655,0.9926597582037997,0.010273231193423271
0.4048604384960817,0.9926597582037997,0.010273241437971592
0.4048342359001453,0.9925518134715026,0.010276184417307377
0.4048520605847129,0.9925518134715026,0.010277779772877693
0.40486988683897673,0.9925518134715026,0.010281030088663101
0.40484368119771025,0.9924438687392055,0.010281152091920376
0.4049863448154348,0.9924438687392055,0.010282306931912899
0.40500418483767237,0.9924438687392055,0.010300436988472939
0.4050220264317181,0.9924438687392055,0.010310270823538303
0.40503986959777966,0.9924438687392055,0.010311408899724483
0.40505771433606486,0.9924438687392055,0.010316996835172176
0.40504934790271413,0.9923359240069085,0.010329654440283775
0.40506719541749286,0.9923359240069085,0.010333139449357986
0.40508504450515553,0.9923359240069085,0.01033613458275795
0.40512074739996473,0.9923359240069085,0.010345513932406902
0.40511238431026886,0.9922279792746114,0.010361915454268456
0.40513023932301995,0.9922279792746114,0.010379004292190075
0.405148095909732,0.9922279792746114,0.010388573631644249
0.4051659540706131,0.9922279792746114,0.010395768098533154
0.40520167511571525,0.9922279792746114,0.010399962775409222
0.40521953800035265,0.9922279792746114,0.010403599590063095
0.40523740245999207,0.9922279792746114,0.010403860360383987
0.40527313610511,0.9922279792746114,0.01040576584637165
0.4052910052910053,0.9922279792746114,0.010406624525785446
0.405308876052736,0.9922279792746114,0.010414877906441689
0.40534462230453766,0.9922279792746114,0.01042766310274601
0.4053624977950256,0.9922279792746114,0.010435149073600769
0.40538037486218303,0.9922279792746114,0.01044102106243372
0.40539825350621855,0.9922279792746114,0.010453364811837673
0.40548767038687195,0.9922279792746114,0.01047466415911913
0.405505558496559,0.9922279792746114,0.010478579439222813
0.4054793311863061,0.9921200345423143,0.010497037321329117
0.4054972205064855,0.9921200345423143,0.010501332581043243
0.4055151114052504,0.9921200345423143,0.010501347482204437
0.40555089793937255,0.9921200345423143,0.010502873919904232
0.4055687935751478,0.9921200345423143,0.0105042215436697
0.40558669079034465,0.9921200345423143,0.010504906065762043
0.4056045895851721,0.9921200345423143,0.010505134239792824
0.4056762005649718,0.9921200345423143,0.010524546727538109
0.4056941072610903,0.9921200345423143,0.010527536273002625
0.40571201553809483,0.9921200345423143,0.01053056214004755
0.4057299253961948,0.9921200345423143,0.010536669753491879
0.4057478368355995,0.9921200345423143,0.010543935932219028
0.40572160169528937,0.9920120898100173,0.01055244542658329
0.40573951434878586,0.9920120898100173,0.010554377920925617
0.40575742858404346,0.9920120898100173,0.010562925599515438
0.4057311903920876,0.9919041450777202,0.010568847879767418
0.4057049498829867,0.9917962003454232,0.01057490799576044
0.4057228649651152,0.9917962003454232,0.010577792301774025
0.4057407816294988,0.9917962003454232,0.010577842593193054
0.40575869987634694,0.9917962003454232,0.010581321083009243
0.40577661970586937,0.9917962003454232,0.010601689107716084
0.4057945411182758,0.9917962003454232,0.010607536882162094
0.4058124641137759,0.9917962003454232,0.010609854944050312
0.4058303886925795,0.9917962003454232,0.010617145337164402
0.4058483148548964,0.9917962003454232,0.010627915151417255
0.40586624260093646,0.9917962003454232,0.010655074380338192
0.4059200353434946,0.9917962003454232,0.010673224925994873
0.40595590509433127,0.9917962003454232,0.01067707221955061
0.40597384234711914,0.9917962003454232,0.010679204016923904
0.4059917811851001,0.9917962003454232,0.01068494375795126
0.4060097216084843,0.9917962003454232,0.010686738416552544
0.406027663617482,0.9917962003454232,0.010688896290957928
0.4060456072123033,0.9917962003454232,0.010694831609725952
0.4060635523931586,0.9917962003454232,0.010695024393498898
0.4060814991602581,0.9917962003454232,0.01070496253669262
0.40609944751381216,0.9917962003454232,0.01070573553442955
0.40611739745403114,0.9917962003454232,0.010707755573093891
0.40617125679678173,0.9917962003454232,0.010731673799455166
0.40618921308576483,0.9917962003454232,0.010739549063146114
0.40620717096246517,0.9917962003454232,0.010748946107923985
0.40622513042709346,0.9917962003454232,0.010755625553429127
0.40624309147986026,0.9917962003454232,0.010760887525975704
0.4062610541209763,0.9917962003454232,0.010761669836938381
0.40623479991156314,0.9916882556131261,0.010780411772429943
0.40625276377465286,0.9916882556131261,0.010787513107061386
0.4062707292265511,0.9916882556131261,0.010797200724482536
0.4062886962674686,0.9916882556131261,0.010799865238368511
0.4063066648976162,0.9916882556131261,0.01080228015780449
0.4063246351172048,0.9916882556131261,0.010809053666889668
0.4063605803255485,0.9916882556131261,0.010810531675815582
0.40637855531472555,0.9916882556131261,0.010825288482010365
0.4063965318941874,0.9916882556131261,0.010834064334630966
0.40637027206370274,0.991580310880829,0.010836829431355
0.4063882498672801,0.991580310880829,0.010842493735253811
0.40640622926160247,0.991580310880829,0.01085493341088295
0.4064421928233264,0.991580310880829,0.010863845236599445
0.406514139045006,0.991580310880829,0.010891658253967762
0.4065321295804567,0.991580310880829,0.010901345871388912
0.40655012170834254,0.991580310880829,0.010910089127719402
0.40656811542887494,0.991580310880829,0.01091753225773573
0.4065861107422653,0.991580310880829,0.010919072665274143
0.4066581079286378,0.991580310880829,0.010923121124505997
0.40667611120949176,0.991580310880829,0.010924603790044785
0.40669411608447337,0.991580310880829,0.010940898209810257
0.4067121225537944,0.991580310880829,0.010961882770061493
0.4067301306176666,0.991580310880829,0.01096407976001501
0.4067481402763018,0.991580310880829,0.010971972718834877
0.40676615152991186,0.991580310880829,0.010978355072438717
0.4067398813214064,0.991472366148532,0.010979815386235714
0.4067578938045259,0.991472366148532,0.010989129543304443
0.4067759078830824,0.991472366148532,0.011015653610229492
0.4067496346162363,0.9913644214162349,0.011036312207579613
0.4067676499247055,0.9913644214162349,0.011043256148695946
0.40678566682907386,0.9913644214162349,0.011045917868614197
0.4068036853295535,0.9913644214162349,0.011088535189628601
0.4068217054263566,0.9913644214162349,0.011117241345345974
0.40683972711969524,0.9913644214162349,0.011135125532746315
0.4068577504097816,0.9913644214162349,0.011142085306346416
0.40687577529682795,0.9913644214162349,0.011156289838254452
0.40689380178104645,0.9913644214162349,0.011159836314618587
0.4069659236938893,0.9913644214162349,0.011173420585691929
0.4070019942388655,0.9913644214162349,0.011187289841473103
0.40702003190923597,0.9913644214162349,0.011211838573217392
0.40703807117847807,0.9913644214162349,0.011229259893298149
0.40705611204680436,0.9913644214162349,0.011233342811465263
0.4070741545144276,0.9913644214162349,0.011237496510148048
0.40709219858156026,0.9913644214162349,0.011239849030971527
0.40711024424841524,0.9913644214162349,0.01124041061848402
0.40714634038214303,0.9913644214162349,0.011240558698773384
0.4071643908494414,0.9913644214162349,0.01126509066671133
0.4071381068499224,0.9912564766839378,0.011265584267675877
0.4071561585528066,0.9912564766839378,0.011280360631644726
0.40717421185651576,0.9912564766839378,0.011288047768175602
0.40719226676126286,0.9912564766839378,0.01129262987524271
0.40721032326726087,0.9912564766839378,0.011298536323010921
0.4072464410838618,0.9912564766839378,0.01129915937781334
0.4072645023948909,0.9912564766839378,0.011299468576908112
0.40728256530802326,0.9912564766839378,0.011309732683002949
0.40730062982347204,0.9912564766839378,0.011319749988615513
0.4073186959414504,0.9912564766839378,0.01132245734333992
0.4073909764429262,0.9912564766839378,0.011327940039336681
0.4074452036560476,0.9912564766839378,0.011347630992531776
0.4074632826019435,0.9912564766839378,0.011357467621564865
0.40748136315228967,0.9912564766839378,0.011383363045752048
0.40749944530729976,0.9912564766839378,0.011394384317100048
0.40751752906718736,0.9912564766839378,0.011395142413675785
0.4075356144321662,0.9912564766839378,0.01140048261731863
0.40755370140244984,0.9912564766839378,0.011410907842218876
0.40757178997825216,0.9912564766839378,0.011419727467000484
0.40760797194726794,0.9912564766839378,0.011424902826547623
0.4076260653409091,0.9912564766839378,0.011443028226494789
0.4076441603409242,0.9912564766839378,0.011445908807218075
0.4076622569475273,0.9912564766839378,0.011455743573606014
0.4076984549813532,0.9912564766839378,0.011463068425655365
0.4077165564090041,0.9912564766839378,0.011466050520539284
0.4077527640868523,0.9912564766839378,0.01147663313895464
0.4077708703374778,0.9912564766839378,0.011479348875582218
0.40778897819618987,0.9912564766839378,0.011479499749839306
0.4078070876632028,0.9912564766839378,0.01151190884411335
0.40782519873873074,0.9912564766839378,0.011513400822877884
0.4078433114229881,0.9912564766839378,0.011517481878399849
0.40787954161854845,0.9912564766839378,0.011519117280840874
0.4078976591302803,0.9912564766839378,0.011522787623107433
0.40791577825159914,0.9912564766839378,0.011537820100784302
0.40793389898271953,0.9912564766839378,0.01153874397277832
0.40795202132385605,0.9912564766839378,0.011540909297764301
0.4080426571872917,0.9912564766839378,0.011602867394685745
0.40806078919303235,0.9912564766839378,0.011612851172685623
0.40807892281029196,0.9912564766839378,0.011620944365859032
0.4080970580392854,0.9912564766839378,0.011638049967586994
0.40811519488022757,0.9912564766839378,0.011663855984807014
0.40813333333333335,0.9912564766839378,0.011677766218781471
0.40815147339881774,0.9912564766839378,0.011678327806293964
0.4081696150768957,0.9912564766839378,0.011680848896503448
0.40818775836778237,0.9912564766839378,0.011716026812791824
0.40820590327169276,0.9912564766839378,0.011719119735062122
0.40824219791944516,0.9912564766839378,0.011726014316082
0.4082603476637176,0.9912564766839378,0.011732320301234722
0.408296651994131,0.9912564766839378,0.011733973398804665
0.4083148065807025,0.9912564766839378,0.011740184389054775
0.4083329627818044,0.9912564766839378,0.011748364195227623
0.4083511205976521,0.9912564766839378,0.011768084019422531
0.4083692800284609,0.9912564766839378,0.01177976280450821
0.40836112964198357,0.9911485319516408,0.011814985424280167
0.40837929194093575,0.9911485319516408,0.011842401698231697
0.4083974558555353,0.9911485319516408,0.011843746528029442
0.4084156213859977,0.9911485319516408,0.011867700144648552
0.4084337885325386,0.9911485319516408,0.011871101334691048
0.40845195729537365,0.9911485319516408,0.01187610812485218
0.40847012767471863,0.9911485319516408,0.011885534971952438
0.408443811727022,0.9910405872193437,0.011897760443389416
0.4084619833607688,0.9910405872193437,0.011925277300179005
0.4084801566114967,0.9910405872193437,0.011929632164537907
0.4085165079647593,0.9910405872193437,0.011948144063353539
0.4085346860677257,0.9910405872193437,0.011951515451073647
0.40855286578853683,0.9910405872193437,0.011963454075157642
0.40857104712740866,0.9910405872193437,0.011969244107604027
0.40858923008455716,0.9910405872193437,0.01199036929756403
0.4086074146601985,0.9910405872193437,0.011993578635156155
0.4086437886678239,0.9910405872193437,0.011994351632893085
0.40866197810024035,0.9910405872193437,0.012001123279333115
0.40868016915201427,0.9910405872193437,0.012050043791532516
0.40869836182336183,0.9910405872193437,0.01205506268888712
0.4087165561144994,0.9910405872193437,0.012091895565390587
0.4087347520256433,0.9910405872193437,0.012119793333113194
0.4087529495570099,0.9910405872193437,0.012121951207518578
0.40877114870881565,0.9910405872193437,0.012128999456763268
0.408789349481277,0.9910405872193437,0.012135508470237255
0.4088075518746104,0.9910405872193437,0.012175628915429115
0.40882575588903236,0.9910405872193437,0.012177200056612492
0.40884396152475955,0.9910405872193437,0.01219412125647068
0.4088621687820085,0.9910405872193437,0.012230752035975456
0.40888037766099583,0.9910405872193437,0.012236317619681358
0.40889858816193825,0.9910405872193437,0.012238242663443089
0.40891680028505256,0.9910405872193437,0.012239078059792519
0.40893501403055543,0.9910405872193437,0.012241684831678867
0.4089532293986637,0.9910405872193437,0.012256031855940819
0.4090078852407894,0.9910405872193437,0.01228303648531437
0.409026107101488,0.9910405872193437,0.012311798520386219
0.4090443305858766,0.9910405872193437,0.012315057218074799
0.40906255569417216,0.9910405872193437,0.012348922900855541
0.4090807824265918,0.9910405872193437,0.012352442368865013
0.40909901078335265,0.9910405872193437,0.012353140860795975
0.4091172407646718,0.9910405872193437,0.012359116226434708
0.4090909090909091,0.9909326424870466,0.012371438555419445
0.4091091403360221,0.9909326424870466,0.012390609830617905
0.4091273732061681,0.9909326424870466,0.01242105383425951
0.4091456077015644,0.9909326424870466,0.012474417686462402
0.40916384382242826,0.9909326424870466,0.01248579565435648
0.40918208156897706,0.9909326424870466,0.012512545101344585
0.40920032094142816,0.9909326424870466,0.012525903061032295
0.4092185619399991,0.9909326424870466,0.012531542219221592
0.4092368045649073,0.9909326424870466,0.012545481324195862
0.4092550488163702,0.9909326424870466,0.012619832530617714
0.40927329469460544,0.9909326424870466,0.012625121511518955
0.40929154219983055,0.9909326424870466,0.01263165008276701
0.4093280420921211,0.9909326424870466,0.012643549591302872
0.40934629447962184,0.9909326424870466,0.012694462202489376
0.40936454849498327,0.9909326424870466,0.012716157361865044
0.40943758083939163,0.9909326424870466,0.01276296004652977
0.4094558429973238,0.9909326424870466,0.012812628410756588
0.4094295017618984,0.9908246977547496,0.012816882692277431
0.40944776518868764,0.9908246977547496,0.012822723016142845
0.4094660302449034,0.9908246977547496,0.012826339341700077
0.4094842969307637,0.9908246977547496,0.012856538407504559
0.4095025652464867,0.9908246977547496,0.012864801101386547
0.40952083519229054,0.9908246977547496,0.012868435122072697
0.4095573799750134,0.9908246977547496,0.012915597297251225
0.4095756548123689,0.9908246977547496,0.012929494492709637
0.4095939312806783,0.9908246977547496,0.012979943305253983
0.40961220938015974,0.9908246977547496,0.012994937598705292
0.4096304891110318,0.9908246977547496,0.012996974401175976
0.4096670534678211,0.9908246977547496,0.013028263114392757
0.4096853380941754,0.9908246977547496,0.01305905357003212
0.40970362435279417,0.9908246977547496,0.013074217364192009
0.4097219122438959,0.9908246977547496,0.013095375150442123
0.4097402017676993,0.9908246977547496,0.013101551681756973
0.409758492924423,0.9908246977547496,0.013131252489984035
0.4097767857142857,0.9908246977547496,0.013135171495378017
0.40979508013750615,0.9908246977547496,0.01314398180693388
0.4098133761943031,0.9908246977547496,0.013157076202332973
0.4098316738848953,0.9908246977547496,0.013196516782045364
0.4098499732095017,0.9908246977547496,0.013200845569372177
0.40986827416834115,0.9908246977547496,0.013214430771768093
0.4098865767616326,0.9908246977547496,0.013214624486863613
0.409904880989595,0.9908246977547496,0.013235420919954777
0.40994149435040866,0.9908246977547496,0.01323712058365345
0.4099781142525347,0.9908246977547496,0.01324268989264965
0.40999642665713776,0.9908246977547496,0.013260978274047375
0.41001474069772637,0.9908246977547496,0.013339518569409847
0.4100696926375983,0.9908246977547496,0.013341608457267284
0.41008801322432203,0.9908246977547496,0.01338074542582035
0.41010633544812797,0.9908246977547496,0.013399315997958183
0.41012465930923553,0.9908246977547496,0.013420612551271915
0.41014298480786415,0.9908246977547496,0.013433776795864105
0.41016131194423344,0.9908246977547496,0.013526680879294872
0.4101796407185629,0.9908246977547496,0.013533523306250572
0.4101979711310721,0.9908246977547496,0.013569232076406479
0.4102163031819807,0.9908246977547496,0.013575967401266098
0.4102346368715084,0.9908246977547496,0.013600638136267662
0.41027130916729987,0.9908246977547496,0.013609986752271652
0.41028964777400323,0.9908246977547496,0.013648629188537598
0.41030798802020474,0.9908246977547496,0.013659186661243439
0.4103263299061243,0.9908246977547496,0.013670627027750015
0.4103446734319818,0.9908246977547496,0.013673435896635056
0.4103630185979971,0.9908246977547496,0.013678253628313541
0.4103813654043904,0.9908246977547496,0.01371504832059145
0.4103997138513816,0.9908246977547496,0.013728328980505466
0.4104180639391907,0.9908246977547496,0.013796824961900711
0.4104364156680379,0.9908246977547496,0.013824249617755413
0.4104547690381434,0.9908246977547496,0.013827962800860405
0.4104731240497272,0.9908246977547496,0.01383643876761198
0.4104914807030097,0.9908246977547496,0.013930928893387318
0.4105465605152518,0.9908246977547496,0.013934459537267685
0.4105649237375319,0.9908246977547496,0.013947313651442528
0.4106016551107135,0.9908246977547496,0.013951118104159832
0.410620023262056,0.9908246977547496,0.014072720892727375
0.4106383930568604,0.9908246977547496,0.014129200018942356
0.41065676449534716,0.9908246977547496,0.014163401909172535
0.4107302666905316,0.9908246977547496,0.01422860473394394
0.4107486463507406,0.9908246977547496,0.01425130758434534
0.4107670276559563,0.9908246977547496,0.014275437220931053
0.4107854106063996,0.9908246977547496,0.014300883747637272
0.41080379520229143,0.9908246977547496,0.014320961199700832
0.4108221814438527,0.9908246977547496,0.014385763555765152
0.41084056933130425,0.9908246977547496,0.014410089701414108
0.4108589588648673,0.9908246977547496,0.014420744962990284
0.4108773500447628,0.9908246977547496,0.014475967735052109
0.4109141373444355,0.9908246977547496,0.014485052786767483
0.4109325334646551,0.9908246977547496,0.014526176266372204
0.41100613441991674,0.9908246977547496,0.014585223980247974
0.41102453877843453,0.9908246977547496,0.014633013866841793
0.4110429447852761,0.9908246977547496,0.014668658375740051
0.4110613524406628,0.9908246977547496,0.014673737809062004
0.41107976174481614,0.9908246977547496,0.014684620313346386
0.41109817269795773,0.9908246977547496,0.01471040491014719
0.41111658530030903,0.9908246977547496,0.01472268532961607
0.41117183300483784,0.9908246977547496,0.014777845703065395
0.41119025220624467,0.9908246977547496,0.014872889965772629
0.4112639455172723,0.9908246977547496,0.014886721037328243
0.4112823729724886,0.9908246977547496,0.014891686849296093
0.4113376652475913,0.9908246977547496,0.014896451495587826
0.41135609930985034,0.9908246977547496,0.014961021952331066
0.4113745350244252,0.9908246977547496,0.014982982538640499
0.4114114114114114,0.9908246977547496,0.01499674841761589
0.4113850291349171,0.9907167530224525,0.01500024925917387
0.41140346945179074,0.9907167530224525,0.015022718347609043
0.4114219114219114,0.9907167530224525,0.015025634318590164
0.4114403550455014,0.9907167530224525,0.015032585710287094
0.4114588003227831,0.9907167530224525,0.015075098723173141
0.41147724725397894,0.9907167530224525,0.015082995407283306
0.41149569583931134,0.9907167530224525,0.015110427513718605
0.41153259797327596,0.9907167530224525,0.015116608701646328
0.4115510515223533,0.9907167530224525,0.01511678658425808
0.4115695067264574,0.9907167530224525,0.015200593508780003
0.411587963585811,0.9907167530224525,0.015298220328986645
0.41162488227115757,0.9907167530224525,0.01532556302845478
0.411643344097596,0.9907167530224525,0.015334531664848328
0.41166180758017495,0.9907167530224525,0.01535768248140812
0.4116802727191172,0.9907167530224525,0.015359939076006413
0.41169873951464586,0.9907167530224525,0.015362275764346123
0.4117172079669837,0.9907167530224525,0.015370132401585579
0.4117356780763537,0.9907167530224525,0.015374773181974888
0.4117541498429789,0.9907167530224525,0.015398923307657242
0.4117726232670824,0.9907167530224525,0.015437678433954716
0.4117910983488873,0.9907167530224525,0.015445103868842125
0.4118095750886167,0.9907167530224525,0.015477649867534637
0.41182805348649376,0.9907167530224525,0.015492305159568787
0.41184653354274176,0.9907167530224525,0.015514684841036797
0.4118650152575839,0.9907167530224525,0.01554036419838667
0.41188349863124357,0.9907167530224525,0.015568533912301064
0.411901983663944,0.9907167530224525,0.015606487169861794
0.41193895870736086,0.9907167530224525,0.01562310941517353
0.4119125634005117,0.9906088082901554,0.01562952809035778
0.41193105305682737,0.9906088082901554,0.015636088326573372
0.41196803734961396,0.9906088082901554,0.015640102326869965
0.411986531986532,0.9906088082901554,0.01566045917570591
0.4120050282840981,0.9906088082901554,0.015717320144176483
0.4120605271429213,0.9906088082901554,0.015748651698231697
0.41207903008531654,0.9906088082901554,0.015791170299053192
0.41209753468947863,0.9906088082901554,0.015822095796465874
0.4121160409556314,0.9906088082901554,0.015831150114536285
0.41217156972827307,0.9906088082901554,0.015948543325066566
0.4121900826446281,0.9906088082901554,0.01603628695011139
0.4122085972240938,0.9906088082901554,0.016064170747995377
0.4122271134668943,0.9906088082901554,0.016107378527522087
0.41226415094339625,0.9906088082901554,0.01615150086581707
0.4123011950759278,0.9906088082901554,0.016154304146766663
0.41231971963876535,0.9906088082901554,0.016155175864696503
0.41233824586628326,0.9906088082901554,0.01618662104010582
0.41248651564185546,0.9906088082901554,0.016197042539715767
0.41250505686159933,0.9906088082901554,0.01620875671505928
0.41252359974826935,0.9906088082901554,0.016368495300412178
0.41249719037986066,0.9905008635578584,0.016369491815567017
0.4125157345801115,0.9905008635578584,0.016429247334599495
0.41253428044778134,0.9905008635578584,0.01643567532300949
0.41255282798309506,0.9905008635578584,0.016451463103294373
0.4125713771862776,0.9905008635578584,0.016489790752530098
0.41258992805755396,0.9905008635578584,0.016548318788409233
0.41264559068219636,0.9905008635578584,0.016561616212129593
0.4126641482280986,0.9905008635578584,0.016562307253479958
0.41268270744322016,0.9905008635578584,0.01659153588116169
0.41270126832778625,0.9905008635578584,0.01663636416196823
0.41271983088202224,0.9905008635578584,0.0166819728910923
0.4127569610004048,0.9905008635578584,0.016691377386450768
0.41277552856500227,0.9905008635578584,0.016716988757252693
0.41279409780017096,0.9905008635578584,0.016722869127988815
0.41283124128312415,0.9905008635578584,0.01678703911602497
0.4129055483058093,0.9905008635578584,0.016802921891212463
0.41316583367103427,0.9905008635578584,0.01680601015686989
0.4131844380403458,0.9905008635578584,0.01683083176612854
0.41320304408519837,0.9905008635578584,0.016870036721229553
0.41322165180581827,0.9905008635578584,0.016870543360710144
0.4132402612024319,0.9905008635578584,0.01696728728711605
0.4132588722752657,0.9905008635578584,0.017076632007956505
0.41327748502454625,0.9905008635578584,0.017080698162317276
0.41329609945049994,0.9905008635578584,0.017098022624850273
0.4133147155533535,0.9905008635578584,0.017121750861406326
0.41333333333333333,0.9905008635578584,0.017155654728412628
0.4133519527906662,0.9905008635578584,0.0171759445220232
0.41337057392557885,0.9905008635578584,0.017192574217915535
0.41344507524556184,0.9905008635578584,0.0171967726200819
0.4134637047717749,0.9905008635578584,0.017217084765434265
0.4134823359769286,0.9905008635578584,0.017284594476222992
0.41350096886125004,0.9905008635578584,0.017316900193691254
0.4135196034249662,0.9905008635578584,0.01733522303402424
0.4134931722925774,0.9903929188255614,0.0173456072807312
0.4135118081846043,0.9903929188255614,0.0173785462975502
0.4135304457565241,0.9903929188255614,0.017419535666704178
0.41354908500856397,0.9903929188255614,0.01742580533027649
0.4136982595364776,0.9903929188255614,0.017434878274798393
0.41371691391982685,0.9903929188255614,0.017485152930021286
0.41373556998557,0.9903929188255614,0.017566759139299393
0.4137542277339346,0.9903929188255614,0.01757182739675045
0.4137728871651484,0.9903929188255614,0.017597414553165436
0.413791548279439,0.9903929188255614,0.01760886050760746
0.4138102110770341,0.9903929188255614,0.01761278696358204
0.41382887555816156,0.9903929188255614,0.017681414261460304
0.41384754172304916,0.9903929188255614,0.017703747376799583
0.41386620957192477,0.9903929188255614,0.017862912267446518
0.41388487910501626,0.9903929188255614,0.017957352101802826
0.41390355032255155,0.9903929188255614,0.018038515001535416
0.41392222322475863,0.9903929188255614,0.018078362569212914
0.41394089781186555,0.9903929188255614,0.01808806322515011
0.41395957408410033,0.9903929188255614,0.01811758615076542
0.4139782520416911,0.9903929188255614,0.018127016723155975
0.413996931684866,0.9903929188255614,0.018162580206990242
0.41403429602888087,0.9903929188255614,0.018166275694966316
0.4140529807301774,0.9903929188255614,0.01819271221756935
0.41407166711797094,0.9903929188255614,0.018208933994174004
0.41409035519248993,0.9903929188255614,0.01826184056699276
0.41410904495396283,0.9903929188255614,0.018290981650352478
0.4141277364026179,0.9903929188255614,0.018297508358955383
0.41416512436238884,0.9903929188255614,0.01830195263028145
0.4141838208739617,0.9903929188255614,0.018306778743863106
0.414202519073631,0.9903929188255614,0.01838129200041294
0.4142212189616253,0.9903929188255614,0.01839377172291279
0.41423992053817327,0.9903929188255614,0.018519755452871323
0.4142321759154739,0.9902849740932642,0.018542632460594177
0.4142508805201842,0.9902849740932642,0.01856059581041336
0.41426958681417925,0.9902849740932642,0.018567902967333794
0.41428829479768786,0.9902849740932642,0.01859256625175476
0.4143070044709389,0.9902849740932642,0.0186159648001194
0.41432571583416133,0.9902849740932642,0.01867867261171341
0.4143444288875841,0.9902849740932642,0.01880124770104885
0.41436314363143634,0.9902849740932642,0.018821634352207184
0.41438186006594696,0.9902849740932642,0.018831834197044373
0.4144005781913452,0.9902849740932642,0.01887384057044983
0.4144754676063974,0.9902849740932642,0.018911302089691162
0.41449419418967154,0.9902849740932642,0.018941236659884453
0.41451292246520877,0.9902849740932642,0.018949050456285477
0.4145316524332384,0.9902849740932642,0.01895563304424286
0.41455038409399003,0.9902849740932642,0.018983518704771996
0.4145239278774459,0.9901770293609672,0.018991054967045784
0.41456139558006055,0.9901770293609672,0.019010089337825775
0.41459887005649715,0.9901770293609672,0.01903396286070347
0.4146176098354728,0.9901770293609672,0.019080184400081635
0.4146363513085929,0.9901770293609672,0.01909911073744297
0.41465509447608717,0.9901770293609672,0.019187700003385544
0.4146738393381854,0.9901770293609672,0.0191971343010664
0.41469258589511754,0.9901770293609672,0.019243454560637474
0.41471133414711336,0.9901770293609672,0.019252285361289978
0.41473008409440276,0.9901770293609672,0.019267834722995758
0.4147488357372157,0.9901770293609672,0.019283920526504517
0.41476758907578226,0.9901770293609672,0.019294556230306625
0.41478634411033233,0.9901770293609672,0.019402429461479187
0.4148051008410961,0.9901770293609672,0.019429480656981468
0.41482385926830373,0.9901770293609672,0.019441496580839157
0.41484261939218525,0.9901770293609672,0.01944587007164955
0.4148613812129709,0.9901770293609672,0.019455211237072945
0.414880144730891,0.9901770293609672,0.01950846053659916
0.4148989099461758,0.9901770293609672,0.019536269828677177
0.41491767685905556,0.9901770293609672,0.01957586780190468
0.4149364454697607,0.9901770293609672,0.019583353772759438
0.4149552157785217,0.9901770293609672,0.019667915999889374
0.4149739877855689,0.9901770293609672,0.019692370668053627
0.41499276149113284,0.9901770293609672,0.019693313166499138
0.41501153689544407,0.9901770293609672,0.01970893144607544
0.41503031399873314,0.9901770293609672,0.019711993634700775
0.4150490928012307,0.9901770293609672,0.019731804728507996
0.4150678733031674,0.9901770293609672,0.019854895770549774
0.4151242250079196,0.9901770293609672,0.019911741837859154
0.41514301230992035,0.9901770293609672,0.019924858585000038
0.41518059201593194,0.9901770293609672,0.01997378095984459
0.41521817852616333,0.9901770293609672,0.01998293772339821
0.41525577184246265,0.9901770293609672,0.020059993490576744
0.41527457105346555,0.9901770293609672,0.020076384767889977
0.41529337196667876,0.9901770293609672,0.020176177844405174
0.41533097890066106,0.9901770293609672,0.02022702619433403
0.4153497849218927,0.9901770293609672,0.020241854712367058
0.41538740207399355,0.9901770293609672,0.020255887880921364
0.4154062132053256,0.9901770293609672,0.02027999982237816
0.4154438405797101,0.9901770293609672,0.020289773121476173
0.4154626568232257,0.9901770293609672,0.020317964255809784
0.4154814747712655,0.9901770293609672,0.020320147275924683
0.4155002944240612,0.9901770293609672,0.020326314494013786
0.41551911578184453,0.9901770293609672,0.020327145233750343
0.41553793884484713,0.9901770293609672,0.020379116758704185
0.41555676361330074,0.9901770293609672,0.0203938577324152
0.41557559008743716,0.9901770293609672,0.02041475661098957
0.4155944182674882,0.9901770293609672,0.020431913435459137
0.4156320797462619,0.9901770293609672,0.020456554368138313
0.4156697480514773,0.9901770293609672,0.020477667450904846
0.4156885847645806,0.9901770293609672,0.02047784999012947
0.41572626331293905,0.9901770293609672,0.02049512043595314
0.4157639486923809,0.9901770293609672,0.02051752246916294
0.4157827939443387,0.9901770293609672,0.02056826651096344
0.41580164090476407,0.9901770293609672,0.020594989880919456
0.41585819203916946,0.9901770293609672,0.02060793898999691
0.4158770458357891,0.9901770293609672,0.020654836669564247
0.41589590134203847,0.9901770293609672,0.020658299326896667
0.4159147585581501,0.9901770293609672,0.0206951592117548
0.4159336174843566,0.9901770293609672,0.020707277581095695
0.4159524781208906,0.9901770293609672,0.020742634311318398
0.4159713404679848,0.9901770293609672,0.020750999450683594
0.4159902045258718,0.9901770293609672,0.02079261839389801
0.41600907029478457,0.9901770293609672,0.020793084055185318
0.4159825842441834,0.9900690846286702,0.020793408155441284
0.4160014513788099,0.9900690846286702,0.02079857513308525
0.4160203202249739,0.9900690846286702,0.020800771191716194
0.41603919078290846,0.9900690846286702,0.02086111530661583
0.41607693703502086,0.9900690846286702,0.02090616151690483
0.4160958127296647,0.9900690846286702,0.020915132015943527
0.41611469013701113,0.9900690846286702,0.02093663439154625
0.4161335692572932,0.9900690846286702,0.020941147580742836
0.416171332637597,0.9900690846286702,0.020962592214345932
0.4162279905609003,0.9900690846286702,0.020980199798941612
0.41624687996369414,0.9900690846286702,0.020996704697608948
0.41626577108105656,0.9900690846286702,0.021008051931858063
0.41628466391322105,0.9900690846286702,0.021018102765083313
0.4163035584604212,0.9900690846286702,0.02102901041507721
0.4163602523945708,0.9900690846286702,0.02108529396355152
0.4163980569301312,0.9900690846286702,0.021097712218761444
0.41641696177245074,0.9900690846286702,0.02112041972577572
0.4164358683314415,0.9900690846286702,0.021127672865986824
0.41645477660733743,0.9900690846286702,0.021153021603822708
0.4164925983107801,0.9900690846286702,0.021178584545850754
0.4165115117387948,0.9900690846286702,0.021206367760896683
0.4165304268846503,0.9900690846286702,0.021236367523670197
0.41654934374858077,0.9900690846286702,0.021244719624519348
0.4165682623308202,0.9900690846286702,0.021254008635878563
0.4165871826316028,0.9900690846286702,0.02127576619386673
0.41660610465116277,0.9900690846286702,0.021284978836774826
0.41662502838973425,0.9900690846286702,0.021299514919519424
0.41664395384755154,0.9900690846286702,0.021301409229636192
0.4167386069335272,0.9900690846286702,0.021397463977336884
0.4167575427117412,0.9900690846286702,0.021420426666736603
0.416776480210842,0.9900690846286702,0.021470842882990837
0.41679541943106424,0.9900690846286702,0.021488677710294724
0.4168143603726426,0.9900690846286702,0.02149263769388199
0.4168333030358117,0.9900690846286702,0.021579809486865997
0.41685224742080623,0.9900690846286702,0.021585950627923012
0.4168711935278611,0.9900690846286702,0.021603915840387344
0.41689014135721103,0.9900690846286702,0.021604327484965324
0.4169090909090909,0.9900690846286702,0.021619534119963646
0.4169469951813801,0.9900690846286702,0.021667979657649994
0.4169659499022594,0.9900690846286702,0.021682091057300568
0.41698490634660845,0.9900690846286702,0.021774975582957268
0.41704178602282543,0.9900690846286702,0.02179209142923355
0.4170797144286299,0.9900690846286702,0.021803345531225204
0.4170986812187358,0.9900690846286702,0.021806839853525162
0.4170721724498613,0.989961139896373,0.021860649809241295
0.4170911406221575,0.989961139896373,0.0218665711581707
0.41711011051985264,0.989961139896373,0.021898943930864334
0.417129082143182,0.989961139896373,0.021932952105998993
0.41714805549238115,0.989961139896373,0.021972741931676865
0.4171670305676856,0.989961139896373,0.022041603922843933
0.41718600736933087,0.989961139896373,0.022060822695493698
0.41720498589755256,0.989961139896373,0.022115902975201607
0.41722396615258633,0.989961139896373,0.022211743518710136
0.4172429481346679,0.989961139896373,0.022269053384661674
0.41726193184403293,0.989961139896373,0.02230679802596569
0.41728091728091726,0.989961139896373,0.022340714931488037
0.4172999044455567,0.989961139896373,0.02235681563615799
0.4173188933381871,0.989961139896373,0.022393381223082542
0.41733788395904436,0.989961139896373,0.022413652390241623
0.41735687630836443,0.989961139896373,0.02250192128121853
0.4173758703863833,0.989961139896373,0.022517872974276543
0.417394866193337,0.989961139896373,0.0225385632365942
0.41741386372946154,0.989961139896373,0.022584054619073868
0.41743286299499316,0.989961139896373,0.022595660760998726
0.417451863990168,0.989961139896373,0.022623911499977112
0.41748987117039194,0.989961139896373,0.02263396605849266
0.4175088773559137,0.989961139896373,0.022668935358524323
0.41752788527202367,0.989961139896373,0.022688133642077446
0.41756590629695395,0.989961139896373,0.022694146260619164
0.41758491940624715,0.989961139896373,0.02270466461777687
0.41760393424707437,0.989961139896373,0.02274533547461033
0.41762295081967216,0.989961139896373,0.022775854915380478
0.41759642970991395,0.989853195164076,0.02289077825844288
0.41761544767282993,0.989853195164076,0.022917499765753746
0.41763446736803755,0.989853195164076,0.022992480546236038
0.41765348879577335,0.989853195164076,0.023026416078209877
0.4176725119562742,0.989853195164076,0.023044709116220474
0.4176915368497768,0.989853195164076,0.023062357679009438
0.417710563476518,0.989853195164076,0.02310640923678875
0.41768403790087466,0.989745250431779,0.023168697953224182
0.4177030659195481,0.989745250431779,0.023198366165161133
0.41772209567198176,0.989745250431779,0.02342435158789158
0.41774112715841266,0.989745250431779,0.02343711256980896
0.4177601603790778,0.989745250431779,0.023459577932953835
0.41777919533421426,0.989745250431779,0.02361343801021576
0.4178172704488494,0.989745250431779,0.02363431453704834
0.4178363106088225,0.989745250431779,0.02364570088684559
0.41785535250421546,0.989745250431779,0.023650815710425377
0.4178743961352657,0.989745250431779,0.023731686174869537
0.41789344150221047,0.989745250431779,0.023793432861566544
0.4179124886052871,0.989745250431779,0.02379513904452324
0.4179315374447331,0.989745250431779,0.023880908265709877
0.41795058802078583,0.989745250431779,0.02389681525528431
0.41800775017095965,0.989745250431779,0.023897750303149223
0.41802680769581474,0.989745250431779,0.02394813299179077
0.4180458669584644,0.989745250431779,0.024035129696130753
0.4180193324822178,0.9896373056994818,0.02413244917988777
0.4179927955861566,0.9895293609671848,0.02417345903813839
0.4180118559051528,0.9895293609671848,0.024189859628677368
0.4180309179625154,0.9895293609671848,0.024200471118092537
0.41806904729329136,0.9895293609671848,0.024334004148840904
0.4181071835803877,0.9895293609671848,0.0243796706199646
0.41812625433315087,0.9895293609671848,0.024476652964949608
0.41814532682570815,0.9895293609671848,0.024622401222586632
0.4181644010582976,0.9895293609671848,0.024664826691150665
0.4181834770311573,0.9895293609671848,0.02469189465045929
0.41820255474452556,0.9895293609671848,0.02469627745449543
0.41822163419864045,0.9895293609671848,0.02470186911523342
0.4182407153937403,0.9895293609671848,0.02480807900428772
0.41827888300784816,0.9895293609671848,0.02483661100268364
0.4182979694273329,0.9895293609671848,0.02483832649886608
0.41831705758875604,0.9895293609671848,0.024946950376033783
0.41833614749235615,0.9895293609671848,0.024961935356259346
0.4183552391383717,0.9895293609671848,0.024965522810816765
0.4183743325270412,0.9895293609671848,0.02503662183880806
0.4183934276586034,0.9895293609671848,0.02505865879356861
0.4184125245332968,0.9895293609671848,0.02507517673075199
0.41845072351303236,0.9895293609671848,0.025185860693454742
0.418469825618552,0.9895293609671848,0.025252552703022957
0.4185080350620891,0.9895293609671848,0.025278298184275627
0.4185271424005844,0.9895293609671848,0.02529943734407425
0.41858447488584477,0.9895293609671848,0.025319252163171768
0.41866094263792475,0.9895293609671848,0.025347081944346428
0.41868006394153917,0.9895293609671848,0.025452502071857452
0.4186991869918699,0.9895293609671848,0.025458818301558495
0.41867263508884117,0.9894214162348878,0.025526925921440125
0.41869175954686644,0.9894214162348878,0.02559097297489643
0.4187300137048881,0.9894214162348878,0.025593571364879608
0.4187491434053634,0.9894214162348878,0.02565426006913185
0.4187682748538012,0.9894214162348878,0.025675706565380096
0.4188065429955222,0.9894214162348878,0.025685042142868042
0.418863958323813,0.9894214162348878,0.025706302374601364
0.4189213893967093,0.9894214162348878,0.02579130232334137
0.4189405365875954,0.9894214162348878,0.02579476498067379
0.4189596855288418,0.9894214162348878,0.025888124480843544
0.4189788362206884,0.9894214162348878,0.025903556495904922
0.4189979886633754,0.9894214162348878,0.02591593936085701
0.41901714285714287,0.9894214162348878,0.025936055928468704
0.419036298802231,0.9894214162348878,0.025956356897950172
0.4190746159473299,0.9894214162348878,0.0260209571570158
0.4190937771478213,0.9894214162348878,0.02604297176003456
0.4191129401005944,0.9894214162348878,0.02608845755457878
0.41913210480588964,0.9894214162348878,0.0261271633207798
0.4191512712639473,0.9894214162348878,0.026239298284053802
0.41912470846481,0.9893134715025906,0.026249395683407784
0.4191630459638692,0.9893134715025906,0.02625344693660736
0.4192205653645595,0.9893134715025906,0.02627399004995823
0.41925892040256174,0.9893134715025906,0.026288870722055435
0.41927810055354775,0.9893134715025906,0.026342127472162247
0.4193164661206936,0.9893134715025906,0.026375502347946167
0.41933565153733526,0.9893134715025906,0.02644849382340908
0.41935483870967744,0.9893134715025906,0.026528924703598022
0.419374027637961,0.9893134715025906,0.026637153699994087
0.41939321832242715,0.9893134715025906,0.02664351463317871
0.41941241076331687,0.9893134715025906,0.026662584394216537
0.41943160496087134,0.9893134715025906,0.026675233617424965
0.41948919809593554,0.9893134715025906,0.026722289621829987
0.41950839932256145,0.9893134715025906,0.026761800050735474
0.4195276023070585,0.9893134715025906,0.02679482102394104
0.4195468070496681,0.9893134715025906,0.026832375675439835
0.4195660135506318,0.9893134715025906,0.026913408190011978
0.4195852218101909,0.9893134715025906,0.02691897191107273
0.41960443182858714,0.9893134715025906,0.02693445235490799
0.41964285714285715,0.9893134715025906,0.026952242478728294
0.4196620724392143,0.9893134715025906,0.027014466002583504
0.41968128949537503,0.9893134715025906,0.027083661407232285
0.41971972888807474,0.9893134715025906,0.027153436094522476
0.41977740118169743,0.9893134715025906,0.027197564020752907
0.4197966288017589,0.9893134715025906,0.027214469388127327
0.4198158581833173,0.9893134715025906,0.02723822556436062
0.41985432223189334,0.9893134715025906,0.027270549908280373
0.41987355689939526,0.9893134715025906,0.027283677831292152
0.4198927933293627,0.9893134715025906,0.027299247682094574
0.41991203152203793,0.9893134715025906,0.027313005179166794
0.41993127147766324,0.9893134715025906,0.0275871679186821
0.4199505131964809,0.9893134715025906,0.02762342430651188
0.41996975667873343,0.9893134715025906,0.027632104232907295
0.4199890019246632,0.9893134715025906,0.02769497036933899
0.4200082489345126,0.9893134715025906,0.027810825034976006
0.42002749770852427,0.9893134715025906,0.027820806950330734
0.4200467482469407,0.9893134715025906,0.02784254029393196
0.4200660005500046,0.9893134715025906,0.027861621230840683
0.42010451045104513,0.9893134715025906,0.02787422388792038
0.42012376804950724,0.9893134715025906,0.02787882462143898
0.4201430274135876,0.9893134715025906,0.027922233566641808
0.42018155143957453,0.9893134715025906,0.027929818257689476
0.4202008161019669,0.9893134715025906,0.02804557979106903
0.4202200825309491,0.9893134715025906,0.028194857761263847
0.42023935072676416,0.9893134715025906,0.02820482850074768
0.4202778924198652,0.9893134715025906,0.028322944417595863
0.42033571821684096,0.9893134715025906,0.02833637222647667
0.4203549970187589,0.9893134715025906,0.028454290702939034
0.420374277589212,0.9893134715025906,0.02845432423055172
0.4203935599284436,0.9893134715025906,0.028496669605374336
0.42041284403669726,0.9893134715025906,0.02859824150800705
0.42043212991421625,0.9893134715025906,0.02860316075384617
0.42045141756124416,0.9893134715025906,0.028625918552279472
0.4204707069780245,0.9893134715025906,0.02866383269429207
0.42048999816480087,0.9893134715025906,0.02868497744202614
0.42050929112181695,0.9893134715025906,0.028740134090185165
0.42052858584931635,0.9893134715025906,0.02877165377140045
0.4205478823475428,0.9893134715025906,0.028773389756679535
0.4205671806167401,0.9893134715025906,0.028810452669858932
0.42058648065715204,0.9893134715025906,0.028846105560660362
0.42062508605259535,0.9893134715025906,0.028854820877313614
0.42064439140811455,0.9893134715025906,0.028872830793261528
0.42068300743596804,0.9893134715025906,0.02889981120824814
0.42070231810879044,0.9893134715025906,0.029009735211730003
0.42072163055453543,0.9893134715025906,0.02903762087225914
0.4207409447734472,0.9893134715025906,0.029117140918970108
0.4207602607657699,0.9893134715025906,0.029126521199941635
0.42077957853174786,0.9893134715025906,0.02918286994099617
0.42079889807162535,0.9893134715025906,0.02919965609908104
0.4208375424740564,0.9893134715025906,0.029290299862623215
0.42085686733709876,0.9893134715025906,0.029300644993782043
0.42087619397501835,0.9893134715025906,0.02930745668709278
0.4208955223880597,0.9893134715025906,0.029333028942346573
0.4209148525764673,0.9893134715025906,0.029414253309369087
0.4209341845404859,0.9893134715025906,0.029450861737132072
0.4209535182803601,0.9893134715025906,0.029676269739866257
0.4209728537963346,0.9893134715025906,0.029725292697548866
0.4209921910886541,0.9893134715025906,0.029759233817458153
0.4210115301575635,0.9893134715025906,0.029812080785632133
0.4210308710033076,0.9893134715025906,0.02985227294266224
0.4210502136261313,0.9893134715025906,0.02990390546619892
0.42106955802627954,0.9893134715025906,0.029933270066976547
0.42108890420399725,0.9893134715025906,0.030040599405765533
0.4211082521595295,0.9893134715025906,0.0300882700830698
0.4211276018931214,0.9893134715025906,0.030350973829627037
0.4211469534050179,0.9893134715025906,0.030400831252336502
0.42116630669546434,0.9893134715025906,0.0304051972925663
0.4211856617647059,0.9893134715025906,0.030441906303167343
0.4212050186129877,0.9893134715025906,0.030454402789473534
0.4212630998345284,0.9893134715025906,0.03052457980811596
0.42130182954858875,0.9893134715025906,0.030614538118243217
0.42132119707626536,0.9893134715025906,0.030625952407717705
0.42134056638470024,0.9893134715025906,0.030696019530296326
0.42135993747413913,0.9893134715025906,0.030697528272867203
0.42139868499701133,0.9893134715025906,0.03069831244647503
0.4214180614309362,0.9893134715025906,0.030736343935132027
0.4214374396468478,0.9893134715025906,0.030821915715932846
0.4214568196449922,0.9893134715025906,0.030842328444123268
0.4214762014256151,0.9893134715025906,0.030893592163920403
0.42149558498896245,0.9893134715025906,0.030905356630682945
0.42151497033528035,0.9893134715025906,0.03092927113175392
0.42153435746481466,0.9893134715025906,0.03101220540702343
0.4215537463778115,0.9893134715025906,0.03107239492237568
0.42157313707451705,0.9893134715025906,0.03107980266213417
0.42159252955517734,0.9893134715025906,0.03112167865037918
0.42161192382003865,0.9893134715025906,0.031125182285904884
0.4216313198693472,0.9893134715025906,0.031216831877827644
0.4216507177033493,0.9893134715025906,0.031249433755874634
0.42167011732229126,0.9893134715025906,0.03128845989704132
0.4216895187264194,0.9893134715025906,0.031289197504520416
0.4217089219159803,0.9893134715025906,0.03134186193346977
0.4217283268912203,0.9893134715025906,0.031469397246837616
0.4217671421997239,0.9893134715025906,0.031583745032548904
0.4217865525334806,0.9893134715025906,0.031599320471286774
0.4218059646539028,0.9893134715025906,0.031633369624614716
0.4218253785612372,0.9893134715025906,0.031662970781326294
0.42184479425573046,0.9893134715025906,0.031664393842220306
0.42186421173762945,0.9893134715025906,0.03178822621703148
0.421883631007181,0.9893134715025906,0.031830813735723495
0.42190305206463197,0.9893134715025906,0.031859636306762695
0.4219224749102293,0.9893134715025906,0.0319836363196373
0.4219418995442199,0.9893134715025906,0.03199382871389389
0.4219613259668508,0.9893134715025906,0.03203924745321274
0.42198075417836917,0.9893134715025906,0.032223332673311234
0.4220973610279556,0.9893134715025906,0.03225477412343025
0.4221168017686072,0.9893134715025906,0.032266534864902496
0.42213624430012436,0.9893134715025906,0.03234225884079933
0.42219458264234383,0.9893134715025906,0.03244118019938469
0.4222140323397982,0.9893134715025906,0.03244396299123764
0.42223348382935594,0.9893134715025906,0.03244481608271599
0.42225293711126466,0.9893134715025906,0.03249332308769226
0.4222263177294508,0.9892055267702936,0.03253304958343506
0.42224577247385153,0.9892055267702936,0.03256257623434067
0.42238200589970504,0.9892055267702936,0.03256785497069359
0.4224209458836545,0.9892055267702936,0.03270794078707695
0.42253780892659537,0.9892055267702936,0.03275848925113678
0.4229668605187852,0.9892055267702936,0.032871078699827194
0.42316217214628743,0.9892055267702936,0.032880742102861404
0.4231817132302009,0.9892055267702936,0.03290468454360962
0.4233576642335766,0.9892055267702936,0.032913342118263245
0.4233772233772234,0.9892055267702936,0.03291698545217514
0.4236904156456609,0.9892055267702936,0.032917335629463196
0.4237687861271676,0.9892055267702936,0.032939549535512924
0.42378838327783946,0.9892055267702936,0.03301254287362099
0.42380798224113214,0.9892055267702936,0.03306388109922409
0.4240040716235599,0.9892055267702936,0.03306876868009567
0.42404331127666467,0.9892055267702936,0.03308112919330597
0.424062933826932,0.9892055267702936,0.03308417275547981
0.424102184376157,0.9892055267702936,0.033090583980083466
0.424121812375619,0.9892055267702936,0.03309570625424385
0.4241414421919837,0.9892055267702936,0.03310853987932205
0.42416107382550333,0.9892055267702936,0.0331149585545063
0.4247705571521276,0.9892055267702936,0.03322873264551163
0.42510553416523633,0.9892055267702936,0.033262692391872406
0.42550030180619397,0.9892055267702936,0.0332777239382267
0.4258166442079829,0.9892055267702936,0.03328246995806694
0.4258364312267658,0.9892055267702936,0.03328739479184151
0.4258562200845764,0.9892055267702936,0.033291853964328766
0.42587601078167114,0.9892055267702936,0.03334035724401474
0.42597499186538373,0.9892055267702936,0.033346544951200485
0.4259947936035701,0.9892055267702936,0.03339647501707077
0.4260145971828367,0.9892055267702936,0.03342849761247635
0.4260938299158413,0.9892055267702936,0.033453319221735
0.4261334573355034,0.9892055267702936,0.03345571830868721
0.42617309212668,0.9892055267702936,0.03350193053483963
0.4266492853484799,0.9892055267702936,0.03350653871893883
0.4266890161568189,0.9892055267702936,0.033600930124521255
0.42670888433600296,0.9892055267702936,0.03360993415117264
0.4267287543655413,0.9892055267702936,0.03363312780857086
0.42682813227759664,0.9892055267702936,0.03363964706659317
0.427451712232901,0.9889896373056994,0.033649422228336334
0.4275115486911483,0.9889896373056994,0.03365134447813034
0.42945532952095244,0.9889896373056994,0.033690355718135834
0.42949559347459215,0.9889896373056994,0.03370293974876404
0.42973074397223004,0.9888816925734024,0.03370329737663269
0.430154481851904,0.9888816925734024,0.0337706059217453
0.43039699318769087,0.9888816925734024,0.03381708636879921
0.43068026891072353,0.9888816925734024,0.03381901979446411
0.4318171105349988,0.9888816925734024,0.0338200107216835
0.43183746582445554,0.9888816925734024,0.03385356441140175
0.43275544428173274,0.9888816925734024,0.033858221024274826
0.4328167816309175,0.9888816925734024,0.033868491649627686
0.43351315540412644,0.9888816925734024,0.033870864659547806
0.4337389328156811,0.9888816925734024,0.033938851207494736
0.4338005492944408,0.9888816925734024,0.03394347429275513
0.43382109201117586,0.9888816925734024,0.0339469350874424
0.4338416366736124,0.9888816925734024,0.03399877995252609
0.4339461713419257,0.9885578583765112,0.03402221202850342
0.4341313107371415,0.9885578583765112,0.03404989838600159
0.4343372065449372,0.9885578583765112,0.034056611359119415
0.4344402277039848,0.9885578583765112,0.03414410725235939
0.43448144985292725,0.9885578583765112,0.034153103828430176
0.4345020638610808,0.9885578583765112,0.03416163846850395
0.43452267982539383,0.9885578583765112,0.03421948850154877
0.43474338888097613,0.9884499136442142,0.03422383591532707
0.4351772645185819,0.9884499136442142,0.03422623127698898
0.4355084181489584,0.9884499136442142,0.034236613661050797
0.43667414015169587,0.988126079447323,0.03423697501420975
0.43671580554362865,0.988126079447323,0.03424691781401634
0.43827219614979407,0.9879101899827288,0.03427452966570854
0.43848217707934073,0.9879101899827288,0.034301355481147766
0.4388396068089187,0.9879101899827288,0.034311503171920776
0.4389027431421446,0.9879101899827288,0.03432919457554817
0.43894484412470025,0.9879101899827288,0.03436527028679848
0.43896589764497096,0.9879101899827288,0.03441745787858963
0.4405335130970724,0.9875863557858376,0.034420792013406754
0.44055472624837483,0.9875863557858376,0.034454960376024246
0.4405759414427429,0.9875863557858376,0.03447215259075165
0.44061837796185704,0.9875863557858376,0.03447527065873146
0.44063959928719354,0.9875863557858376,0.03451512008905411
0.4407400269801503,0.9874784110535406,0.034595683217048645
0.44184023582854104,0.9869386873920553,0.034611109644174576
0.44181326116373476,0.9868307426597582,0.0346444807946682
0.44239051536414226,0.9868307426597582,0.034646905958652496
0.4427547462223944,0.9868307426597582,0.034661076962947845
0.44290489801850685,0.9868307426597582,0.03466762229800224
0.4429263565891473,0.9868307426597582,0.03467755764722824
0.44294781723920734,0.9868307426597582,0.03476713225245476
0.44301221166892807,0.9868307426597582,0.03476956486701965
0.44303368063968984,0.9868307426597582,0.034833602607250214
0.44321047526673135,0.986506908462867,0.034844160079956055
0.44334999272162645,0.9862910189982729,0.034880734980106354
0.4433715062111801,0.9862910189982729,0.03492995351552963
0.4433930217887126,0.9862910189982729,0.034967053681612015
0.44343605920892987,0.9862910189982729,0.03502073138952255
0.44428766056831454,0.9856433506044905,0.035054367035627365
0.4443957755390081,0.9856433506044905,0.03505682200193405
0.4445255829803807,0.9856433506044905,0.03506511449813843
0.44454722492697174,0.9856433506044905,0.035068027675151825
0.44456886898096304,0.9856433506044905,0.03508489951491356
0.4445905151426624,0.9856433506044905,0.03508689999580383
0.44463381379041683,0.9856433506044905,0.03511073812842369
0.44467173193064485,0.9855354058721935,0.0351187027990818
0.44469339048268475,0.9855354058721935,0.035133544355630875
0.44471505114466636,0.9855354058721935,0.03514466807246208
0.4447583787996882,0.9855354058721935,0.035160236060619354
0.4449100921007748,0.9855354058721935,0.03520937263965607
0.44518239976559065,0.9840241796200345,0.0352172926068306
0.4453128816374383,0.9840241796200345,0.035224348306655884
0.44533463605276014,0.9840241796200345,0.035256993025541306
0.4455087479229792,0.9840241796200345,0.03525945916771889
0.44585208374095087,0.9839162348877375,0.03526146709918976
0.44630001469219843,0.9837003454231433,0.035271916538476944
0.44636559561128525,0.9837003454231433,0.03528464585542679
0.4463874602008327,0.9837003454231433,0.03531284257769585
0.4464093269324973,0.9837003454231433,0.03533795103430748
0.44643119580659385,0.9837003454231433,0.035350896418094635
0.4464530668234372,0.9837003454231433,0.03537249192595482
0.4464749399833423,0.9837003454231433,0.03538622707128525
0.4465134512667222,0.9835924006908463,0.03543490916490555
0.4465572163685371,0.9835924006908463,0.035512153059244156
0.44657910213683594,0.9835924006908463,0.03554188087582588
0.4467490438364225,0.9834844559585493,0.035576000809669495
0.4467928599450765,0.9834844559585493,0.035586267709732056
0.44688051795173633,0.9834844559585493,0.035596393048763275
0.4469024378280277,0.9834844559585493,0.03559953346848488
0.447172034564022,0.9831606217616581,0.03562163934111595
0.44714489124564244,0.9830526770293609,0.035639647394418716
0.4481570788839132,0.9830526770293609,0.03564167767763138
0.44845767221838967,0.9824050086355786,0.03565473109483719
0.4484797713497265,0.9824050086355786,0.03566759079694748
0.448501872659176,0.9824050086355786,0.03567838668823242
0.44856818965942136,0.9824050086355786,0.03570694476366043
0.44859029968454256,0.9824050086355786,0.03572322055697441
0.4486124118893873,0.9824050086355786,0.035741258412599564
0.4486345262742778,0.9824050086355786,0.03575145825743675
0.4486787615854861,0.9824050086355786,0.03576038405299187
0.44870088251244883,0.9824050086355786,0.03578152507543564
0.44876220534569483,0.9822970639032815,0.035784024745225906
0.44882860665844637,0.9822970639032815,0.03578413277864456
0.44887288511813744,0.9822970639032815,0.03578488156199455
0.44896146825201044,0.9822970639032815,0.035795290023088455
0.4489836194987172,0.9822970639032815,0.035838112235069275
0.4490057729313663,0.9822970639032815,0.035853784531354904
0.4490279285502813,0.9822970639032815,0.03588184341788292
0.44905008635578586,0.9822970639032815,0.03588448092341423
0.44946151566050785,0.9820811744386874,0.035887572914361954
0.4494837211600217,0.9820811744386874,0.03593122959136963
0.44955035082518036,0.9820811744386874,0.03594798967242241
0.4495725651035232,0.9820811744386874,0.035951048135757446
0.44959478157738686,0.9820811744386874,0.03596199303865433
0.4496170002470966,0.9820811744386874,0.03596204146742821
0.4497503583963617,0.9820811744386874,0.03596322983503342
0.44997279786339583,0.9820811744386874,0.03596571087837219
0.44999505391235534,0.9820811744386874,0.035972367972135544
0.4499802097763705,0.9817573402417962,0.036062926054000854
0.4500024739003513,0.9817573402417962,0.03607368841767311
0.4500247402276101,0.9817573402417962,0.03612581640481949
0.4500470087584739,0.9817573402417962,0.036128975450992584
0.45006433732554685,0.9816493955094991,0.03613927960395813
0.4500593941793704,0.9815414507772021,0.03614199534058571
0.45050044594192845,0.981433506044905,0.036169663071632385
0.4507684680218146,0.981433506044905,0.036173053085803986
0.45083552337977884,0.981433506044905,0.03617340326309204
0.45090259869073596,0.981433506044905,0.0361759290099144
0.45092496156325945,0.981433506044905,0.03621028736233711
0.45094732665410175,0.981433506044905,0.03623541444540024
0.45112632727994445,0.981433506044905,0.03627115860581398
0.45139509482673024,0.981433506044905,0.036275435239076614
0.45141750657862073,0.981433506044905,0.03629516065120697
0.45146233675952135,0.981433506044905,0.036300912499427795
0.45148475518919456,0.981433506044905,0.036408811807632446
0.45150717584545863,0.981433506044905,0.03641679510474205
0.45152959872864523,0.981433506044905,0.03641799837350845
0.45155202383908616,0.981433506044905,0.03642173111438751
0.45157445117711337,0.981433506044905,0.03648136928677559
0.45159688074305865,0.981433506044905,0.03650713711977005
0.45168662129266235,0.981433506044905,0.03651091456413269
0.4517090620031797,0.981433506044905,0.03651754930615425
0.4517315049436081,0.981433506044905,0.036518990993499756
0.45175395011428005,0.981433506044905,0.03654809296131134
0.45179884714768437,0.981433506044905,0.0365656279027462
0.45186620943293077,0.981433506044905,0.03663218393921852
0.4518886679920477,0.981433506044905,0.036662787199020386
0.4519111287837368,0.981433506044905,0.03669481724500656
0.4521760756030838,0.981325561312608,0.03672780841588974
0.45219856744926384,0.981325561312608,0.03673460707068443
0.4522210615331045,0.981325561312608,0.0367564894258976
0.4522435578549398,0.981325561312608,0.03675686940550804
0.4522660564151037,0.981325561312608,0.03677017614245415
0.45228855721393035,0.981325561312608,0.03677394986152649
0.4523110602517538,0.981325561312608,0.03681020438671112
0.4523560730457282,0.981325561312608,0.03681156039237976
0.4524864353626363,0.9812176165803109,0.0368671640753746
0.4525765496639283,0.9812176165803109,0.03687707707285881
0.4543864033991502,0.9812176165803109,0.036906659603118896
0.4544091181763647,0.9812176165803109,0.03692362830042839
0.4544772761361932,0.9812176165803109,0.03699242323637009
0.4545,0.9812176165803109,0.03701131045818329
0.4546545945675554,0.9811096718480138,0.03702198341488838
0.4546773386693347,0.9811096718480138,0.03704402223229408
0.4547000850467757,0.9811096718480138,0.03706011921167374
0.4547455846300095,0.9811096718480138,0.03708052635192871
0.4547683378364855,0.9811096718480138,0.03715479373931885
0.45476381104883906,0.9810017271157168,0.03719508275389671
0.45566255391714316,0.9806778929188256,0.03721291199326515
0.4556854090384712,0.9806778929188256,0.03731309622526169
0.4557082664526485,0.9806778929188256,0.03732367232441902
0.45573112616002004,0.9806778929188256,0.03734326362609863
0.45575398816093105,0.9806778929188256,0.03734402358531952
0.45579971904475214,0.9806778929188256,0.03734821081161499
0.45582258792835284,0.9806778929188256,0.03739525377750397
0.4558454591068741,0.9806778929188256,0.037424780428409576
0.4559827343906846,0.9806778929188256,0.03742615506052971
0.4560056216433268,0.9806778929188256,0.037463027983903885
0.45602409638554214,0.9805699481865285,0.03747645765542984
0.4564365390413024,0.9805699481865285,0.03752938657999039
0.4576552974960955,0.9805699481865285,0.037679657340049744
0.45774754346182916,0.9805699481865285,0.037741225212812424
0.45777061076395886,0.9805699481865285,0.037747323513031006
0.457932146998034,0.9805699481865285,0.03782772645354271
0.45795523290986084,0.9805699481865285,0.037882257252931595
0.458116899490645,0.9805699481865285,0.037884604185819626
0.4581400040346984,0.9805699481865285,0.037910543382167816
0.458163110909366,0.9805699481865285,0.03796146437525749
0.4581862201150005,0.9805699481865285,0.0379733107984066
0.4582093316519546,0.9805699481865285,0.03797854483127594
0.4582555617212329,0.9805699481865285,0.03803125396370888
0.45827868025426294,0.9805699481865285,0.038032710552215576
0.45834804985115296,0.9805699481865285,0.03808639198541641
0.45841324316140103,0.9804620034542314,0.03810106962919235
0.45843638015444405,0.9804620034542314,0.0381237268447876
0.4584595194831415,0.9804620034542314,0.03813730552792549
0.45848266114784714,0.9804620034542314,0.038138825446367264
0.4585058051489147,0.9804620034542314,0.038198553025722504
0.458528951486698,0.9804620034542314,0.03823880851268768
0.4585521001615509,0.9804620034542314,0.0382804200053215
0.4585752511738274,0.9804620034542314,0.03828929364681244
0.4585984045238817,0.9804620034542314,0.038403771817684174
0.4586215602120677,0.9804620034542314,0.03841610252857208
0.45871420635321447,0.9804620034542314,0.03849409520626068
0.4587373737373737,0.9804620034542314,0.03854140266776085
0.458760543461791,0.9804620034542314,0.03861823305487633
0.4588068899328181,0.9804620034542314,0.03864983841776848
0.4588300666801374,0.9804620034542314,0.038651254028081894
0.4588532457691336,0.9804620034542314,0.03865651786327362
0.45887642720016164,0.9804620034542314,0.03865658864378929
0.4588490880614359,0.9803540587219344,0.038704514503479004
0.45887227162489896,0.9803540587219344,0.038706351071596146
0.45889545753120103,0.9803540587219344,0.038738884031772614
0.4589186457806973,0.9803540587219344,0.03875938057899475
0.458941836373743,0.9803540587219344,0.03876093775033951
0.4590114222177297,0.9803540587219344,0.038793109357357025
0.4591001011122346,0.9802461139896373,0.0388735830783844
0.45916974263032817,0.9802461139896373,0.039035897701978683
0.4592394052796602,0.9802461139896373,0.039168186485767365
0.459262630860264,0.9802461139896373,0.03917345404624939
0.45923528221727694,0.9801381692573402,0.03919074311852455
0.4593282072035613,0.9801381692573402,0.039201874285936356
0.45934733114090565,0.9800302245250432,0.03922964632511139
0.4593705727585509,0.9800302245250432,0.039234306663274765
0.45941706305029856,0.9800302245250432,0.03929423168301582
0.4594403117251151,0.9800302245250432,0.039327070116996765
0.45946356275303646,0.9800302245250432,0.039328087121248245
0.4594868161344198,0.9800302245250432,0.03934295102953911
0.45951007186962245,0.9800302245250432,0.03938543424010277
0.45953332995900187,0.9800302245250432,0.03944167122244835
0.4595059728690018,0.9799222797927462,0.039444416761398315
0.459552495697074,0.9799222797927462,0.03946038335561752
0.45957576064395284,0.9799222797927462,0.03948238492012024
0.45959902794653706,0.9799222797927462,0.03949560597538948
0.4596222976051845,0.9799222797927462,0.03950238972902298
0.45964556962025316,0.9799222797927462,0.039587970823049545
0.45966884399210084,0.9799222797927462,0.039588794112205505
0.4596647592039297,0.979814335060449,0.03961434215307236
0.4597305237564583,0.979706390328152,0.03961842507123947
0.45975381186363407,0.979706390328152,0.039625588804483414
0.45977710233029384,0.979706390328152,0.03964964300394058
0.4598003951567962,0.979706390328152,0.039658356457948685
0.45984698789076356,0.979706390328152,0.0397457480430603
0.45987028779894606,0.979706390328152,0.03974851593375206
0.46001013684744047,0.979706390328152,0.03975260630249977
0.46003345329210804,0.979706390328152,0.03975431248545647
0.4600567721005677,0.979706390328152,0.039815571159124374
0.46010341681030115,0.979706390328152,0.03981815278530121
0.46012674271229403,0.979706390328152,0.03984806314110756
0.4601500709795173,0.979706390328152,0.03985963761806488
0.46031343510676065,0.979706390328152,0.03988030180335045
0.4603367823087847,0.979706390328152,0.03988403454422951
0.46045355385317843,0.979706390328152,0.039929214864969254
0.4604769152714358,0.979706390328152,0.03995128720998764
0.46050027906032776,0.979706390328152,0.04004644975066185
0.46052364522021516,0.979706390328152,0.04006682336330414
0.4605470137514589,0.979706390328152,0.04009024798870087
0.46051963868872425,0.979598445595855,0.04009437933564186
0.4605430093884801,0.979598445595855,0.04010378569364548
0.46056638246041415,0.979598445595855,0.040175095200538635
0.4605116231854634,0.9793825561312608,0.04020228609442711
0.4605583756345178,0.9793825561312608,0.04021526873111725
0.4646862996158771,0.9793825561312608,0.04021655023097992
0.46471010038926447,0.9793825561312608,0.04023071378469467
0.4647577092511013,0.9793825561312608,0.04024340212345123
0.4648053278688525,0.9793825561312608,0.040257226675748825
0.46482914083713306,0.9793825561312608,0.04031481221318245
0.4649005943840951,0.9793825561312608,0.04034018516540527
0.46492441711503973,0.9793825561312608,0.04035479202866554
0.4649482422875884,0.9793825561312608,0.04038615524768829
0.46497206990211654,0.9793825561312608,0.04040930047631264
0.4649958999589996,0.9793825561312608,0.040426936000585556
0.4650197324586131,0.9793825561312608,0.04044845327734947
0.4650125595939919,0.9791666666666666,0.040449775755405426
0.4650363990567005,0.9791666666666666,0.04045126587152481
0.4650840853158327,0.9791666666666666,0.04048600420355797
0.46510793211300827,0.9791666666666666,0.040489744395017624
0.4651317813557584,0.9791666666666666,0.04049732908606529
0.46522720279002977,0.9791666666666666,0.04052451252937317
0.465199774324255,0.9790587219343696,0.040571149438619614
0.4652236356175626,0.9790587219343696,0.04058283194899559
0.46527136554837384,0.9790587219343696,0.04061306267976761
0.4652952341866311,0.9790587219343696,0.040654413402080536
0.4670889987639061,0.9789507772020726,0.04066507890820503
0.46708560832388996,0.9788428324697754,0.040669266134500504
0.46710966877865345,0.9788428324697754,0.04078894481062889
0.4671337317123429,0.9788428324697754,0.04079728573560715
0.46718186501803194,0.9788428324697754,0.04079878702759743
0.4672059353907981,0.9788428324697754,0.0407993458211422
0.46763962663091124,0.9788428324697754,0.04080807790160179
0.46766374419804024,0.9788428324697754,0.04088202118873596
0.4698202165690897,0.9788428324697754,0.040885068476200104
0.4698445595854922,0.9788428324697754,0.04090612754225731
0.4699875596102011,0.9787348877374784,0.04092300310730934
0.4700119226582344,0.9787348877374784,0.04093942046165466
0.47006065633262484,0.9787348877374784,0.040956806391477585
0.4700850269597677,0.9787348877374784,0.041053373366594315
0.4701094001140665,0.9787348877374784,0.04112330079078674
0.47013377579591414,0.9787348877374784,0.04116154834628105
0.47015815400570393,0.9787348877374784,0.041168536990880966
0.47023130380665906,0.9787348877374784,0.04117202013731003
0.4703532707371479,0.9787348877374784,0.04120684787631035
0.47037767171612366,0.9787348877374784,0.041219208389520645
0.47040207522697797,0.9787348877374784,0.041244592517614365
0.471132359819155,0.9786269430051814,0.041245825588703156
0.4711568444028687,0.9786269430051814,0.04125818610191345
0.4712793055050164,0.9786269430051814,0.04132892191410065
0.4713283077722901,0.9786269430051814,0.04133728891611099
0.47135281272746177,0.9786269430051814,0.041338130831718445
0.4713773202308532,0.9786269430051814,0.04134746640920639
0.4714018302828619,0.9786269430051814,0.041407160460948944
0.4713743435078779,0.9785189982728842,0.041475340723991394
0.4727585846988832,0.9778713298791019,0.041511088609695435
0.4727832576587861,0.9778713298791019,0.04152291268110275
0.47285729199290116,0.9778713298791019,0.041524410247802734
0.47293134951709737,0.9778713298791019,0.04156399518251419
0.47298073408865454,0.9778713298791019,0.04158050939440727
0.4730795341793305,0.9778713298791019,0.04160551354289055
0.47315366133918313,0.9778713298791019,0.04162115603685379
0.47322781173274825,0.9778713298791019,0.04162769764661789
0.4732525336955386,0.9778713298791019,0.04165306314826012
0.4732772582414712,0.9778713298791019,0.04166378080844879
0.47330198537095086,0.9778713298791019,0.041665077209472656
0.4733267150843827,0.9778713298791019,0.04166736081242561
0.4733514473821716,0.9778713298791019,0.04167763516306877
0.4733761822647228,0.9778713298791019,0.04171453043818474
0.47340091973244147,0.9778713298791019,0.041828006505966187
0.473425659785733,0.9778713298791019,0.041856732219457626
0.47349989546309845,0.9778713298791019,0.041895195841789246
0.47352464586273585,0.9778713298791019,0.041942909359931946
0.47359891258887493,0.9778713298791019,0.04194595664739609
0.4736236733413499,0.9778713298791019,0.041973426938056946
0.47364843668304923,0.9778713298791019,0.042017221450805664
0.47369797113574563,0.9778713298791019,0.04210013151168823
0.4737227422475553,0.9778713298791019,0.042149778455495834
0.4737475159502144,0.9778713298791019,0.042169325053691864
0.4737722922441295,0.9778713298791019,0.04218500480055809
0.4737970711297071,0.9778713298791019,0.04219500347971916
0.47384663667747673,0.9778713298791019,0.04224363714456558
0.47389621259677756,0.9778713298791019,0.042252104729413986
0.4739953955629971,0.9778713298791019,0.04226428270339966
0.4741167233708453,0.9777633851468048,0.04233802855014801
0.4741884816753927,0.9776554404145078,0.04239494353532791
0.4744120266093971,0.9776554404145078,0.04240502044558525
0.47443687794656886,0.9776554404145078,0.04262145981192589
0.4745087765260676,0.9775474956822107,0.04263928905129433
0.4746331236897275,0.9775474956822107,0.04266456887125969
0.4746055872949316,0.9774395509499136,0.042668502777814865
0.4746304644092672,0.9774395509499136,0.042743243277072906
0.47465534413167687,0.9774395509499136,0.04288843274116516
0.47472999895145224,0.9774395509499136,0.0428948812186718
0.4747548891102606,0.9774395509499136,0.04293907806277275
0.474804677258665,0.9774395509499136,0.042954061180353165
0.4748295752490823,0.9774395509499136,0.042982395738363266
0.47485447585085744,0.9774395509499136,0.04300078749656677
0.4748793790644011,0.9774395509499136,0.043001651763916016
0.4749291933284381,0.9774395509499136,0.0430164597928524
0.4749541043797535,0.9774395509499136,0.04307521879673004
0.4749265631556861,0.9773316062176166,0.04308047890663147
0.4750262329485834,0.9773316062176166,0.04310370981693268
0.4751259445843829,0.9773316062176166,0.04313092678785324
0.4751508790343742,0.9773316062176166,0.043184004724025726
0.475175816101606,0.9773316062176166,0.043262727558612823
0.4752007557864903,0.9773316062176166,0.04327872395515442
0.47522569808943943,0.9773316062176166,0.04334438964724541
0.47570009982661693,0.9773316062176166,0.04335465282201767
0.4757250945775536,0.9773316062176166,0.043361399322748184
0.47575009195523094,0.9773316062176166,0.043440259993076324
0.47580009459246414,0.9773316062176166,0.04345402866601944
0.47585010774163033,0.9773316062176166,0.043464578688144684
0.47582255860401557,0.9772236614853195,0.04346884787082672
0.4757950065703022,0.9771157167530224,0.043519724160432816
0.47582001682085784,0.9771157167530224,0.043564651161432266
0.4758450297008884,0.9771157167530224,0.04364417493343353
0.4759701335576822,0.9771157167530224,0.04364880546927452
0.47602019352124525,0.9771157167530224,0.04365319013595581
0.47604522745201155,0.9771157167530224,0.04367579147219658
0.47607026401598823,0.9771157167530224,0.04375841096043587
0.4760953032135907,0.9771157167530224,0.04376571252942085
0.47614538951133556,0.9771157167530224,0.04379299283027649
0.4761704366123093,0.9771157167530224,0.04383350536227226
0.47619548634857173,0.9771157167530224,0.04386173188686371
0.4762205387205387,0.9771157167530224,0.04389308765530586
0.4764962888877191,0.9771157167530224,0.04391716793179512
0.4764687302590019,0.9770077720207254,0.04392167180776596
0.47649381416162145,0.9770077720207254,0.04402032494544983
0.476795027129537,0.9770077720207254,0.04406098648905754
0.4767674639131809,0.9768998272884283,0.04410997033119202
0.47679258205573993,0.9768998272884283,0.04413894936442375
0.47684282628167973,0.9768998272884283,0.04414563998579979
0.47686795236589735,0.9768998272884283,0.04414643347263336
0.47689308109817147,0.9768998272884283,0.044179122895002365
0.4769433465085639,0.9768998272884283,0.04419160634279251
0.4769684831875198,0.9768998272884283,0.04419998824596405
0.47709420633665456,0.9768998272884283,0.0442081093788147
0.4771193589202868,0.9768998272884283,0.04422910884022713
0.477144514156166,0.9768998272884283,0.0442473329603672
0.4771696720447116,0.9768998272884283,0.044264040887355804
0.47719483258634326,0.9768998272884283,0.04428607597947121
0.4772199957814807,0.9768998272884283,0.04432506486773491
0.4772451616305437,0.9768998272884283,0.04432655870914459
0.47752216124947233,0.9768998272884283,0.04437381029129028
0.47754735897841805,0.9768998272884283,0.04441984370350838
0.47757255936675463,0.9768998272884283,0.04442153498530388
0.47759776241490315,0.9768998272884283,0.044506754726171494
0.47767103040540543,0.9767918825561313,0.04456538334488869
0.4776962466346408,0.9767918825561313,0.044566601514816284
0.4777214655263436,0.9767918825561313,0.04461261257529259
0.47774668708093554,0.9767918825561313,0.04461364075541496
0.47777191129883845,0.9767918825561313,0.04463609308004379
0.47782236772626463,0.9767918825561313,0.04464360699057579
0.47824937893123315,0.9766839378238342,0.044657569378614426
0.4786772486772487,0.9765759930915371,0.04465774446725845
0.4787763311104054,0.9764680483592401,0.04468858614563942
0.47880167257714495,0.9764680483592401,0.04475019499659538
0.47877408426847345,0.976360103626943,0.04479207098484039
0.4787994282991901,0.976360103626943,0.04480157047510147
0.4788247750132345,0.976360103626943,0.04480366036295891
0.47885012441103286,0.976360103626943,0.04481155052781105
0.47890083125959654,0.976360103626943,0.044916801154613495
0.4789515488482923,0.976360103626943,0.044925760477781296
0.47900005296329645,0.9762521588946459,0.04496752843260765
0.4794549599703091,0.9761442141623489,0.04498260095715523
0.47948038176033936,0.9761442141623489,0.04506637528538704
0.4795058062463545,0.9761442141623489,0.04507964476943016
0.47953123342878357,0.9761442141623489,0.04510838910937309
0.47977707006369424,0.9757124352331606,0.04510865733027458
0.47980253728966504,0.9757124352331606,0.04516462981700897
0.47982800721945007,0.9757124352331606,0.045176126062870026
0.47985347985347987,0.9757124352331606,0.04520300403237343
0.4799044332359968,0.9757124352331606,0.045238982886075974
0.48106726314107684,0.9750647668393783,0.04530123621225357
0.4811697650881585,0.9750647668393783,0.0453030988574028
0.4816572464540898,0.9750647668393783,0.04531583562493324
0.48168293073108304,0.9750647668393783,0.04538196697831154
0.4817086177474403,0.9750647668393783,0.04544965922832489
0.4816809770145592,0.9749568221070811,0.04557732492685318
0.48170666666666667,0.9749568221070811,0.045615971088409424
0.4817323590591498,0.9749568221070811,0.04563430696725845
0.4817047151696181,0.9748488773747841,0.04565652087330818
0.4817561079697002,0.9748488773747841,0.04568888247013092
0.48178180848226193,0.9748488773747841,0.045694004744291306
0.4818075117370892,0.9748488773747841,0.04572494700551033
0.4818589264752961,0.9748488773747841,0.045751407742500305
0.48188463795955394,0.9748488773747841,0.045757751911878586
0.4819103521878335,0.9748488773747841,0.04575963690876961
0.4819598633646456,0.9747409326424871,0.045761507004499435
0.4819855884707766,0.9747409326424871,0.04577253386378288
0.48203321052912596,0.9745250431778929,0.04579240828752518
0.48205894916702263,0.9745250431778929,0.04583357274532318
0.4820846905537459,0.9745250431778929,0.04590495675802231
0.48216193121127965,0.9745250431778929,0.04591122269630432
0.482187683597714,0.9745250431778929,0.04592007026076317
0.4821600256382865,0.9744170984455959,0.045979585498571396
0.48213236472410664,0.9743091537132987,0.04601443558931351
0.48246739362839425,0.9743091537132987,0.046048615127801895
0.48249318436948735,0.9743091537132987,0.04614689201116562
0.48251897786806375,0.9743091537132987,0.04614809900522232
0.4825963749131155,0.9743091537132987,0.046180661767721176
0.48256870922895945,0.9742012089810017,0.04627921059727669
0.482594513662371,0.9742012089810017,0.046314433217048645
0.48262032085561496,0.9742012089810017,0.046322423964738846
0.48264613080913416,0.9742012089810017,0.04633677378296852
0.4826719435233715,0.9742012089810017,0.04637765511870384
0.48280104852083666,0.9742012089810017,0.046403951942920685
0.4828527098603606,0.9742012089810017,0.046437691897153854
0.4828785446762975,0.9742012089810017,0.046599745750427246
0.4829043822569426,0.9742012089810017,0.0466022826731205
0.4828767123287671,0.9740932642487047,0.04663572832942009
0.48310937416349914,0.9740932642487047,0.04663698002696037
0.4831611072442041,0.9740932642487047,0.04663801193237305
0.48318697793960164,0.9740932642487047,0.04665084555745125
0.4832387276427118,0.9740932642487047,0.04671125113964081
0.4833422603106588,0.9740932642487047,0.046718280762434006
0.48339404328262264,0.9740932642487047,0.0468236468732357
0.4833663684577061,0.9739853195164075,0.04694017767906189
0.4833922640094289,0.9739853195164075,0.046986233443021774
0.48349587396849214,0.9739853195164075,0.047008756548166275
0.4835217833985317,0.9739853195164075,0.04704856500029564
0.4835476956055734,0.9739853195164075,0.04705141857266426
0.48357361059006376,0.9739853195164075,0.04708410054445267
0.48380697050938337,0.9739853195164075,0.0470949187874794
0.483832913292938,0.9739853195164075,0.04719668999314308
0.4838588588588589,0.9739853195164075,0.04720122739672661
0.4838848072075937,0.9739853195164075,0.04730786383152008
0.48391075833959024,0.9739853195164075,0.04733612388372421
0.48414444384825883,0.9739853195164075,0.04736312851309776
0.48417042283751877,0.9739853195164075,0.04738772660493851
0.4842483765362529,0.9739853195164075,0.047388773411512375
0.48427436668097895,0.9739853195164075,0.047482505440711975
0.4843003596156943,0.9739853195164075,0.04749191924929619
0.4843263553408481,0.9739853195164075,0.04756952449679375
0.4843523538568898,0.9739853195164075,0.04760182276368141
0.48432467253596734,0.9738773747841105,0.047650475054979324
0.48435067375315405,0.9738773747841105,0.047716669738292694
0.48432298936969825,0.9737694300518135,0.047809094190597534
0.4843489932885906,0.9737694300518135,0.047819022089242935
0.484375,0.9737694300518135,0.04797375947237015
0.4844010095043763,0.9737694300518135,0.04800660163164139
0.48442702180216946,0.9737694300518135,0.04801183193922043
0.48445303689382957,0.9737694300518135,0.04805801436305046
0.4844790547798067,0.9737694300518135,0.048223067075014114
0.48450507546055105,0.9737694300518135,0.04836778715252876
0.484531098936513,0.9737694300518135,0.04837287962436676
0.4845831542758917,0.9737694300518135,0.048396140336990356
0.48460918614020954,0.9737694300518135,0.048420995473861694
0.48468729851708575,0.9737694300518135,0.04849511384963989
0.4847133415721885,0.9737694300518135,0.048572611063718796
0.4847914875322442,0.9737694300518135,0.04873223602771759
0.4848159097016931,0.9736614853195165,0.04877632111310959
0.48486803203784334,0.9736614853195165,0.04879703372716904
0.4848940974088808,0.9736614853195165,0.048863355070352554
0.4848664050319875,0.9735535405872193,0.04889184609055519
0.48489247311827954,0.9735535405872193,0.04892352223396301
0.48491854400774237,0.9735535405872193,0.04892529919743538
0.48497069419798894,0.9735535405872193,0.04897418990731239
0.48499677349967735,0.9735535405872193,0.048978906124830246
0.4850489405184468,0.9735535405872193,0.04898819327354431
0.48507502823643306,0.9735535405872193,0.04899235814809799
0.48512721209187243,0.9735535405872193,0.04905565828084946
0.48517940717628705,0.9735535405872193,0.04917057976126671
0.4852055089304928,0.9735535405872193,0.0491744689643383
0.4852316134933018,0.9735535405872193,0.0492204874753952
0.4853360598396384,0.9735535405872193,0.049221400171518326
0.48536217845226565,0.9735535405872193,0.04923316091299057
0.4853882998762176,0.9735535405872193,0.04928082600235939
0.4853606027987083,0.9734455958549223,0.049345798790454865
0.48546511627906974,0.9734455958549223,0.04936881363391876
0.4854912516823688,0.9734455958549223,0.04945909604430199
0.48551738989986004,0.9734455958549223,0.049503304064273834
0.48548968933397946,0.9733376511226253,0.049537092447280884
0.4854619857850528,0.9732297063903281,0.049589212983846664
0.48543427925259813,0.9731217616580311,0.049642715603113174
0.4854327104313641,0.9730138169257341,0.049675650894641876
0.4854588539422663,0.9730138169257341,0.04968051239848137
0.4855880609880933,0.9729058721934369,0.04968365281820297
0.48561422413793104,0.9729058721934369,0.04969729855656624
0.4856403901072256,0.9729058721934369,0.04972892627120018
0.4856665588964328,0.9729058721934369,0.04972919449210167
0.48569273050600853,0.9729058721934369,0.0497470460832119
0.48571890493640874,0.9729058721934369,0.04976584017276764
0.4856911883589329,0.9727979274611399,0.04977831989526749
0.48571736552764905,0.9727979274611399,0.04982646182179451
0.485743545518245,0.9727979274611399,0.04985004663467407
0.4857697283311772,0.9727979274611399,0.04986002296209335
0.485795913966902,0.9727979274611399,0.04986892268061638
0.4858482937085557,0.9727979274611399,0.049873463809490204
0.4858744878153979,0.9727979274611399,0.04987863451242447
0.4859006847468593,0.9727979274611399,0.04992850124835968
0.486084142394822,0.9727979274611399,0.04997287318110466
0.4861365843133024,0.9727979274611399,0.04999789595603943
0.4861628095161029,0.9727979274611399,0.05000466853380203
0.48618903754855414,0.9727979274611399,0.05002911388874054
0.4862152684111141,0.9727979274611399,0.05005432292819023
0.4863464651915812,0.9727979274611399,0.050071895122528076
0.48637271304441687,0.9727979274611399,0.05009782686829567
0.48647627274199645,0.9726899827288429,0.050157416611909866
0.4865025375229457,0.9726899827288429,0.05017850175499916
0.4865010799136069,0.9725820379965457,0.05021156743168831
0.4868165117786903,0.9725820379965457,0.05023018643260002
0.4869189189189189,0.9723661485319517,0.05023914575576782
0.48694524028325853,0.9723661485319517,0.05028723180294037
0.48707688980209796,0.9723661485319517,0.05034039914608002
0.4871032282485265,0.9723661485319517,0.0503414049744606
0.4870754921046939,0.9722582037996546,0.05036763474345207
0.48710183332431994,0.9722582037996546,0.05037550628185272
0.48725994049229104,0.9722582037996546,0.05040125176310539
0.487286301666306,0.9722582037996546,0.05052793025970459
0.4873126656927988,0.9722582037996546,0.05062597244977951
0.48733903257223243,0.9722582037996546,0.05066603794693947
0.4873626670996374,0.9720423143350605,0.05070849880576134
0.4873890452478892,0.9720423143350605,0.05074628069996834
0.4874154262516915,0.9720423143350605,0.05083439499139786
0.48744181011150806,0.9720423143350605,0.05090203508734703
0.48746819682780274,0.9720423143350605,0.05090278387069702
0.48749458640103943,0.9720423143350605,0.050952982157468796
0.4875209788316821,0.9720423143350605,0.05101505666971207
0.4876265771375968,0.9720423143350605,0.051087602972984314
0.48765298386223327,0.9720423143350605,0.05115998163819313
0.48770580589254764,0.9720423143350605,0.05117521062493324
0.48773222119915505,0.9720423143350605,0.05117928981781006
0.48775863936734914,0.9720423143350605,0.05119309946894646
0.48773089215102106,0.9719343696027634,0.05123647674918175
0.48772956281488705,0.9718264248704663,0.051306650042533875
0.48775598656409147,0.9718264248704663,0.051329392939805984
0.48796747967479676,0.9718264248704663,0.051362045109272
0.4879939292102553,0.9718264248704663,0.051407601684331894
0.4879648704326141,0.9716105354058722,0.05158547684550285
0.48799132556248304,0.9716105354058722,0.051615286618471146
0.48796356538711777,0.9715025906735751,0.05162801221013069
0.4879900233150789,0.9715025906735751,0.05164192616939545
0.48801648411235227,0.9715025906735751,0.05168520659208298
0.4880429477794046,0.9715025906735751,0.05171781778335571
0.4880694143167028,0.9715025906735751,0.051846977323293686
0.48822827384181405,0.9715025906735751,0.05192366987466812
0.4882547604839147,0.9715025906735751,0.05192793533205986
0.48828125,0.9715025906735751,0.05207041651010513
0.4883077423905377,0.9715025906735751,0.05212855339050293
0.4883607357968419,0.9715025906735751,0.052129991352558136
0.4883872368135446,0.9715025906735751,0.0521342009305954
0.48844024747639203,0.9715025906735751,0.0524553582072258
0.48846675712347354,0.9715025906735751,0.052566852420568466
0.4884932696482848,0.9715025906735751,0.052645061165094376
0.48854630333297144,0.9715025906735751,0.052684325724840164
0.48862587545469355,0.9715025906735751,0.05282939597964287
0.4885703426182332,0.971286701208981,0.05289757251739502
0.4885968722849696,0.971286701208981,0.053030263632535934
0.4886499402628435,0.971286701208981,0.05310851335525513
0.48862216911964373,0.971178756476684,0.05324046313762665
0.4886487073647621,0.971178756476684,0.05327896773815155
0.4886752484927489,0.971178756476684,0.05334891378879547
0.4887283393992069,0.971178756476684,0.0534440241754055
0.488754889178618,0.971178756476684,0.05348506569862366
0.4888876813563006,0.971178756476684,0.0536014549434185
0.4889408184337808,0.971178756476684,0.05360567569732666
0.48896739130434785,0.971178756476684,0.053629230707883835
0.48899396706342735,0.971178756476684,0.05391808599233627
0.4890737116764514,0.971178756476684,0.05394100397825241
0.4891002989942919,0.971178756476684,0.0539768822491169
0.4890991137932909,0.9710708117443869,0.054042503237724304
0.4890713353632014,0.9709628670120898,0.05405447632074356
0.4891233413095497,0.9708549222797928,0.05408770963549614
0.4891499428944363,0.9708549222797928,0.05412751063704491
0.4891765473730012,0.9708549222797928,0.05417442321777344
0.4892563781754882,0.9708549222797928,0.054176293313503265
0.4892829942334893,0.9708549222797928,0.05442458763718605
0.4892552091833959,0.9707469775474957,0.054484665393829346
0.4893350745456524,0.9707469775474957,0.05457440763711929
0.4893883326077492,0.9707469775474957,0.05464014783501625
0.48941496598639456,0.9707469775474957,0.05464039742946625
0.4894416022640688,0.9707469775474957,0.054644595831632614
0.4894682414412453,0.9707469775474957,0.054659731686115265
0.48949488351839754,0.9707469775474957,0.05466298386454582
0.4895215284959991,0.9707469775474957,0.05473069101572037
0.4895481763745237,0.9707469775474957,0.05482159182429314
0.489574827154445,0.9707469775474957,0.05485312640666962
0.48960148083623695,0.9707469775474957,0.05488268658518791
0.4896281374203735,0.9707469775474957,0.054887138307094574
0.48965479690732877,0.9707469775474957,0.054918933659791946
0.4896270078954533,0.9706390328151986,0.055009625852108
0.48965367022435197,0.9706390328151986,0.055070485919713974
0.4896803354571693,0.9706390328151986,0.05532948300242424
0.4897070035943797,0.9706390328151986,0.05539487302303314
0.4896236178441092,0.9703151986183074,0.05546610802412033
0.489650288702473,0.9703151986183074,0.0555267296731472
0.489676962466634,0.9703151986183074,0.055552076548337936
0.4897036391370669,0.9703151986183074,0.05557043105363846
0.4897836865907481,0.9703151986183074,0.05562528967857361
0.48983706609994004,0.9703151986183074,0.05566972866654396
0.4899705657909081,0.9703151986183074,0.055762071162462234
0.4899972744617062,0.9703151986183074,0.05577333644032478
0.4900774179478792,0.9703151986183074,0.055884066969156265
0.490104138269451,0.9703151986183074,0.055917881429195404
0.4901308615049073,0.9703151986183074,0.05592133849859238
0.4901575876547249,0.9703151986183074,0.055963385850191116
0.4901843167193805,0.9703151986183074,0.05596446618437767
0.49021104869935106,0.9703151986183074,0.05597119405865669
0.49018324607329844,0.9702072538860104,0.05598011240363121
0.490290202923849,0.9702072538860104,0.0560251846909523
0.49031694942992743,0.9702072538860104,0.0560663565993309
0.4903704511975558,0.9702072538860104,0.05616607889533043
0.49039720646006113,0.9702072538860104,0.05620155856013298
0.490423964642331,0.9702072538860104,0.056258343160152435
0.4904507257448434,0.9702072538860104,0.056264858692884445
0.4905577993668813,0.9702072538860104,0.05632322281599045
0.4905845750777796,0.9702072538860104,0.05634806677699089
0.4906113537117904,0.9702072538860104,0.05639365315437317
0.49063813526939243,0.9702072538860104,0.05647542327642441
0.4906649197510645,0.9702072538860104,0.05655723065137863
0.49071849748853463,0.9702072538860104,0.05657239258289337
0.4907720869280332,0.9702072538860104,0.056586407124996185
0.49074428001965814,0.9700993091537133,0.05673420429229736
0.4907710790738314,0.9700993091537133,0.0567556694149971
0.49079788105510347,0.9700993091537133,0.05677636340260506
0.4908246859639541,0.9700993091537133,0.05682607740163803
0.4908783045663098,0.9700993091537133,0.056872837245464325
0.49093193488473724,0.9700993091537133,0.05688785761594772
0.490958754438678,0.9700993091537133,0.05702086538076401
0.4910124023384145,0.9700993091537133,0.05708018317818642
0.491039230685171,0.9700993091537133,0.05708583444356918
0.4910660619638271,0.9700993091537133,0.05715737119317055
0.4911197333187606,0.9700993091537133,0.05716666951775551
0.49114657339599954,0.9700993091537133,0.057172778993844986
0.49117341640706125,0.9700993091537133,0.05717439576983452
0.4911456055968518,0.9699913644214162,0.05722425505518913
0.491172451489478,0.9699913644214162,0.05723240226507187
0.49119930031704384,0.9699913644214162,0.05725391209125519
0.4912261520800306,0.9699913644214162,0.05742253363132477
0.49125300677891975,0.9699913644214162,0.05750424414873123
0.49127986441419275,0.9699913644214162,0.05750570818781853
0.4913067249863313,0.9699913644214162,0.05762460455298424
0.49133358849581715,0.9699913644214162,0.05770379677414894
0.49136045494313213,0.9699913644214162,0.057879894971847534
0.49133264067370264,0.9698834196891192,0.05792808160185814
0.49135951000765615,0.9698834196891192,0.05793795734643936
0.4913863822805578,0.9698834196891192,0.05797509104013443
0.49141325749288994,0.9698834196891192,0.05816378444433212
0.4913854400262539,0.9697754749568221,0.0583806037902832
0.49141231812711955,0.9697754749568221,0.05844904109835625
0.4914391991685356,0.9697754749568221,0.05854639410972595
0.49146234676007006,0.9693436960276338,0.05860001966357231
0.49148924525203874,0.9693436960276338,0.058627884835004807
0.4914614121510673,0.9692357512953368,0.05869389697909355
0.49148831353659206,0.9692357512953368,0.058772675693035126
0.49151521786730895,0.9692357512953368,0.05896804854273796
0.49156903536625424,0.9692357512953368,0.05900479480624199
0.4915959485354503,0.9692357512953368,0.05902200564742088
0.49162286465177396,0.9692357512953368,0.059041768312454224
0.4917305585980285,0.9692357512953368,0.05906063690781593
0.4917844232665133,0.9692357512953368,0.0591663159430027
0.4921061287139568,0.9690198618307426,0.05917355418205261
0.4921331067375692,0.9690198618307426,0.059236206114292145
0.49221405855905254,0.9690198618307426,0.05930172652006149
0.49226804123711343,0.9690198618307426,0.05930616706609726
0.49224019742253905,0.9689119170984456,0.05932160094380379
0.4922671931556433,0.9689119170984456,0.059463080018758774
0.4922941918499424,0.9689119170984456,0.05953207239508629
0.4923481981240744,0.9689119170984456,0.059548407793045044
0.4923752057048821,0.9689119170984456,0.0596499927341938
0.4923743691024797,0.9688039723661486,0.05974823981523514
0.49240138256432764,0.9688039723661486,0.059788841754198074
0.4924283989904532,0.9688039723661486,0.05981748551130295
0.4924554183813443,0.9688039723661486,0.05994326248764992
0.49248244073748904,0.9688039723661486,0.06001955643296242
0.4925094660593755,0.9688039723661486,0.060086313635110855
0.492536494347492,0.9688039723661486,0.0601617656648159
0.4925356750823271,0.9686960276338514,0.06018868833780289
0.49277829644681204,0.9685880829015544,0.06034648045897484
0.4928053602811951,0.9685880829015544,0.060554105788469315
0.49283242708848246,0.9685880829015544,0.06081214174628258
0.492859496869164,0.9685880829015544,0.06083362177014351
0.49288656962372973,0.9685880829015544,0.06084929034113884
0.49288500631833415,0.9683721934369602,0.06092672422528267
0.4929120879120879,0.9683721934369602,0.06117697432637215
0.49293917248200453,0.9683721934369602,0.06123699992895126
0.4929933505522888,0.9683721934369602,0.06143556162714958
0.49302044405363815,0.9683721934369602,0.06162529066205025
0.49310174242840654,0.9683721934369602,0.061704736202955246
0.49307387862796836,0.9682642487046632,0.06177547946572304
0.49310098400307845,0.9682642487046632,0.06181660294532776
0.4931280923584387,0.9682642487046632,0.06193675473332405
0.49320943531093636,0.9682642487046632,0.06203046441078186
0.4932365555922138,0.9682642487046632,0.062051381915807724
0.4932086884795161,0.9681563039723662,0.06212496757507324
0.49331719927396733,0.9681563039723662,0.062358107417821884
0.49334433443344333,0.9681563039723662,0.062497593462467194
0.493316464051928,0.968048359240069,0.06257181614637375
0.49334360215645284,0.968048359240069,0.06279616802930832
0.49337074324696045,0.968048359240069,0.06281837075948715
0.4933978873239437,0.968048359240069,0.06287781149148941
0.4934250343878955,0.968048359240069,0.06292847543954849
0.4934521844393089,0.968048359240069,0.06295754015445709
0.49347933747867717,0.968048359240069,0.06302186846733093
0.4935064935064935,0.968048359240069,0.06330268085002899
0.4935608145294441,0.968048359240069,0.0633774846792221
0.49358797952556555,0.968048359240069,0.06341388076543808
0.4936151475121092,0.968048359240069,0.06344082951545715
0.493642318489569,0.968048359240069,0.0635356530547142
0.4936144445667731,0.967940414507772,0.06366803497076035
0.4936416184971098,0.967940414507772,0.06370992213487625
0.4936959753344712,0.967940414507772,0.0638393983244896
0.4937231582424843,0.967940414507772,0.06395477056503296
0.49375034414404495,0.967940414507772,0.06403931975364685
0.49377753303964755,0.967940414507772,0.06409765034914017
0.4938047249297869,0.967940414507772,0.06430361419916153
0.4938319198149576,0.967940414507772,0.06430792808532715
0.4938040425180371,0.967832469775475,0.06443975120782852
0.49383124036131304,0.967832469775475,0.06449168920516968
0.49385844120077116,0.967832469775475,0.06451816111803055
0.49388564503690646,0.967832469775475,0.06473001837730408
0.4939128518702143,0.967832469775475,0.06477640569210052
0.4939400617011899,0.967832469775475,0.06486455351114273
0.4939672745303289,0.967832469775475,0.06486782431602478
0.4939944903581267,0.967832469775475,0.06488185375928879
0.4940217091850791,0.967832469775475,0.06489245593547821
0.49404893101168174,0.967832469775475,0.06496401131153107
0.4940761558384306,0.967832469775475,0.06505971401929855
0.4941033836658217,0.967832469775475,0.06524048745632172
0.4941850851568098,0.967832469775475,0.06526070088148117
0.49423956782977785,0.967832469775475,0.06529918313026428
0.49429406251722807,0.967832469775475,0.06532280147075653
0.4942934333131168,0.9677245250431779,0.06543087214231491
0.4943206881340979,0.9677245250431779,0.06563502550125122
0.4943479459608492,0.9677245250431779,0.06571917235851288
0.49437520679386787,0.9677245250431779,0.06579132378101349
0.49440247063365134,0.9677245250431779,0.06588231027126312
0.49442973748069713,0.9677245250431779,0.06591290980577469
0.4945388349514563,0.9677245250431779,0.06609154492616653
0.49483910139647846,0.9677245250431779,0.06619236618280411
0.4948112166041069,0.9676165803108808,0.06626372784376144
0.4948385316036434,0.9676165803108808,0.06638297438621521
0.4948379616849776,0.9675086355785838,0.06643346697092056
0.4948652826855124,0.9675086355785838,0.06645087152719498
0.4948926067031086,0.9675086355785838,0.0664556622505188
0.49491993373826615,0.9675086355785838,0.06650116294622421
0.4949472637914849,0.9675086355785838,0.06654855608940125
0.49497459686326484,0.9675086355785838,0.0667525976896286
0.49497404175411464,0.9674006908462867,0.06678707897663116
0.49500138083402373,0.9674006908462867,0.06684727966785431
0.49502872293415817,0.9674006908462867,0.06717021018266678
0.49502817368246604,0.9672927461139896,0.0673176571726799
0.495055521794376,0.9672927461139896,0.06735280156135559
0.4950828729281768,0.9672927461139896,0.06744591146707535
0.4951375842634545,0.9672927461139896,0.06744805723428726
0.49516494446593357,0.9672927461139896,0.06773031502962112
0.4952196739430782,0.9672927461139896,0.06782181560993195
0.4952470432187465,0.9672927461139896,0.0678529217839241
0.49527441551981427,0.9672927461139896,0.06790493428707123
0.4952465177979217,0.9671848013816926,0.0679958239197731
0.4952738930960146,0.9671848013816926,0.06806473433971405
0.4953012714206744,0.9671848013816926,0.06841686367988586
0.4953286527724031,0.9671848013816926,0.0689820647239685
0.4953560371517028,0.9671848013816926,0.0690053254365921
0.49541081499502376,0.9671848013816926,0.06928896903991699
0.49543820846004977,0.9671848013816926,0.06932761520147324
0.495465604954656,0.9671848013816926,0.06946644932031631
0.4955204070346201,0.9671848013816926,0.06959673017263412
0.49554781262098335,0.9671848013816926,0.06977194547653198
0.49557522123893805,0.9671848013816926,0.06986396014690399
0.4956026328889872,0.9671848013816926,0.0698748230934143
0.49563004757163404,0.9671848013816926,0.06988488137722015
0.49565746528738175,0.9671848013816926,0.0699489414691925
0.4956848860367338,0.9671848013816926,0.07000437378883362
0.49571230982019365,0.9671848013816926,0.07003490626811981
0.49576716649145136,0.9671848013816926,0.07027480751276016
0.4957945993802568,0.9671848013816926,0.07033748924732208
0.4958220353051851,0.9671848013816926,0.07034420967102051
0.4958494742667405,0.9671848013816926,0.070365771651268
0.49587691626542696,0.9671848013816926,0.07038766145706177
0.49584901483285365,0.9670768566493955,0.07048601657152176
0.4959039078932802,0.9670768566493955,0.07052849978208542
0.49593135898145585,0.9670768566493955,0.0706031396985054
0.49595881310894596,0.9670768566493955,0.0708930641412735
0.4959862702762553,0.9670768566493955,0.07090982794761658
0.4959579180509413,0.9668609671848014,0.07109813392162323
0.49593000719862673,0.9667530224525043,0.0711205005645752
0.495902093255067,0.9666450777202072,0.07114149630069733
0.49587417621974855,0.9665371329879102,0.07117213308811188
0.4959016393442623,0.9665371329879102,0.07124163210391998
0.4959291055109388,0.9665371329879102,0.07139352709054947
0.4959840469728023,0.9665371329879102,0.07151200622320175
0.49601152226900064,0.9665371329879102,0.0715295672416687
0.4960390006093845,0.9665371329879102,0.07155651599168777
0.49606648199445985,0.9665371329879102,0.0716049075126648
0.4960939664247327,0.9665371329879102,0.07185926288366318
0.4961214539007092,0.9665371329879102,0.07187825441360474
0.49614894442289575,0.9665371329879102,0.07191957533359528
0.49623143427178007,0.9665371329879102,0.07196826487779617
0.49625893698387186,0.9665371329879102,0.07204712927341461
0.4962864427447068,0.9665371329879102,0.07209084928035736
0.49631395155479185,0.9665371329879102,0.07209613919258118
0.49634146341463414,0.9665371329879102,0.07218155264854431
0.49631354287931706,0.9664291882556131,0.07220790535211563
0.4963410577669365,0.9664291882556131,0.07224912196397781
0.49628520736305165,0.966213298791019,0.0722743421792984
0.49634024620161915,0.966213298791019,0.07236810773611069
0.4963952972493345,0.966213298791019,0.07237512618303299
0.4964228273528922,0.966213298791019,0.0723777636885643
0.4964503605102607,0.966213298791019,0.07238287478685379
0.496477896721948,0.966213298791019,0.07249710708856583
0.4965054359884624,0.966213298791019,0.07250043004751205
0.49656052368800624,0.966213298791019,0.07250473648309708
0.49653259361997226,0.9661053540587219,0.07250505685806274
0.4965601420328451,0.9661053540587219,0.07262199372053146
0.4965876935027465,0.9661053540587219,0.07265977561473846
0.4966152480301853,0.9661053540587219,0.07274351269006729
0.4965873147994007,0.9659974093264249,0.07277840375900269
0.4965593784683685,0.9658894645941278,0.07287333160638809
0.49658693601198733,0.9658894645941278,0.0729677751660347
0.49661449661449664,0.9658894645941278,0.07304160296916962
0.4966420602764056,0.9658894645941278,0.07317040115594864
0.4966696269982238,0.9658894645941278,0.07335026562213898
0.4966971967804607,0.9658894645941278,0.07355253398418427
0.49672476962362605,0.9658894645941278,0.0736934170126915
0.4967523455282296,0.9658894645941278,0.07372332364320755
0.49677992449478126,0.9658894645941278,0.07373553514480591
0.496807506523791,0.9658894645941278,0.07379155606031418
0.496751624187906,0.9656735751295337,0.07382674515247345
0.4969447839128986,0.9656735751295337,0.07383021712303162
0.4969723904227543,0.9656735751295337,0.07395084947347641
0.497,0.9656735751295337,0.07396097481250763
0.49697205400300015,0.9655656303972366,0.0740174800157547
0.4969996666296255,0.9655656303972366,0.07407232373952866
0.4970272823248319,0.9655656303972366,0.07424400746822357
0.4970549010891309,0.9655656303972366,0.07435014098882675
0.4970825229230342,0.9655656303972366,0.07436782121658325
0.4971101478270535,0.9655656303972366,0.07450550049543381
0.49713777580170065,0.9655656303972366,0.07456012070178986
0.49710982658959535,0.9654576856649395,0.07462896406650543
0.49713745761769773,0.9654576856649395,0.0749267190694809
0.4971650917176209,0.9654576856649395,0.07516113668680191
0.49719272888987714,0.9654576856649395,0.07520115375518799
0.49722036913497886,0.9654576856649395,0.07520215213298798
0.4972480124534386,0.9654576856649395,0.07520829886198044
0.4972756588457689,0.9654576856649395,0.07537233829498291
0.4974139369334297,0.9654576856649395,0.07552417367696762
0.49746926970354305,0.9654576856649395,0.07567110657691956
0.4974969407053065,0.9654576856649395,0.0757945105433464
0.49746898815152696,0.9653497409326425,0.075798399746418
0.49744103248776145,0.9652417962003454,0.07590264827013016
0.49746870653685676,0.9652417962003454,0.07609475404024124
0.4974963836652943,0.9652417962003454,0.07623983919620514
0.49752406387358816,0.9652417962003454,0.07680763304233551
0.49755174716225237,0.9652417962003454,0.07702749222517014
0.49757943353180123,0.9652417962003454,0.07709342241287231
0.497607122982749,0.9652417962003454,0.0772278755903244
0.49763481551561023,0.9652417962003454,0.07747514545917511
0.49760685663401605,0.9651338514680483,0.0779658779501915
0.4976345522346524,0.9651338514680483,0.07808010280132294
0.49766225091840144,0.9651338514680483,0.07828766107559204
0.4976899526857779,0.9651338514680483,0.07851624488830566
0.49774536547347326,0.9651338514680483,0.07867244631052017
0.4977730764948224,0.9651338514680483,0.07886143028736115
0.4978007906018596,0.9651338514680483,0.07913683354854584
0.49782850779510024,0.9651338514680483,0.07915908843278885
0.49785622807505986,0.9651338514680483,0.07941719144582748
0.49788395144225417,0.9651338514680483,0.07943875342607498
0.49785598930779085,0.9650259067357513,0.07989612221717834
0.49788371574961016,0.9650259067357513,0.07994626462459564
0.4979114452798663,0.9650259067357513,0.08001331984996796
0.49793917789907544,0.9650259067357513,0.0801355391740799
0.49843889384478146,0.9650259067357513,0.08016814291477203
0.4984109283523836,0.9649179620034543,0.08044029772281647
0.49838295974127356,0.9648100172711571,0.08051436394453049
0.4983270131608298,0.9645941278065631,0.08067405223846436
0.49841039656422553,0.9645941278065631,0.08081089705228806
0.49843819723337796,0.9645941278065631,0.08082407712936401
0.49846600100407207,0.9645941278065631,0.08084461092948914
0.4984100418410042,0.9643782383419689,0.08117746561765671
0.4984378486944878,0.9643782383419689,0.08122579753398895
0.49843767436670017,0.9642702936096719,0.0812474936246872
0.4984654874169968,0.9642702936096719,0.08151774108409882
0.49849330357142857,0.9642702936096719,0.08160652220249176
0.4985489451947762,0.9642702936096719,0.08175992965698242
0.4985767706647318,0.9642702936096719,0.08198241889476776
0.498604599240902,0.9642702936096719,0.08198972791433334
0.4986602657139667,0.9642702936096719,0.0820046216249466
0.49868810361190197,0.9642702936096719,0.0822591632604599
0.4987159446181331,0.9642702936096719,0.08244629204273224
0.4987437887331807,0.9642702936096719,0.08244695514440536
0.49877163595756563,0.9642702936096719,0.08253481984138489
0.498743648444916,0.9641623488773747,0.0827077254652977
0.49874350812531415,0.9640544041450777,0.08294740319252014
0.49877136155478613,0.9640544041450777,0.08299806714057922
0.49879921809550404,0.9640544041450777,0.08323504775762558
0.4988270777479893,0.9640544041450777,0.08335835486650467
0.49885494051276325,0.9640544041450777,0.08360325545072556
0.49888280639034743,0.9640544041450777,0.08380568027496338
0.4989941886455074,0.9639464594127807,0.08386343717575073
0.49896619167365186,0.9638385146804835,0.08395759761333466
0.49899407622666814,0.9638385146804835,0.08396809548139572
0.49902196389649583,0.9638385146804835,0.08475330471992493
0.49916144901610016,0.9638385146804835,0.08485706150531769
0.4991893553977749,0.9638385146804835,0.08488725870847702
0.49921726489992174,0.9638385146804835,0.08519435673952103
0.499245177523064,0.9638385146804835,0.08538616448640823
0.49924509310518367,0.9637305699481865,0.08558493107557297
0.4992730119673415,0.9637305699481865,0.0856800302863121
0.4993009339522398,0.9637305699481865,0.08608612418174744
0.4993288590604027,0.9637305699481865,0.08634581416845322
0.4993847186486184,0.9637305699481865,0.0863678827881813
0.4993567153325502,0.9636226252158895,0.08637211471796036
0.49938464980980085,0.9636226252158895,0.08640478551387787
0.4996082381911798,0.9636226252158895,0.08647860586643219
0.4996361600895606,0.9635146804835925,0.08651189506053925
0.4996641289744738,0.9635146804835925,0.0868203192949295
0.49969210099087497,0.9635146804835925,0.0868443101644516
0.4996640913671481,0.9634067357512953,0.08684767782688141
0.49969206651363307,0.9634067357512953,0.08698145300149918
0.49972004479283316,0.9634067357512953,0.08716654032468796
0.49974802620527464,0.9634067357512953,0.08722445368766785
0.4997760107514839,0.9634067357512953,0.08736684173345566
0.4998039984319875,0.9634067357512953,0.08744236826896667
0.4998319892473118,0.9634067357512953,0.0875752717256546
0.49985998319798375,0.9634067357512953,0.08794284611940384
0.4998879802845301,0.9634067357512953,0.0884997546672821
0.5,0.9632987910189983,0.08854477107524872
0.5000280159130386,0.9632987910189983,0.08871009945869446
0.5000560349658186,0.9632987910189983,0.0888190045952797
0.5000840571588681,0.9632987910189983,0.08887035399675369
0.5000840665807319,0.9631908462867013,0.0888945460319519
0.500112095056608,0.9631908462867013,0.08895061910152435
0.5000840760047083,0.9630829015544041,0.08902815729379654
0.5001121076233184,0.9630829015544041,0.08906096965074539
0.5004768583450211,0.9629749568221071,0.08911074697971344
0.5004488330341114,0.9628670120898101,0.0891423150897026
0.5004769118554676,0.9628670120898101,0.08915869891643524
0.5005049938278532,0.9628670120898101,0.08950570970773697
0.5005330789517984,0.9628670120898101,0.08963644504547119
0.500561167227834,0.9628670120898101,0.08999764174222946
0.5005331387844436,0.9627590673575129,0.09008478373289108
0.5005612302166349,0.9627590673575129,0.09010501205921173
0.5006174225415357,0.9627590673575129,0.09020031243562698
0.5006174918603346,0.9626511226252159,0.09020157158374786
0.5006455959130972,0.9626511226252159,0.09020483493804932
0.5006737031214912,0.9626511226252159,0.09030476957559586
0.5007018134860479,0.9626511226252159,0.09030510485172272
0.5007299270072992,0.9626511226252159,0.09031035751104355
0.5007861635220126,0.9626511226252159,0.0905778557062149
0.5007581288257427,0.9625431778929189,0.09059213846921921
0.5008143779837124,0.9625431778929189,0.09072457253932953
0.50084250730173,0.9625431778929189,0.09082081913948059
0.5008706397798124,0.9625431778929189,0.0908619835972786
0.5008987754184923,0.9625431778929189,0.09128395467996597
0.5008707375990112,0.9624352331606217,0.09139356762170792
0.501067775654715,0.9624352331606217,0.09162638336420059
0.5010959366042825,0.9624352331606217,0.0916307345032692
0.5010678956834532,0.9623272884283247,0.09175747632980347
0.5011805711715763,0.9623272884283247,0.0917629599571228
0.5012087479619947,0.9623272884283247,0.09181225299835205
0.5012369279208366,0.9623272884283247,0.09189102798700333
0.5013496794511304,0.9623272884283247,0.09193968027830124
0.5013498312710911,0.9622193436960277,0.09204655140638351
0.5013780302604196,0.9622193436960277,0.09216096252202988
0.5014062324220947,0.9622193436960277,0.09240861982107162
0.5014344377566519,0.9622193436960277,0.0928167998790741
0.5014908579465541,0.9622193436960277,0.09293685853481293
0.501462810847305,0.9621113989637305,0.0930265262722969
0.5014910257131604,0.9621113989637305,0.09327083826065063
0.5015192437542201,0.9621113989637305,0.09343472868204117
0.5015474649710202,0.9621113989637305,0.09358862787485123
0.5015756893640968,0.9621113989637305,0.09360865503549576
0.5016039169339862,0.9621113989637305,0.09365168958902359
0.5016321476812247,0.9621113989637305,0.09377265721559525
0.5016040974840997,0.9620034542314335,0.09390238672494888
0.5016605685336335,0.9620034542314335,0.09481123089790344
0.5016888088268407,0.9620034542314335,0.09482471644878387
0.5017452989528206,0.9620034542314335,0.09523037075996399
0.5017735487866675,0.9620034542314335,0.09535244852304459
0.5018018018018018,0.9620034542314335,0.0953555703163147
0.5018300579987612,0.9620034542314335,0.09545427560806274
0.5018583173780831,0.9620034542314335,0.09549253433942795
0.5018865799403053,0.9620034542314335,0.0956023707985878
0.5019148456859653,0.9620034542314335,0.09565241634845734
0.5019431146156013,0.9620034542314335,0.09569006413221359
0.5019713867297511,0.9620034542314335,0.09580680727958679
0.5019996620289529,0.9620034542314335,0.09583193063735962
0.5020562221846656,0.9620034542314335,0.09584541618824005
0.5020845070422535,0.9620034542314335,0.09607338905334473
0.5021410863195853,0.9620034542314335,0.09607838094234467
0.5021976783500507,0.9620034542314335,0.09630616009235382
0.5022259791490561,0.9620034542314335,0.09636290371417999
0.5022542831379622,0.9620034542314335,0.09652914106845856
0.5022262300625598,0.9618955094991365,0.09664332866668701
0.5022545372562282,0.9618955094991365,0.09665954858064651
0.5022828476410575,0.9618955094991365,0.09678614884614944
0.5023111612175873,0.9618955094991365,0.09689010679721832
0.5023394779863577,0.9618955094991365,0.09713256359100342
0.5023677979479084,0.9618955094991365,0.09730971604585648
0.5024811097327169,0.9618955094991365,0.09761694073677063
0.5025094456662719,0.9618955094991365,0.09792402386665344
0.5025661271219898,0.9618955094991365,0.09805075079202652
0.502651472413404,0.9617875647668394,0.09814318269491196
0.502708192281652,0.9617875647668394,0.09821628034114838
0.5027365570163065,0.9617875647668394,0.09825731813907623
0.5028500479711044,0.9617875647668394,0.09842909872531891
0.5028784287165594,0.9617875647668394,0.09852074831724167
0.5028787536689998,0.9616796200345423,0.09864886850118637
0.5029071408410951,0.9616796200345423,0.09871021658182144
0.5029639248009936,0.9616796200345423,0.09874086081981659
0.5030494691664784,0.9615716753022453,0.09874659776687622
0.5030214039645338,0.9614637305699482,0.09884347766637802
0.5030498136225009,0.9614637305699482,0.09888138622045517
0.5030782264896921,0.9614637305699482,0.09889271855354309
0.5030501581563488,0.9613557858376511,0.0991910919547081
0.5030785742529514,0.9613557858376511,0.09921544790267944
0.5031069935600497,0.9613557858376511,0.09930377453565598
0.5031354160781877,0.9613557858376511,0.09934820234775543
0.5031638418079096,0.9613557858376511,0.0994815081357956
0.5031357703825075,0.9612478411053541,0.09966034442186356
0.5031641993445587,0.9612478411053541,0.0999174639582634
0.5031926315194666,0.9612478411053541,0.0999627560377121
0.5032495055100311,0.9612478411053541,0.1001569852232933
0.5032779473267774,0.9612478411053541,0.10034465789794922
0.5032783178837893,0.961139896373057,0.10036446154117584
0.5033636723387416,0.961139896373057,0.10043057054281235
0.5033921302578019,0.961139896373057,0.10066910088062286
0.5034205913948098,0.961139896373057,0.10067928582429886
0.5034775233248515,0.961139896373057,0.1007729023694992
0.5035059941189776,0.961139896373057,0.10084934532642365
0.5035344681332353,0.961139896373057,0.10117494314908981
0.503562945368171,0.961139896373057,0.10119413584470749
0.5035914258243313,0.961139896373057,0.10121198743581772
0.5035922385020083,0.9609240069084629,0.10123482346534729
0.5036777186828109,0.9609240069084629,0.10143429040908813
0.5037347215934812,0.9609240069084629,0.10144363343715668
0.5037066379944541,0.9608160621761658,0.1016777828335762
0.5037351443123939,0.9608160621761658,0.10210525244474411
0.5037649323444489,0.9604922279792746,0.1022346168756485
0.5037653586999604,0.9603842832469776,0.10225766152143478
0.5038224135001982,0.9603842832469776,0.10267685353755951
0.5038513819664703,0.9602763385146805,0.10283750295639038
0.5038807999546768,0.9600604490500864,0.10283993929624557
0.5039379001643153,0.9600604490500864,0.10298874229192734
0.5039097914777878,0.9599525043177893,0.10340183973312378
0.5039954661377161,0.9599525043177893,0.10349628329277039
0.5040811699353814,0.9599525043177893,0.10351937264204025
0.5041097443455587,0.9599525043177893,0.10355494171380997
0.5040816326530613,0.9598445595854922,0.10381648689508438
0.5041102103293837,0.9598445595854922,0.10383118689060211
0.5041397300669161,0.9596286701208981,0.10387466847896576
0.5041969147005445,0.9596286701208981,0.10393884032964706
0.5042255118824798,0.9596286701208981,0.10395605117082596
0.504254112308565,0.9596286701208981,0.10409428924322128
0.5042545949625595,0.959520725388601,0.1044207215309143
0.5042832019061667,0.959520725388601,0.10472463071346283
0.5042841740906769,0.959304835924007,0.10473421961069107
0.5043127908296448,0.959304835924007,0.1051073744893074
0.5044272902713134,0.959304835924007,0.10519900172948837
0.5046277894497757,0.959304835924007,0.10526140034198761
0.5047137664697865,0.959304835924007,0.10528785735368729
0.5047424319872778,0.959304835924007,0.10541883111000061
0.5047711007611042,0.959304835924007,0.10543839633464813
0.5047997727918205,0.959304835924007,0.10571763664484024
0.5047716428084527,0.9591968911917098,0.1057487204670906
0.5047153732530394,0.9589810017271158,0.10575281083583832
0.5047440486336003,0.9589810017271158,0.10579264909029007
0.5047159090909091,0.9588730569948186,0.10585956275463104
0.5046877663503608,0.9587651122625216,0.10587665438652039
0.5047164450505739,0.9587651122625216,0.10630743205547333
0.5048885857207822,0.9587651122625216,0.1063200980424881
0.5048604399977261,0.9586571675302246,0.10638268291950226
0.5049465544689561,0.9586571675302246,0.10679284483194351
0.5049752658213453,0.9586571675302246,0.10686636716127396
0.5051481881790774,0.9585492227979274,0.10691849887371063
0.5051769257025828,0.9585492227979274,0.10717905312776566
0.5052056664959891,0.9585492227979274,0.10741385817527771
0.5052344105598543,0.9585492227979274,0.10768380761146545
0.5052631578947369,0.9585492227979274,0.10780990868806839
0.5052350062592467,0.9584412780656304,0.10787414014339447
0.5052637568997894,0.9584412780656304,0.10792573541402817
0.5052925108126565,0.9584412780656304,0.10794266313314438
0.5050395763339217,0.9573618307426598,0.1080089882016182
0.5050683371298406,0.9573618307426598,0.10805082321166992
0.5052697544579274,0.9573618307426598,0.108087457716465
0.5052985414767548,0.9573618307426598,0.10841973125934601
0.5053279389138983,0.9572538860103627,0.10861781984567642
0.5053567358103488,0.9572538860103627,0.10862897336483002
0.505385535989058,0.9572538860103627,0.10866064578294754
0.505414339450587,0.9572538860103627,0.1088145524263382
0.5054431461954972,0.9572538860103627,0.10884346067905426
0.5054719562243503,0.9572538860103627,0.1090560033917427
0.5055007695377074,0.9572538860103627,0.10953950136899948
0.5055295861361304,0.9572538860103627,0.1097625121474266
0.5055013967276666,0.9571459412780656,0.10987184196710587
0.5055302166476625,0.9571459412780656,0.11000897735357285
0.5055308473029992,0.9570379965457686,0.11005214601755142
0.5055596738324685,0.9570379965457686,0.11008159816265106
0.505588503649635,0.9570379965457686,0.11008811742067337
0.5056173367550613,0.9570379965457686,0.11039667576551437
0.5056750128329436,0.9570379965457686,0.11049223691225052
0.5057038558065252,0.9570379965457686,0.11049279570579529
0.5056756602589698,0.9569300518134715,0.11056409776210785
0.5057045065601825,0.9569300518134715,0.1108388900756836
0.505705157462346,0.9568221070811744,0.11116299778223038
0.505734010383979,0.9568221070811744,0.11118867993354797
0.5057058085130663,0.9567141623488774,0.11121325939893723
0.5057346647646219,0.9567141623488774,0.11133260279893875
0.5057635243095183,0.9567141623488774,0.11148981750011444
0.5057353192946413,0.9566062176165803,0.1115250363945961
0.5057641821709851,0.9566062176165803,0.11186274886131287
0.5057930483419896,0.9566062176165803,0.11227097362279892
0.5058507905702381,0.9566062176165803,0.11236299574375153
0.5058796666286106,0.9566062176165803,0.11268194019794464
0.5059085459839013,0.9566062176165803,0.11313515901565552
0.5058521267485013,0.9563903281519862,0.11330080032348633
0.5058810094781317,0.9563903281519862,0.11347149312496185
0.5059098955061954,0.9563903281519862,0.11359885334968567
0.5059387848332572,0.9563903281519862,0.11360546946525574
0.5059676774598824,0.9563903281519862,0.11362297832965851
0.5059965733866362,0.9563903281519862,0.11379380524158478
0.5059683591295905,0.9562823834196891,0.113799087703228
0.5059972583961617,0.9562823834196891,0.1143319234251976
0.5059690409550466,0.956174438687392,0.11487223207950592
0.5059979435622073,0.956174438687392,0.11487940698862076
0.5060268494715795,0.956174438687392,0.11497609317302704
0.5063168124392614,0.956066493955095,0.11528198421001434
0.5063457580608278,0.956066493955095,0.11528964340686798
0.5063747069921674,0.956066493955095,0.11554326117038727
0.5064036592338479,0.956066493955095,0.11569860577583313
0.5064326147864372,0.956066493955095,0.1158226728439331
0.5063768944809837,0.9557426597582038,0.11604330688714981
0.5064058567833448,0.9557426597582038,0.11634431034326553
0.5064348223989018,0.9557426597582038,0.11643607169389725
0.5064637913282233,0.9557426597582038,0.11645115166902542
0.506492763571878,0.9557426597582038,0.11718109250068665
0.5065217391304347,0.9557426597582038,0.1174725815653801
0.5065507180044625,0.9557426597582038,0.11753736436367035
0.5065797001945302,0.9557426597582038,0.11766902357339859
0.5066086857012073,0.9557426597582038,0.11807750910520554
0.5066376745250629,0.9557426597582038,0.11817164719104767
0.5066666666666667,0.9557426597582038,0.11830621212720871
0.5066956621265881,0.9557426597582038,0.11842840909957886
0.5067246609053969,0.9557426597582038,0.11871132999658585
0.506753663003663,0.9557426597582038,0.11883591115474701
0.5067826684219564,0.9557426597582038,0.11906076222658157
0.5068116771608472,0.9557426597582038,0.1192108765244484
0.5067834449596428,0.9556347150259067,0.1193724274635315
0.5068124570643462,0.9556347150259067,0.11943822354078293
0.506841472490983,0.9556347150259067,0.11967981606721878
0.5068712780577187,0.9555267702936097,0.1196950152516365
0.5069003034988261,0.9555267702936097,0.1197686567902565
0.506958364354848,0.9555267702936097,0.11994785815477371
0.5069873997709049,0.9555267702936097,0.1200122982263565
0.5070164385130878,0.9555267702936097,0.12039671093225479
0.5070454805819682,0.9555267702936097,0.12101005762815475
0.5070172423669588,0.9554188255613126,0.12108343094587326
0.5070462878093492,0.9554188255613126,0.1214386373758316
0.5070753365797765,0.9554188255613126,0.12168183922767639
0.5070470952217256,0.9553108808290155,0.12183606624603271
0.5069906027962411,0.9550949913644214,0.12185528874397278
0.5069623517276947,0.9549870466321243,0.12205321341753006
0.5069914040114614,0.9549870466321243,0.12233344465494156
0.5070204596251934,0.9549870466321243,0.12297604233026505
0.5070495185694636,0.9549870466321243,0.12305483967065811
0.5070785808448444,0.9549870466321243,0.12306743115186691
0.5071076464519088,0.9549870466321243,0.12311955541372299
0.5071367153912296,0.9549870466321243,0.12319426238536835
0.5071657876633799,0.9549870466321243,0.12320169061422348
0.5071948632689331,0.9549870466321243,0.12323571741580963
0.507166609333792,0.9548791018998273,0.12339747697114944
0.5071383521587065,0.9547711571675302,0.12374161183834076
0.5071674311926605,0.9547711571675302,0.12380542606115341
0.5071109072141301,0.9545552677029361,0.12387501448392868
0.5070826403624477,0.9544473229706391,0.12397123873233795
0.5070543702684102,0.9543393782383419,0.12408337742090225
0.5070834528247777,0.9543393782383419,0.12479798495769501
0.5070551795342434,0.9542314335060449,0.12535995244979858
0.5070269030000574,0.9541234887737479,0.12583200633525848
0.5069986232216613,0.9540155440414507,0.12597085535526276
0.5070277092536286,0.9540155440414507,0.12607918679714203
0.5070576084461785,0.9539075993091537,0.12616530060768127
0.5070867045389338,0.9539075993091537,0.12618409097194672
0.5071158039710777,0.9539075993091537,0.12669263780117035
0.5070875179340029,0.9537996545768567,0.1267574578523636
0.5070592286501377,0.9536917098445595,0.12685076892375946
0.5070309361189232,0.9535837651122625,0.12696465849876404
0.5070600390311101,0.9535837651122625,0.12723349034786224
0.507060849598163,0.9534758203799655,0.12765060365200043
0.507293820353779,0.9534758203799655,0.12785854935646057
0.507322956751479,0.9534758203799655,0.12814955413341522
0.5073529411764706,0.9533678756476683,0.1282169371843338
0.5073820876658816,0.9533678756476683,0.128341406583786
0.5074112375043088,0.9533678756476683,0.12834684550762177
0.5074403906923298,0.9533678756476683,0.12836143374443054
0.5074695472305217,0.9533678756476683,0.12838895618915558
0.5074412457622249,0.9532599309153713,0.12918351590633392
0.5074704057004942,0.9532599309153713,0.1292237937450409
0.5074995689902879,0.9532599309153713,0.1293012648820877
0.5074712643678161,0.9531519861830743,0.13004978001117706
0.5075004310592562,0.9531519861830743,0.1301565021276474
0.5075296011035751,0.9531519861830743,0.13016463816165924
0.5076755016385902,0.9531519861830743,0.1302649825811386
0.5077046918123275,0.9531519861830743,0.13028107583522797
0.5077338853429935,0.9531519861830743,0.13040097057819366
0.5077630822311673,0.9531519861830743,0.13040868937969208
0.5077922824774282,0.9531519861830743,0.130515456199646
0.5078214860823557,0.9531519861830743,0.13061568140983582
0.5077931788117559,0.9530440414507773,0.1308317333459854
0.5077648682848269,0.9529360967184801,0.13095946609973907
0.5077940753523152,0.9529360967184801,0.1309765726327896
0.5077657616198803,0.9528281519861831,0.13104639947414398
0.5077949720991773,0.9528281519861831,0.1315034031867981
0.5078534031413613,0.9528281519861831,0.13163287937641144
0.5078826237054085,0.9528281519861831,0.13164566457271576
0.5079118476321998,0.9528281519861831,0.13172605633735657
0.5080589454294266,0.9527202072538861,0.1322506070137024
0.508088192965287,0.9527202072538861,0.13237734138965607
0.5081174438687392,0.9527202072538861,0.1326702982187271
0.5081466981403651,0.9527202072538861,0.1329173445701599
0.5081759557807461,0.9527202072538861,0.13305310904979706
0.5082052167904647,0.9527202072538861,0.13372796773910522
0.5082344811701025,0.9527202072538861,0.13374067842960358
0.5082637489202418,0.9527202072538861,0.1341232806444168
0.5082930200414651,0.9527202072538861,0.134248286485672
0.5082647008005529,0.9526122625215889,0.13431648910045624
0.5082939753484622,0.9526122625215889,0.13462795317173004
0.5082656529001786,0.9525043177892919,0.13508950173854828
0.5082949308755761,0.9525043177892919,0.13520276546478271
0.5082666052191946,0.9523963730569949,0.1353629231452942
0.5084130459836349,0.9523963730569949,0.13539394736289978
0.5084423442632398,0.9523963730569949,0.1355026513338089
0.5084140156754264,0.9522884283246977,0.13550584018230438
0.5084433173880468,0.9522884283246977,0.13558529317378998
0.5084149855907781,0.9521804835924007,0.1356542408466339
0.508386650527408,0.9520725388601037,0.13644428551197052
0.5084452643108318,0.9520725388601037,0.1364745795726776
0.5084745762711864,0.9520725388601037,0.137248694896698
0.5085038916114154,0.9520725388601037,0.1376611292362213
0.5085332103321033,0.9520725388601037,0.1379396617412567
0.508562532433835,0.9520725388601037,0.13799051940441132
0.5085918579171953,0.9520725388601037,0.1379977911710739
0.5085351787773933,0.9518566493955095,0.1387178748846054
0.5085645077570794,0.9518566493955095,0.13873377442359924
0.5085938401199677,0.9518566493955095,0.13888119161128998
0.5086231758666436,0.9518566493955095,0.1391407698392868
0.5086525149976927,0.9518566493955095,0.1394319385290146
0.5086818575137007,0.9518566493955095,0.13965414464473724
0.5087112034152532,0.9518566493955095,0.13983821868896484
0.5087405527029366,0.9518566493955095,0.1398434191942215
0.5087699053773367,0.9518566493955095,0.1405840814113617
0.5087992614390399,0.9518566493955095,0.1406145840883255
0.5088286208886325,0.9518566493955095,0.14073176681995392
0.508800276992325,0.9517487046632125,0.14075897634029388
0.5088296398891967,0.9517487046632125,0.1411270946264267
0.5088590061753333,0.9517487046632125,0.14154542982578278
0.5088883758513217,0.9517487046632125,0.14195430278778076
0.5088600288600289,0.9516407599309153,0.14231014251708984
0.5088894019856846,0.9516407599309153,0.14289383590221405
0.5089187785025688,0.9516407599309153,0.1432945728302002
0.508948158411269,0.9516407599309153,0.1434279978275299
0.5089775417123723,0.9516407599309153,0.14379742741584778
0.5090069284064666,0.9516407599309153,0.14389459788799286
0.5090363184941394,0.9516407599309153,0.14402912557125092
0.5090657119759787,0.9516407599309153,0.14409556984901428
0.5090951088525726,0.9516407599309153,0.1442405730485916
0.5091245091245091,0.9516407599309153,0.14436191320419312
0.5091833198567634,0.9516407599309153,0.1445891261100769
0.5091549702535667,0.9515328151986183,0.14464162290096283
0.5092432120161756,0.9515328151986183,0.14471004903316498
0.5482154038822793,0.9450561312607945,0.14478427171707153
0.5579645453386047,0.9445164075993091,0.1450580656528473
0.5580001275428863,0.9445164075993091,0.14543893933296204
0.5580787140396759,0.9444084628670121,0.14550670981407166
0.558114314876244,0.9444084628670121,0.14554204046726227
0.5597081786765647,0.9440846286701209,0.145578533411026
0.5641852664172364,0.9440846286701209,0.14561660587787628
0.5651696284329564,0.9440846286701209,0.14570479094982147
0.5695930080876598,0.9426813471502591,0.14585080742835999
0.5696301611114735,0.9426813471502591,0.14634373784065247
0.5696673189823874,0.9426813471502591,0.14641466736793518
0.5702252693437806,0.9426813471502591,0.1465415060520172
0.5717466762721855,0.9423575129533679,0.14661650359630585
0.5718215759481234,0.9423575129533679,0.14667044579982758
0.5718590331455522,0.9423575129533679,0.14675794541835785
0.5718964952505732,0.9423575129533679,0.1467793881893158
0.5719339622641509,0.9423575129533679,0.1469770222902298
0.5719714341872502,0.9423575129533679,0.1470142900943756
0.5748155953635405,0.9421416234887737,0.14718885719776154
0.5748534545215043,0.9421416234887737,0.14733245968818665
0.5750906095551894,0.9420336787564767,0.14734533429145813
0.5751285092922104,0.9420336787564767,0.1473540961742401
0.5753180829322961,0.9420336787564767,0.1474294364452362
0.5753939473857718,0.9420336787564767,0.14743375778198242
0.5754318871159172,0.9420336787564767,0.14785723388195038
0.575621660840314,0.9420336787564767,0.1480439305305481
0.5755936675461741,0.9419257340241797,0.14823570847511292
0.5756696134054624,0.9419257340241797,0.14836385846138
0.5758215652632969,0.9419257340241797,0.1485791951417923
0.5762779025227843,0.9419257340241797,0.14865504205226898
0.5766206304103615,0.9419257340241797,0.14875538647174835
0.5765926513349193,0.9418177892918825,0.14879809319972992
0.5766307580463949,0.9418177892918825,0.14882902801036835
0.5766027759418374,0.9417098445595855,0.1491667926311493
0.5766408883601031,0.9417098445595855,0.14940151572227478
0.5824542662571772,0.9417098445595855,0.1494668424129486
0.5824931561727983,0.9417098445595855,0.14959587156772614
0.5828265953892415,0.9414939550949913,0.1496930718421936
0.5828655439721999,0.9414939550949913,0.14987163245677948
0.5829044977611442,0.9414939550949913,0.14995506405830383
0.582943456757118,0.9414939550949913,0.15005917847156525
0.5829824209611657,0.9414939550949913,0.15021130442619324
0.5830213903743315,0.9414939550949913,0.15022043883800507
0.5832163156135072,0.9414939550949913,0.1502557396888733
0.5844112324911199,0.9412780656303973,0.1503678262233734
0.5844504021447721,0.9412780656303973,0.1503778100013733
0.5845679426158075,0.9412780656303973,0.15040527284145355
0.5846071332796996,0.9412780656303973,0.15080249309539795
0.5846184792812122,0.9411701208981001,0.1509341597557068
0.5847082494969819,0.9410621761658031,0.1510785073041916
0.5849828893511374,0.9410621761658031,0.15166330337524414
0.5851006711409396,0.9410621761658031,0.15211603045463562
0.5851399422780053,0.9410621761658031,0.1522434651851654
0.585151372759616,0.9409542314335061,0.15232257544994354
0.5858592647355333,0.9409542314335061,0.15246790647506714
0.5858314289555048,0.940846286701209,0.15247942507266998
0.5858035894333535,0.9407383419689119,0.1525588184595108
0.5859217426381605,0.9407383419689119,0.15263332426548004
0.5859611376319506,0.9407383419689119,0.15277311205863953
0.5860005379236148,0.9407383419689119,0.1531904935836792
0.5861187705965432,0.9407383419689119,0.15323448181152344
0.5861581920903954,0.9407383419689119,0.15325745940208435
0.5871454557703968,0.9407383419689119,0.15333713591098785
0.5871176391321924,0.9406303972366149,0.153373584151268
0.5875252865812542,0.9405224525043178,0.15353789925575256
0.5875649066019286,0.9405224525043178,0.1537950038909912
0.5876045319665498,0.9405224525043178,0.15381048619747162
0.5878027389867099,0.9405224525043178,0.15390662848949432
0.5878145874097565,0.9404145077720207,0.15412971377372742
0.5880526493418832,0.9404145077720207,0.1541433334350586
0.5880923450789793,0.9404145077720207,0.15414808690547943
0.5881320461756565,0.9404145077720207,0.15421034395694733
0.5884101040118871,0.9404145077720207,0.15423518419265747
0.5883823032759203,0.9403065630397237,0.15441207587718964
0.5884220480951095,0.9403065630397237,0.1545863300561905
0.5883942444099169,0.9401986183074266,0.15461720526218414
0.5884339954060263,0.9401986183074266,0.1546386331319809
0.5884737517735288,0.9401986183074266,0.1547723412513733
0.5884459459459459,0.9400906735751295,0.15478192269802094
0.5884578997161779,0.9399827288428325,0.15480506420135498
0.5884976684463067,0.9399827288428325,0.15498770773410797
0.5885374425520411,0.9399827288428325,0.15538792312145233
0.5885772220344712,0.9399827288428325,0.1557157039642334
0.588617006894687,0.9399827288428325,0.1557467132806778
0.5885891975934564,0.9398747841105354,0.1558886617422104
0.5887205842575061,0.9397668393782384,0.15602919459342957
0.5888400405816706,0.9397668393782384,0.15621386468410492
0.5888798701298701,0.9397668393782384,0.1562533676624298
0.5888520597984171,0.9396588946459413,0.15629228949546814
0.5888242457042349,0.9395509499136442,0.15651343762874603
0.5888640822677762,0.9395509499136442,0.1565406620502472
0.5889039242219215,0.9395509499136442,0.1566500961780548
0.5900616907328317,0.9395509499136442,0.15668827295303345
0.5900338983050848,0.9394430051813472,0.1567731499671936
0.5904064047764435,0.9393350604490501,0.1568748950958252
0.5904464649206134,0.9393350604490501,0.15692631900310516
0.5904865305014589,0.9393350604490501,0.1569707989692688
0.5905666779776043,0.9393350604490501,0.1570497453212738
0.5905388896430026,0.939227115716753,0.15721900761127472
0.5906591541646867,0.939227115716753,0.1572500765323639
0.5906992532247115,0.939227115716753,0.15729844570159912
0.5914343983684568,0.939119170984456,0.15731309354305267
0.591555041816822,0.939119170984456,0.15734829008579254
0.591595267237862,0.939119170984456,0.15753810107707977
0.5920381082000681,0.939119170984456,0.15774834156036377
0.5920103443582415,0.9390112262521589,0.15782707929611206
0.5920506363574491,0.9390112262521589,0.15789401531219482
0.5920228695888919,0.9389032815198618,0.15797623991966248
0.5920353982300885,0.9387953367875648,0.15801309049129486
0.5920757029069371,0.9387953367875648,0.15814869105815887
0.5922369765066394,0.9387953367875648,0.15828381478786469
0.5929637962773573,0.9387953367875648,0.15829874575138092
0.5930446641663826,0.9387953367875648,0.15835535526275635
0.5930851063829787,0.9387953367875648,0.1583636999130249
0.5931660073659801,0.9387953367875648,0.15869520604610443
0.5932064661346429,0.9387953367875648,0.15949192643165588
0.5931787175989086,0.9386873920552677,0.1600007712841034
0.5933406113537117,0.9386873920552677,0.16003184020519257
0.5933810986011601,0.9386873920552677,0.16029834747314453
0.5934620896744693,0.9386873920552677,0.16058166325092316
0.5934343434343434,0.9385794473229706,0.16072718799114227
0.5934748481332333,0.9385794473229706,0.1607784628868103
0.5935558741211004,0.9385794473229706,0.16088920831680298
0.593596395412343,0.9385794473229706,0.161203071475029
0.5938524590163935,0.9384715025906736,0.16142836213111877
0.5938247148029236,0.9383635578583766,0.16147296130657196
0.5937969667987429,0.9382556131260794,0.16178739070892334
0.5937692150030744,0.9381476683937824,0.1620134562253952
0.5938097840940147,0.9381476683937824,0.16204135119915009
0.5938503587290741,0.9381476683937824,0.16215910017490387
0.593890938909389,0.9381476683937824,0.16219887137413025
0.5939315246360964,0.9381476683937824,0.16223907470703125
0.5941880341880342,0.9380397236614854,0.16244006156921387
0.5942286652078774,0.9380397236614854,0.16247953474521637
0.5942693017848595,0.9380397236614854,0.162889763712883
0.5942415538230065,0.9379317789291882,0.16294628381729126
0.5942138020655222,0.9378238341968912,0.16310301423072815
0.5942544459644323,0.9378238341968912,0.16311487555503845
0.594470676794635,0.9377158894645942,0.1631728708744049
0.5945113605255954,0.9377158894645942,0.163333922624588
0.5944836082403668,0.937607944732297,0.16373375058174133
0.5948500205451308,0.937607944732297,0.16373728215694427
0.5948907609067872,0.937607944732297,0.16381585597991943
0.5952168848077846,0.937607944732297,0.16390132904052734
0.5952576754385965,0.937607944732297,0.16393859684467316
0.5952984716606127,0.937607944732297,0.16409924626350403
0.5953392734749828,0.937607944732297,0.16427141427993774
0.595380080882857,0.937607944732297,0.1644269973039627
0.5954208938853852,0.937607944732297,0.16450409591197968
0.5954617124837184,0.937607944732297,0.16454561054706573
0.5955025366790073,0.937607944732297,0.16469024121761322
0.5955842018650576,0.937607944732297,0.16483406722545624
0.5961155720266282,0.937607944732297,0.16491660475730896
0.5962383305875892,0.937607944732297,0.16496600210666656
0.596279261344134,0.937607944732297,0.16511543095111847
0.5963201977207195,0.937607944732297,0.16520462930202484
0.5963611397185032,0.937607944732297,0.16536666452884674
0.5964020873386432,0.937607944732297,0.16545988619327545
0.596524963944784,0.937607944732297,0.1657695770263672
0.5964972527472527,0.9375,0.16580666601657867
0.5965382237791057,0.9375,0.16614237427711487
0.5969615728328865,0.937392055267703,0.16624268889427185
0.5970026124020349,0.937392055267703,0.16628201305866241
0.597084708470847,0.937392055267703,0.16631953418254852
0.5970570033693186,0.9372841105354058,0.16635636985301971
0.5970980607894375,0.9372841105354058,0.16636154055595398
0.5972623469528133,0.9372841105354058,0.16652478277683258
0.5973034326202105,0.9372841105354058,0.1665472537279129
0.5973445239405614,0.9372841105354058,0.1665666252374649
0.5973856209150327,0.9372841105354058,0.16659867763519287
0.5974267235447915,0.9372841105354058,0.1666923314332962
0.597440132122213,0.9371761658031088,0.16676072776317596
0.5974812469891955,0.9371761658031088,0.16705527901649475
0.5975634937022507,0.9371761658031088,0.16705931723117828
0.5976457630618848,0.9371761658031088,0.16707351803779602
0.5982222834699924,0.9371761658031088,0.16749565303325653
0.5982635060639471,0.9371761658031088,0.16828705370426178
0.5983047343394666,0.9371761658031088,0.16834869980812073
0.5982770503101309,0.9370682210708118,0.1686767190694809
0.5982493624646771,0.9369602763385146,0.16874095797538757
0.5982905982905983,0.9369602763385146,0.1687668114900589
0.5983318398014752,0.9369602763385146,0.16892015933990479
0.5985794083166678,0.9369602763385146,0.16917279362678528
0.5987445678416224,0.9369602763385146,0.16961534321308136
0.5987858719646799,0.9369602763385146,0.1698247194290161
0.5989784649364992,0.9367443868739206,0.16987860202789307
0.5990198108649134,0.9367443868739206,0.16999852657318115
0.598992130332735,0.9366364421416234,0.16999946534633636
0.5990334829133587,0.9366364421416234,0.17006945610046387
0.5990748412040873,0.9366364421416234,0.17015396058559418
0.5991162052061038,0.9366364421416234,0.17035673558712006
0.5991989503487328,0.9366364421416234,0.17046751081943512
0.5992403314917127,0.9366364421416234,0.17047032713890076
0.5993645092215238,0.9366364421416234,0.17047187685966492
0.5994059132357005,0.9366364421416234,0.1708337813615799
0.5994473229706391,0.9366364421416234,0.17128001153469086
0.5994887384275253,0.9366364421416234,0.1714191436767578
0.5995301596075451,0.9366364421416234,0.17143313586711884
0.599571586511885,0.9366364421416234,0.171451598405838
0.5996130191417317,0.9366364421416234,0.17159663140773773
0.5996544574982723,0.9366364421416234,0.17184418439865112
0.599695901582694,0.9366364421416234,0.17189505696296692
0.5997788069399322,0.9366364421416234,0.17192023992538452
0.5998202682151251,0.9366364421416234,0.17209917306900024
0.5998617352229519,0.9366364421416234,0.1724667102098465
0.5999032079646017,0.9366364421416234,0.17284511029720306
0.5999446864412639,0.9366364421416234,0.17289817333221436
0.6019565669881357,0.9365284974093264,0.17311963438987732
0.6037722717149221,0.9364205526770294,0.1731773018836975
0.6038563274397883,0.9364205526770294,0.17350183427333832
0.6048246531409049,0.9364205526770294,0.1735512614250183
0.6047970994282527,0.9363126079447323,0.17380669713020325
0.604839272017293,0.9363126079447323,0.17380954325199127
0.604881450488145,0.9363126079447323,0.17385928332805634
0.6050502232142857,0.9363126079447323,0.17388081550598145
0.6051070955138491,0.9362046632124352,0.1738935261964798
0.6051493162154619,0.9362046632124352,0.1740816980600357
0.6055737933924705,0.935880829015544,0.1741546243429184
0.6056032977013903,0.9356649395509499,0.17437048256397247
0.6056456120737842,0.9356649395509499,0.17437386512756348
0.6056879323597233,0.9356649395509499,0.1744655966758728
0.605857272663731,0.9356649395509499,0.17457091808319092
0.6058996225359988,0.9356649395509499,0.17471861839294434
0.6059419783292556,0.9356649395509499,0.17491012811660767
0.6063427611313358,0.9349093264248705,0.17512716352939606
0.6063852131905062,0.9349093264248705,0.17515012621879578
0.6063576529897774,0.9348013816925734,0.17557021975517273
0.6064001120369722,0.9348013816925734,0.17577797174453735
0.6064425770308123,0.9348013816925734,0.17587660253047943
0.6064150150570768,0.9346934369602763,0.17588002979755402
0.6064574870430032,0.9346934369602763,0.17602381110191345
0.606499964978637,0.9346934369602763,0.1760793924331665
0.606627434496287,0.9346934369602763,0.17615889012813568
0.6066699362432565,0.9346934369602763,0.17617584764957428
0.6067274001401541,0.9345854922279793,0.17628708481788635
0.6067699208073446,0.9345854922279793,0.1763499677181244
0.6068124474348192,0.9345854922279793,0.17643387615680695
0.6068549800238312,0.9345854922279793,0.1765633374452591
0.6068975185756343,0.9345854922279793,0.1766815185546875
0.6069400630914826,0.9345854922279793,0.17730365693569183
0.6070251700203323,0.9345854922279793,0.17734688520431519
0.6070677324358436,0.9345854922279793,0.17736469209194183
0.6071103008204193,0.9345854922279793,0.1775437742471695
0.6071528751753156,0.9345854922279793,0.17759063839912415
0.6071954555017883,0.9345854922279793,0.17798057198524475
0.6072806340744897,0.9345854922279793,0.17806221544742584
0.6073232323232324,0.9345854922279793,0.17819668352603912
0.6073658365485795,0.9345854922279793,0.17833153903484344
0.607408446751789,0.9345854922279793,0.17848658561706543
0.6074510629341191,0.9345854922279793,0.17863206565380096
0.6074936850968286,0.9345854922279793,0.1786525994539261
0.6075363132411761,0.9345854922279793,0.17910954356193542
0.6075789473684211,0.9345854922279793,0.17941732704639435
0.6076215874798232,0.9345854922279793,0.17944611608982086
0.6076642335766423,0.9345854922279793,0.17972463369369507
0.607706885660139,0.9345854922279793,0.18011382222175598
0.6077495437315737,0.9345854922279793,0.18040847778320312
0.6077220077220077,0.9344775474956822,0.1804448813199997
0.6077646728447066,0.9344775474956822,0.18088951706886292
0.6078073439584357,0.9344775474956822,0.18092238903045654
0.6079780883489009,0.9344775474956822,0.1809377670288086
0.6081916537867079,0.9344775474956822,0.18141888082027435
0.608234384880208,0.9344775474956822,0.1814499795436859
0.6082771219786397,0.9344775474956822,0.18155205249786377
0.6082495959524981,0.9343696027633851,0.18174594640731812
0.6082923401264934,0.9343696027633851,0.18188095092773438
0.6083350903085248,0.9343696027633851,0.1819104105234146
0.6083778464998595,0.9343696027633851,0.18248778581619263
0.6084206087017643,0.9343696027633851,0.18289487063884735
0.608506151142355,0.9343696027633851,0.18305805325508118
0.608548931383577,0.9343696027633851,0.18305915594100952
0.6085214089854462,0.9342616580310881,0.18309548497200012
0.6084938827169174,0.934153713298791,0.1834918111562729
0.6085366711201744,0.934153713298791,0.1837984323501587
0.6085794655414909,0.934153713298791,0.1839287281036377
0.6086222659821365,0.934153713298791,0.18423137068748474
0.6087078849264964,0.934153713298791,0.18433690071105957
0.6086528315160042,0.9339378238341969,0.18460862338542938
0.6086956521739131,0.9339378238341969,0.18462489545345306
0.6087384788573841,0.9339378238341969,0.18476583063602448
0.6087813115676893,0.9339378238341969,0.18488070368766785
0.6088241503061009,0.9339378238341969,0.18513086438179016
0.6088669950738916,0.9339378238341969,0.1861308366060257
0.6089527027027027,0.9339378238341969,0.18622621893882751
0.6089955655662701,0.9339378238341969,0.186325803399086
0.6092528695162313,0.9339378238341969,0.1864941269159317
0.6093386858229453,0.9339378238341969,0.18671293556690216
0.6093816030426821,0.9339378238341969,0.18673503398895264
0.609424526308375,0.9339378238341969,0.18713705241680145
0.6094674556213018,0.9339378238341969,0.187310129404068
0.6095962798562672,0.9339378238341969,0.18754585087299347
0.6097681302417366,0.9339378238341969,0.18761618435382843
0.6098111079785734,0.9339378238341969,0.1876945197582245
0.6098540917741594,0.9339378238341969,0.1877751499414444
0.6098970816297759,0.9339378238341969,0.18873660266399384
0.6099400775467043,0.9339378238341969,0.1887514591217041
0.6099985897616698,0.9338298791018999,0.18888945877552032
0.6099710880755941,0.9337219343696027,0.18890903890132904
0.6100141043723555,0.9337219343696027,0.18891659379005432
0.6104446012702893,0.9337219343696027,0.1889396607875824
0.610487684381396,0.9337219343696027,0.1891455501317978
0.6104601919819311,0.9336139896373057,0.1891552060842514
0.6104326957012777,0.9335060449050087,0.18945135176181793
0.6104757870958634,0.9335060449050087,0.18982644379138947
0.6104482880338863,0.9333981001727115,0.18994630873203278
0.6105344912800961,0.9333981001727115,0.19019871950149536
0.6105069905380596,0.9332901554404145,0.19021008908748627
0.6105501023938987,0.9332901554404145,0.1903814673423767
0.610593220338983,0.9332901554404145,0.19180943071842194
0.610565717917932,0.9331822107081175,0.19182340800762177
0.610608843056929,0.9331822107081175,0.19217799603939056
0.610651974288338,0.9331822107081175,0.19284015893936157
0.610738255033557,0.9331822107081175,0.1929609477519989
0.6107814045499506,0.9331822107081175,0.19299057126045227
0.6108245601639228,0.9331822107081175,0.19309201836585999
0.6108677218767665,0.9331822107081175,0.19310785830020905
0.6108402233057735,0.9330742659758203,0.19323232769966125
0.6108833922261484,0.9330742659758203,0.19370000064373016
0.6109265672485688,0.9330742659758203,0.19370731711387634
0.6109697483743285,0.9330742659758203,0.1942725032567978
0.6110129356047218,0.9330742659758203,0.1946372240781784
0.6110561289410434,0.9330742659758203,0.19478359818458557
0.6110993283845882,0.9330742659758203,0.19488045573234558
0.6111425339366516,0.9330742659758203,0.19492502510547638
0.6111150392420278,0.9329663212435233,0.19501595199108124
0.6111582520152736,0.9329663212435233,0.1950264722108841
0.6112879270103968,0.9329663212435233,0.19527475535869598
0.6113744075829384,0.9329663212435233,0.19538915157318115
0.6114176570458404,0.9329663212435233,0.19544559717178345
0.6114609126282278,0.9329663212435233,0.19549988210201263
0.6115041743313995,0.9329663212435233,0.1955057829618454
0.6115474421566547,0.9329663212435233,0.1956304907798767
0.6115907161052929,0.9329663212435233,0.19565866887569427
0.6116339961786144,0.9329663212435233,0.1958085596561432
0.6116772823779193,0.9329663212435233,0.19590575993061066
0.6117205747045085,0.9329663212435233,0.19591201841831207
0.611763873159683,0.9329663212435233,0.19613410532474518
0.6118071777447441,0.9329663212435233,0.1961563676595688
0.6117796970126009,0.9328583765112263,0.19655996561050415
0.6118230088495575,0.9328583765112263,0.19666840136051178
0.6118663268195978,0.9328583765112263,0.1969643235206604
0.6119096509240246,0.9328583765112263,0.19698955118656158
0.6120396600566572,0.9328583765112263,0.19756238162517548
0.6120830087116651,0.9328583765112263,0.1977185159921646
0.6120555319450347,0.9327504317789291,0.19774755835533142
0.6120988878656939,0.9327504317789291,0.19790653884410858
0.6121422499291584,0.9327504317789291,0.1982124298810959
0.61211477151966,0.9326424870466321,0.1982874572277069
0.6121581408530538,0.9326424870466321,0.1984805464744568
0.6122015163324594,0.9326424870466321,0.19912376999855042
0.6121740362811792,0.9325345423143351,0.19928289949893951
0.6122174190347955,0.9325345423143351,0.19932076334953308
0.6123910115545473,0.9325345423143351,0.19932419061660767
0.6124344250673472,0.9325345423143351,0.19975490868091583
0.6124778447359093,0.9325345423143351,0.1999305635690689
0.6124503686897335,0.9324265975820379,0.2001921832561493
0.6124937956463163,0.9324265975820379,0.200918048620224
0.6125372287618778,0.9324265975820379,0.20102539658546448
0.6125806680377278,0.9324265975820379,0.20124545693397522
0.6126241134751773,0.9324265975820379,0.2013748586177826
0.6125966380594369,0.9323186528497409,0.20157165825366974
0.6126400907930203,0.9323186528497409,0.20174983143806458
0.6126835496914237,0.9323186528497409,0.2018027901649475
0.6127270147559591,0.9323186528497409,0.20185819268226624
0.612770485987939,0.9323186528497409,0.2020639330148697
0.612813963388676,0.9323186528497409,0.2025381177663803
0.6132337246531483,0.9303756476683938,0.20273417234420776
0.6132773587590722,0.9303756476683938,0.20283076167106628
0.6133209990749307,0.9303756476683938,0.20292013883590698
0.6133646456020495,0.9303756476683938,0.20350386202335358
0.613408298341755,0.9303756476683938,0.2036234438419342
0.6135489385952415,0.9297279792746114,0.20417648553848267
0.6135926480017098,0.9297279792746114,0.20428310334682465
0.6136363636363636,0.9297279792746114,0.2044011950492859
0.6136800855005344,0.9297279792746114,0.20441456139087677
0.6137238135955536,0.9297279792746114,0.20463551580905914
0.6136962873227393,0.9296200345423143,0.20516283810138702
0.6137837645214168,0.9296200345423143,0.20581777393817902
0.6137562366357805,0.9295120898100173,0.20596769452095032
0.6137287048257182,0.9294041450777202,0.20598429441452026
0.6137011690903906,0.9292962003454232,0.20669779181480408
0.6137449205104442,0.9292962003454232,0.20689044892787933
0.6137173820048482,0.9291882556131261,0.20697666704654694
0.6137611408199644,0.9291882556131261,0.2075781375169754
0.6137222737322587,0.9288644214162349,0.2078229784965515
0.6137660485021398,0.9288644214162349,0.2078641951084137
0.613809829517084,0.9288644214162349,0.2080898880958557
0.6138536167784278,0.9288644214162349,0.2081640064716339
0.6138260683455804,0.9287564766839378,0.2081967443227768
0.6137985159817352,0.9286485319516408,0.20845268666744232
0.6138423118087764,0.9286485319516408,0.20925985276699066
0.6138861138861139,0.9286485319516408,0.209402397274971
0.613929922215086,0.9286485319516408,0.20983853936195374
0.6140175576332881,0.9286485319516408,0.2099122405052185
0.6140613847251963,0.9286485319516408,0.20992699265480042
0.614149057681325,0.9286485319516408,0.21010994911193848
0.6141929035482259,0.9286485319516408,0.21038386225700378
0.6142367556761388,0.9286485319516408,0.2104046493768692
0.6142255231021924,0.9284326424870466,0.2108583003282547
0.6142693900871304,0.9284326424870466,0.21131356060504913
0.6144010286449032,0.9284326424870466,0.21151436865329742
0.6144449207029575,0.9284326424870466,0.2115209549665451
0.6143898256644755,0.9282167530224525,0.21171358227729797
0.6144337263308325,0.9282167530224525,0.21230915188789368
0.614477633271402,0.9282167530224525,0.21288008987903595
0.6144225271583762,0.9280008635578584,0.2129056751728058
0.6144664427131727,0.9280008635578584,0.21296808123588562
0.6145103645461044,0.9280008635578584,0.21304863691329956
0.6145542926585174,0.9280008635578584,0.2130807638168335
0.6145982270517587,0.9280008635578584,0.21320536732673645
0.6146146146146146,0.9278929188255614,0.21323171257972717
0.6146585627457991,0.9278929188255614,0.21372850239276886
0.6147025171624714,0.9278929188255614,0.2137458473443985
0.6146749624544089,0.9277849740932642,0.21440577507019043
0.6147189243312831,0.9277849740932642,0.21558572351932526
0.6148508477001217,0.9277849740932642,0.21574723720550537
0.6148948347403062,0.9277849740932642,0.2157624214887619
0.6148672819632253,0.9276770293609672,0.2159300148487091
0.6149112764739554,0.9276770293609672,0.21690411865711212
0.6149552772808586,0.9276770293609672,0.2170562595129013
0.614999284385287,0.9276770293609672,0.21741309762001038
0.6150432977885922,0.9276770293609672,0.2174631506204605
0.6150157457772688,0.9275690846286702,0.21816490590572357
0.615059766659509,0.9275690846286702,0.2187672257423401
0.6150322118826056,0.927461139896373,0.21921111643314362
0.6150762402462596,0.927461139896373,0.21928903460502625
0.6151202749140894,0.927461139896373,0.21937519311904907
0.615164315887449,0.927461139896373,0.21952727437019348
0.615208363167693,0.927461139896373,0.22088660299777985
0.6152524167561761,0.927461139896373,0.22094520926475525
0.6152964766542538,0.927461139896373,0.2212124913930893
0.6153405428632815,0.927461139896373,0.2214716225862503
0.6152854380058735,0.927245250431779,0.22160619497299194
0.6153295128939829,0.927245250431779,0.22163251042366028
0.6153735940969983,0.927245250431779,0.22174838185310364
0.6154176816162774,0.927245250431779,0.2220267653465271
0.6154617754531776,0.927245250431779,0.2226639986038208
0.615505875609057,0.927245250431779,0.2227722406387329
0.6155499820852741,0.927245250431779,0.22300007939338684
0.6155940948831876,0.927245250431779,0.22341474890708923
0.6156382140041569,0.927245250431779,0.223540797829628
0.6156823394495413,0.927245250431779,0.2240549921989441
0.6158589045024376,0.927245250431779,0.22410708665847778
0.6159030615903062,0.927245250431779,0.2245190441608429
0.6159472250107558,0.927245250431779,0.22527629137039185
0.6159913947651487,0.927245250431779,0.22537337243556976
0.616035570854848,0.927245250431779,0.225417822599411
0.6160797532812163,0.927245250431779,0.22577492892742157
0.6161239420456176,0.927245250431779,0.22625873982906342
0.6160964062836238,0.9271373056994818,0.22659845650196075
0.6161406025824964,0.9271373056994818,0.22674188017845154
0.6161848052227563,0.9271373056994818,0.2273344099521637
0.6162290142057684,0.9271373056994818,0.22761912643909454
0.6162732295328981,0.9271373056994818,0.22790022194385529
0.616317451205511,0.9271373056994818,0.2287289798259735
0.6163616792249731,0.9271373056994818,0.22878527641296387
0.6163341466915458,0.9270293609671848,0.2288631796836853
0.6163783822579487,0.9270293609671848,0.22888290882110596
0.6164226241745622,0.9270293609671848,0.22941537201404572
0.6164668724427536,0.9270293609671848,0.22945553064346313
0.6165111270638909,0.9270293609671848,0.22956927120685577
0.6165553880393424,0.9270293609671848,0.23072007298469543
0.6165996553704768,0.9270293609671848,0.23090635240077972
0.616643929058663,0.9270293609671848,0.23142847418785095
0.6167324955116696,0.9270293609671848,0.23146231472492218
0.616704969836254,0.9269214162348878,0.23207741975784302
0.6167492638080874,0.9269214162348878,0.23219430446624756
0.6167935641430828,0.9269214162348878,0.23261818289756775
0.6168378708426119,0.9269214162348878,0.23288187384605408
0.616882183908046,0.9269214162348878,0.2328953742980957
0.6169265033407573,0.9269214162348878,0.23337717354297638
0.6168989797384682,0.9268134715025906,0.23366288840770721
0.6169433067471438,0.9268134715025906,0.2338203489780426
0.6169876401264731,0.9268134715025906,0.23393405973911285
0.6170319798778297,0.9268134715025906,0.23451396822929382
0.6170763260025873,0.9268134715025906,0.234658345580101
0.6170488032775102,0.9267055267702936,0.23516330122947693
0.6170212765957447,0.9265975820379966,0.23549076914787292
0.6170656315146287,0.9265975820379966,0.23579640686511993
0.617038102084831,0.9264896373056994,0.23607099056243896
0.6170824645912718,0.9264896373056994,0.2361609786748886
0.6171268334771355,0.9264896373056994,0.23664972186088562
0.6170993025095276,0.9263816925734024,0.23747417330741882
0.6171436789874875,0.9263816925734024,0.23783694207668304
0.6171161452714851,0.9262737478411054,0.23801231384277344
0.6171605293440736,0.9262737478411054,0.2381613850593567
0.6172049198014817,0.9262737478411054,0.23827022314071655
0.6172493166450871,0.9262737478411054,0.2392231673002243
0.6172217826055679,0.9261658031088082,0.23942792415618896
0.6172661870503597,0.9261658031088082,0.2394751012325287
0.61731059788474,0.9261658031088082,0.23961856961250305
0.6174438687392055,0.9261658031088082,0.23982347548007965
0.6174883051457358,0.9261658031088082,0.2398497760295868
0.6175327479487549,0.9261658031088082,0.2398775964975357
0.6175771971496437,0.9261658031088082,0.24032771587371826
0.6176216527497841,0.9261658031088082,0.2404053956270218
0.6176661147505579,0.9261658031088082,0.24094876646995544
0.6177105831533477,0.9261658031088082,0.24140317738056183
0.6177550579595363,0.9261658031088082,0.24168400466442108
0.6179330212459488,0.9261658031088082,0.24170896410942078
0.6179775280898876,0.9261658031088082,0.24173866212368011
0.6180220413455305,0.9261658031088082,0.2418668568134308
0.618066561014263,0.9261658031088082,0.24210843443870544
0.6181110870974713,0.9261658031088082,0.2421155720949173
0.6180835734870317,0.9260578583765112,0.2422482967376709
0.6181726473555267,0.9260578583765112,0.24233880639076233
0.6182171939179938,0.9260578583765112,0.24239128828048706
0.6182617469011242,0.9260578583765112,0.24257050454616547
0.6183063063063063,0.9260578583765112,0.24264509975910187
0.6183954443883803,0.9260578583765112,0.24289533495903015
0.6184400230680508,0.9260578583765112,0.24306322634220123
0.6184846081753298,0.9260578583765112,0.24378661811351776
0.6185737976782753,0.9260578583765112,0.2440127283334732
0.6186184020767234,0.9260578583765112,0.24463686347007751
0.6186630129083436,0.9260578583765112,0.24468892812728882
0.6187076301745276,0.9260578583765112,0.2448568344116211
0.6187522538766679,0.9260578583765112,0.24535173177719116
0.6187247547605309,0.9259499136442142,0.24543416500091553
0.618769386135757,0.9259499136442142,0.24620598554611206
0.6188140239503679,0.9259499136442142,0.24662761390209198
0.6188586682057572,0.9259499136442142,0.24674765765666962
0.618903318903319,0.9259499136442142,0.2468510866165161
0.6189479760444476,0.9259499136442142,0.24690280854701996
0.6189926396305383,0.9259499136442142,0.24741396307945251
0.6189651439705564,0.9258419689119171,0.24776200950145721
0.6190098152424942,0.9258419689119171,0.24799348413944244
0.6190544929628293,0.9258419689119171,0.2481716275215149
0.6191885648281836,0.9258419689119171,0.2482835054397583
0.6195463738803814,0.9258419689119171,0.2483711987733841
0.6195911290905151,0.9258419689119171,0.24860258400440216
0.6196358907672301,0.9258419689119171,0.2488323450088501
0.61960840979698,0.92573402417962,0.24916031956672668
0.6196979550545559,0.92573402417962,0.24966995418071747
0.6198048427900253,0.925626079447323,0.24978230893611908
0.6198944552880792,0.925626079447323,0.24997639656066895
0.6199392712550608,0.925626079447323,0.2501083314418793
0.6199840937025523,0.925626079447323,0.2501978576183319
0.6200289226319595,0.925626079447323,0.2503588795661926
0.6200636481990452,0.9254101899827288,0.2505830228328705
0.6201084990958409,0.9254101899827288,0.250641405582428
0.6201533564814815,0.9254101899827288,0.2507152557373047
0.6201982203573754,0.9254101899827288,0.2507261335849762
0.6202430907249312,0.9254101899827288,0.25079113245010376
0.6202879675855582,0.9254101899827288,0.25088000297546387
0.6203328509406657,0.9254101899827288,0.2509070038795471
0.6203777407916636,0.9254101899827288,0.2510329782962799
0.6204675399869726,0.9254101899827288,0.25103560090065
0.6205124493341054,0.9254101899827288,0.25111550092697144
0.6205573651827724,0.9254101899827288,0.2511548697948456
0.6206022875343854,0.9254101899827288,0.2513876259326935
0.6206921517520996,0.9254101899827288,0.2514936327934265
0.6207370936210267,0.9254101899827288,0.25181901454925537
0.6207820419985518,0.9254101899827288,0.2520729601383209
0.6208269968860888,0.9254101899827288,0.2521558701992035
0.6207995365005794,0.9253022452504318,0.2525741159915924
0.6208444991670892,0.9253022452504318,0.2528211772441864
0.6208894683470955,0.9253022452504318,0.2529779374599457
0.6209344440420138,0.9253022452504318,0.2531891167163849
0.62097942625326,0.9253022452504318,0.253388375043869
0.6210244149822503,0.9253022452504318,0.25346025824546814
0.620996956962759,0.9251943005181347,0.25353357195854187
0.6210419534816317,0.9251943005181347,0.25368425250053406
0.6210869565217392,0.9251943005181347,0.25393497943878174
0.6211319660844988,0.9251943005181347,0.25464585423469543
0.6212220047836486,0.9251943005181347,0.25516432523727417
0.6212670339228762,0.9251943005181347,0.2553494870662689
0.6213120695904313,0.9251943005181347,0.25539854168891907
0.6214021605162039,0.9251943005181347,0.25559812784194946
0.6214472157772621,0.9251943005181347,0.25562652945518494
0.6214922775723298,0.9251943005181347,0.25644052028656006
0.6215373459028282,0.9251943005181347,0.2564862370491028
0.6215098991950105,0.9250863557858376,0.2576606869697571
0.6215549753408761,0.9250863557858376,0.2577846050262451
0.6213627458094478,0.9243307426597582,0.25838541984558105
0.6213352685050798,0.9242227979274611,0.2586413323879242
0.6213803614195514,0.9242227979274611,0.25877872109413147
0.6213528814051387,0.9241148531951641,0.25882235169410706
0.6214882032667877,0.9241148531951641,0.2588236331939697
0.6215333236532598,0.9241148531951641,0.25894325971603394
0.6215784505917374,0.9241148531951641,0.25898703932762146
0.6216235840836479,0.9241148531951641,0.2590698003768921
0.6215686274509804,0.9238989637305699,0.2591503858566284
0.6215411431476505,0.9237910189982729,0.259191632270813
0.6215862870424173,0.9237910189982729,0.25919169187545776
0.621558800029055,0.9236830742659758,0.2593556046485901
0.6216039517652187,0.9236830742659758,0.2596777677536011
0.6216491100617508,0.9236830742659758,0.2604175806045532
0.6215941291869506,0.9234671848013817,0.26059019565582275
0.6216392966138643,0.9234671848013817,0.260774165391922
0.6216844706053339,0.9234671848013817,0.2608656883239746
0.6217296511627907,0.9234671848013817,0.2611333429813385
0.6217748382876662,0.9234671848013817,0.2611502707004547
0.6218200319813927,0.9234671848013817,0.26115673780441284
0.6218652322454024,0.9234671848013817,0.2612287998199463
0.6219104390811282,0.9234671848013817,0.2615295350551605
0.6220008724734623,0.9234671848013817,0.26181262731552124
0.6220460990329383,0.9234671848013817,0.2618621289730072
0.6220186154741129,0.9233592400690847,0.26210537552833557
0.6220638499018253,0.9233592400690847,0.2624545693397522
0.622109090909091,0.9233592400690847,0.2624664902687073
0.6221268548152459,0.9232512953367875,0.2629118859767914
0.6221721102786062,0.9232512953367875,0.2629320025444031
0.622217372326495,0.9232512953367875,0.26298168301582336
0.6222626409603492,0.9232512953367875,0.2630895674228668
0.6222351571594877,0.9231433506044905,0.2632908523082733
0.6222804336753256,0.9231433506044905,0.2634996771812439
0.6223257167806724,0.9231433506044905,0.26362326741218567
0.6223710064769667,0.9231433506044905,0.26385238766670227
0.6224163027656477,0.9231433506044905,0.26411399245262146
0.6224616056481549,0.9231433506044905,0.2647641599178314
0.622506915125928,0.9231433506044905,0.26482927799224854
0.6225522312004077,0.9231433506044905,0.2648674547672272
0.6225975538730344,0.9231433506044905,0.26591920852661133
0.6226428831452494,0.9231433506044905,0.2659439444541931
0.6226154070190767,0.9230354058721935,0.2662715017795563
0.6226607441928202,0.9230354058721935,0.2664095461368561
0.6227060879697058,0.9230354058721935,0.26725855469703674
0.6227514383511762,0.9230354058721935,0.26737573742866516
0.6227967953386744,0.9230354058721935,0.26764780282974243
0.6227418414918415,0.9228195164075993,0.26836299896240234
0.6228325805041527,0.9228195164075993,0.26947107911109924
0.6228779599271402,0.9228195164075993,0.2697550356388092
0.622923345963276,0.9228195164075993,0.2698054611682892
0.6230595437650317,0.9228195164075993,0.2699236273765564
0.6234684947491248,0.9228195164075993,0.2704757750034332
0.6234865061998541,0.9227115716753023,0.27062365412712097
0.6235319862863812,0.9227115716753023,0.2706637680530548
0.6235774730084622,0.9227115716753023,0.2707781195640564
0.6236229663675494,0.9227115716753023,0.2712157368659973
0.6235955056179775,0.9226036269430051,0.2713688313961029
0.6236590527621688,0.9224956822107081,0.2713872492313385
0.6241326418815281,0.9223877374784111,0.27142637968063354
0.6241782322863404,0.9223877374784111,0.27150583267211914
0.6246345029239766,0.9223877374784111,0.2723461091518402
0.6246801666788508,0.9223877374784111,0.2723497748374939
0.6247258371106887,0.9223877374784111,0.2726632356643677
0.6248171980111143,0.9223877374784111,0.2727697491645813
0.6248628884826325,0.9223877374784111,0.2728411555290222
0.6249085856369753,0.9223877374784111,0.272947758436203
0.6249542894756088,0.9223877374784111,0.2733244001865387
0.625,0.9223877374784111,0.2735668122768402
0.6250457172116158,0.9223877374784111,0.27365508675575256
0.6251371717023922,0.9223877374784111,0.2738429605960846
0.6251829089844894,0.9223877374784111,0.2740413248538971
0.6252286529596839,0.9223877374784111,0.27404555678367615
0.6252744036294453,0.9223877374784111,0.27408871054649353
0.625365925058548,0.9223877374784111,0.2741909325122833
0.62541169582083,0.9223877374784111,0.2752137780189514
0.6254574732835603,0.9223877374784111,0.27526795864105225
0.6255032574482102,0.9223877374784111,0.2755163908004761
0.6255490483162518,0.9223877374784111,0.27552691102027893
0.6255948458891574,0.9223877374784111,0.2758648693561554
0.6256406501683994,0.9223877374784111,0.27599069476127625
0.6256864611554515,0.9223877374784111,0.27603864669799805
0.6257322788517867,0.9223877374784111,0.2760755121707916
0.6257781032588795,0.9223877374784111,0.2762576639652252
0.6258239343782042,0.9223877374784111,0.2763022184371948
0.6258697722112356,0.9223877374784111,0.27636903524398804
0.6259156167594492,0.9223877374784111,0.27641868591308594
0.6259614680243205,0.9223877374784111,0.2766970694065094
0.6260531907099421,0.9223877374784111,0.27670058608055115
0.626099062133646,0.9223877374784111,0.2767738401889801
0.626144940279915,0.9223877374784111,0.27689129114151
0.6261175436025209,0.9222797927461139,0.27735188603401184
0.6260901429094906,0.9221718480138169,0.27742987871170044
0.6264114972869922,0.9221718480138169,0.2775034010410309
0.6265033734232913,0.9221718480138169,0.2776469886302948
0.6265493215988266,0.9221718480138169,0.2778208553791046
0.6265952765145959,0.9221718480138169,0.2778679430484772
0.6266412381720824,0.9221718480138169,0.2782193124294281
0.62668720657277,0.9221718480138169,0.27849653363227844
0.6266598195290147,0.9220639032815199,0.2785281538963318
0.6267057960381511,0.9220639032815199,0.27861547470092773
0.6267517792941522,0.9220639032815199,0.27869969606399536
0.6267243909597887,0.9219559585492227,0.2788391411304474
0.6267703823291993,0.9219559585492227,0.2791268527507782
0.6268163804491413,0.9219559585492227,0.2791636884212494
0.6267889908256881,0.9218480138169257,0.2793857753276825
0.6268349970640047,0.9218480138169257,0.2794438302516937
0.6269730563101094,0.9218480138169257,0.27956458926200867
0.6270190895741556,0.9218480138169257,0.27983251214027405
0.6270651295983553,0.9218480138169257,0.28014233708381653
0.6270377441621383,0.9217400690846287,0.28041428327560425
0.6270837923184255,0.9217400690846287,0.2810375690460205
0.6279052662547808,0.9215241796200345,0.28105515241622925
0.6279514527399779,0.9215241796200345,0.28157657384872437
0.6279976460203031,0.9215241796200345,0.28194648027420044
0.6280900529723367,0.9215241796200345,0.2820003032684326
0.6281824871228845,0.9215241796200345,0.2822989523410797
0.6282287144013541,0.9215241796200345,0.28237882256507874
0.6282749484839565,0.9215241796200345,0.2827179729938507
0.6282475896077132,0.9214162348877375,0.28279346227645874
0.6282938318857647,0.9214162348877375,0.28289976716041565
0.6283400809716599,0.9214162348877375,0.2829150855541229
0.6284788690914446,0.9214162348877375,0.282987505197525
0.6285251454237538,0.9214162348877375,0.2831151783466339
0.6285714285714286,0.9214162348877375,0.28332218527793884
0.6286177185359747,0.9214162348877375,0.28347912430763245
0.6286640153188983,0.9214162348877375,0.28348883986473083
0.6288956015619244,0.9214162348877375,0.28352147340774536
0.6289419392867669,0.9214162348877375,0.28357574343681335
0.6289882838405423,0.9214162348877375,0.2839326858520508
0.6290346352247606,0.9214162348877375,0.28474143147468567
0.6290809934409315,0.9214162348877375,0.2848317623138428
0.629127358490566,0.9214162348877375,0.2848742604255676
0.6293319569385046,0.9213082901554405,0.2852632403373718
0.6293046235528353,0.9212003454231433,0.2853154242038727
0.6293510324483775,0.9212003454231433,0.2854323089122772
0.6293974481893945,0.9212003454231433,0.2855880856513977
0.6294438707774008,0.9212003454231433,0.2859313189983368
0.629416537582061,0.9210924006908463,0.28623640537261963
0.6294629684272647,0.9210924006908463,0.28673508763313293
0.6295094061232017,0.9210924006908463,0.2868556082248688
0.6296023020733417,0.9210924006908463,0.28686901926994324
0.6296487603305785,0.9210924006908463,0.28687116503715515
0.6296214301527563,0.9209844559585493,0.28697478771209717
0.6295940959409594,0.9208765112262521,0.2869868278503418
0.629640563879253,0.9208765112262521,0.2872978746891022
0.6296870386772956,0.9208765112262521,0.2873588502407074
0.6297335203366059,0.9208765112262521,0.28740036487579346
0.6300590841949778,0.9208765112262521,0.28742358088493347
0.6301056207991728,0.9208765112262521,0.287478506565094
0.6301521642783277,0.9208765112262521,0.2879200279712677
0.6301987146339662,0.9208765112262521,0.2879253923892975
0.6302452718676123,0.9208765112262521,0.28799667954444885
0.6302918359807905,0.9208765112262521,0.2880566716194153
0.6302645189892123,0.9207685664939551,0.28823378682136536
0.6303110914061922,0.9207685664939551,0.2883177697658539
0.6303576707064735,0.9207685664939551,0.2890768051147461
0.6304042568915823,0.9207685664939551,0.28938421607017517
0.6304508499630451,0.9207685664939551,0.28957125544548035
0.6306372911429838,0.9207685664939551,0.2896946370601654
0.6310571872456906,0.9207685664939551,0.2898842692375183
0.6311038768866528,0.9207685664939551,0.290457546710968
0.6312439872715163,0.9207685664939551,0.2907527983188629
0.6312907045589106,0.9207685664939551,0.29111790657043457
0.6313374287617497,0.9207685664939551,0.2911830544471741
0.6313841598815693,0.9207685664939551,0.2913435101509094
0.6314308979199053,0.9207685664939551,0.29142066836357117
0.6314776428782943,0.9207685664939551,0.2915494740009308
0.6315243947582735,0.9207685664939551,0.29188966751098633
0.6315711535613802,0.9207685664939551,0.2919853627681732
0.6316179192891521,0.9207685664939551,0.29213809967041016
0.6316646919431279,0.9207685664939551,0.29217031598091125
0.6317582580358465,0.9207685664939551,0.29247432947158813
0.6317309828901563,0.9206606217616581,0.29250916838645935
0.6317777777777778,0.9206606217616581,0.29268643260002136
0.6319182040453434,0.9206606217616581,0.2927185893058777
0.6318909306461173,0.9205526770293609,0.2927756905555725
0.6320782686036169,0.9205526770293609,0.2928897440433502
0.6321251204506708,0.9205526770293609,0.29296165704727173
0.6321719792438844,0.9205526770293609,0.29312923550605774
0.6321643063690962,0.9203367875647669,0.29313230514526367
0.632137030995106,0.9202288428324698,0.2931717336177826
0.6321097515758249,0.9201208981001727,0.2933928668498993
0.6321566300800949,0.9201208981001727,0.29357942938804626
0.6321293480679374,0.9200129533678757,0.2938293218612671
0.6321762349799733,0.9200129533678757,0.29391083121299744
0.6322700296735905,0.9200129533678757,0.29393234848976135
0.6323169374582684,0.9200129533678757,0.2940690815448761
0.632363852203591,0.9200129533678757,0.29423344135284424
0.6325515808223244,0.9200129533678757,0.29440954327583313
0.6326651818856719,0.9199050086355786,0.2945202589035034
0.6328061186604292,0.9199050086355786,0.29480040073394775
0.6327788504381405,0.9197970639032815,0.29531827569007874
0.6328258447827702,0.9197970639032815,0.2955259382724762
0.6329198544158063,0.9197970639032815,0.2956584692001343
0.6330138919842508,0.9197970639032815,0.29603806138038635
0.6330609212481426,0.9197970639032815,0.2960954010486603
0.6331079575005573,0.9197970639032815,0.29634997248649597
0.6331550007430524,0.9197970639032815,0.2964429557323456
0.6332020509771866,0.9197970639032815,0.2965210974216461
0.633221850613155,0.9196891191709845,0.2965342700481415
0.6332689163074179,0.9196891191709845,0.29656893014907837
0.6332416561361778,0.9195811744386874,0.2966165244579315
0.6332614675488811,0.9194732297063903,0.29680925607681274
0.6332342007434945,0.9193652849740933,0.2969716787338257
0.6332540154669839,0.9192573402417962,0.2975102365016937
0.633301108053841,0.9192573402417962,0.2979469299316406
0.6334895484638845,0.9192573402417962,0.29807236790657043
0.6335094115021204,0.9191493955094991,0.29811891913414
0.6335565476190477,0.9191493955094991,0.2982584238052368
0.6340409683426443,0.918825561312608,0.2982620596885681
0.634088200238379,0.918825561312608,0.29846617579460144
0.6341354391715712,0.918825561312608,0.29858922958374023
0.6341081805990165,0.9187176165803109,0.2989480197429657
0.6341554280605022,0.9187176165803109,0.29894936084747314
0.6342026825633383,0.9187176165803109,0.29920318722724915
0.6342499441090991,0.9187176165803109,0.2992924153804779
0.634222685944254,0.9186096718480138,0.29962003231048584
0.6342699560259373,0.9186096718480138,0.2998901903629303
0.6343172331544424,0.9186096718480138,0.29994598031044006
0.6343645173313455,0.9186096718480138,0.30063289403915405
0.6344118085582228,0.9186096718480138,0.30079710483551025
0.634459106836651,0.9186096718480138,0.301184743642807
0.6344318520727706,0.9185017271157168,0.3014790117740631
0.634479158899411,0.9185017271157168,0.3018341660499573
0.6344519015659955,0.9183937823834197,0.3019789457321167
0.6344992169438437,0.9183937823834197,0.30223140120506287
0.6347086473177647,0.9182858376511226,0.3023964762687683
0.6347560065661841,0.9182858376511226,0.3024205267429352
0.6348033728826207,0.9182858376511226,0.30299919843673706
0.6348981267258751,0.9182858376511226,0.30307736992836
0.6348708762501866,0.9181778929188256,0.30312585830688477
0.6349182652832723,0.9181778929188256,0.3031729757785797
0.6349656613914602,0.9181778929188256,0.30326342582702637
0.6350130645763344,0.9181778929188256,0.3035540282726288
0.6350604748394804,0.9181778929188256,0.3036678433418274
0.6351078921824834,0.9181778929188256,0.3037046194076538
0.6351553166069295,0.9181778929188256,0.30392733216285706
0.6352027481144052,0.9181778929188256,0.3039352297782898
0.6352501867064974,0.9181778929188256,0.30427926778793335
0.6352229442079319,0.9180699481865285,0.3042992651462555
0.6352703913952794,0.9180699481865285,0.30432504415512085
0.6353178456711736,0.9180699481865285,0.30435580015182495
0.6353653070372031,0.9180699481865285,0.3044307827949524
0.635412775494957,0.9180699481865285,0.3044649660587311
0.6353855349671249,0.9179620034542314,0.30447980761528015
0.6354330120301875,0.9179620034542314,0.30448511242866516
0.6354804961889104,0.9179620034542314,0.3044929802417755
0.6355279874448846,0.9179620034542314,0.304531991481781
0.6356229912549518,0.9179620034542314,0.30499979853630066
0.6355957542233518,0.9178540587219344,0.30507466197013855
0.6356432682963296,0.9178540587219344,0.30577170848846436
0.6356907894736842,0.9178540587219344,0.3058858811855316
0.6360712148414124,0.9178540587219344,0.3062064051628113
0.6362615983238551,0.9178540587219344,0.3062794506549835
0.6363092120032927,0.9178540587219344,0.30656883120536804
0.6363568328094596,0.9178540587219344,0.3072251081466675
0.6364044607439563,0.9178540587219344,0.3075377345085144
0.6364520958083832,0.9178540587219344,0.3077985346317291
0.6364248821019537,0.9177461139896373,0.307815819978714
0.6364725258272197,0.9177461139896373,0.3085912764072418
0.6365201766863817,0.9177461139896373,0.3093966841697693
0.6365678346810423,0.9177461139896373,0.3095271587371826
0.6365406214900786,0.9176381692573402,0.3096761405467987
0.6365882881533623,0.9176381692573402,0.3103032112121582
0.6366359619561147,0.9176381692573402,0.3104228377342224
0.6366836428999401,0.9176381692573402,0.31045103073120117
0.636731330986443,0.9176381692573402,0.31048285961151123
0.6367790262172285,0.9176381692573402,0.31066083908081055
0.6368267285939022,0.9176381692573402,0.31073302030563354
0.6368744381180701,0.9176381692573402,0.31077584624290466
0.6369221547913388,0.9176381692573402,0.3114701807498932
0.6369698786153154,0.9176381692573402,0.31148776412010193
0.6370176095916074,0.9176381692573402,0.3116203248500824
0.6370653477218226,0.9176381692573402,0.3120727241039276
0.6371130930075695,0.9176381692573402,0.31219950318336487
0.6371336481523124,0.9175302245250432,0.3125804364681244
0.6371542094609791,0.9174222797927462,0.31262820959091187
0.6372019793072424,0.9174222797927462,0.31264421343803406
0.6372497563170129,0.9174222797927462,0.3127031922340393
0.6372975404919016,0.9174222797927462,0.3129004240036011
0.6373453318335208,0.9174222797927462,0.3130497336387634
0.6373931303434828,0.9174222797927462,0.31305742263793945
0.6374409360234006,0.9174222797927462,0.31306061148643494
0.6374887488748875,0.9174222797927462,0.3131154477596283
0.6375365688995575,0.9174222797927462,0.3132900297641754
0.6375843960990247,0.9174222797927462,0.3132988512516022
0.6376322304749044,0.9174222797927462,0.3136374056339264
0.6377757766771724,0.9174222797927462,0.31367892026901245
0.6378236397748593,0.9174222797927462,0.3139707148075104
0.6379672721813542,0.9174222797927462,0.3140949308872223
0.6380151640267248,0.9174222797927462,0.3142670691013336
0.638063063063063,0.9174222797927462,0.3144941031932831
0.6381109692919888,0.9174222797927462,0.31454557180404663
0.6382068033340843,0.9174222797927462,0.31461301445961
0.6382547311504957,0.9174222797927462,0.3148542046546936
0.6383026661659782,0.9174222797927462,0.31498053669929504
0.6383506083821541,0.9174222797927462,0.3153442442417145
0.6384465144230769,0.9174222797927462,0.31549251079559326
0.6384944782510705,0.9174222797927462,0.31557270884513855
0.6385424492862509,0.9174222797927462,0.3157503008842468
0.6385904275302426,0.9174222797927462,0.31610745191574097
0.6386384129846708,0.9174222797927462,0.31612616777420044
0.6388032774562129,0.917314335060449,0.3162557780742645
0.6389473684210526,0.917314335060449,0.31648120284080505
0.6389954131889616,0.917314335060449,0.316660076379776
0.6393800316003311,0.917314335060449,0.3167491853237152
0.6394281414597441,0.917314335060449,0.3170008361339569
0.639476258559711,0.917314335060449,0.3171623647212982
0.6395243829018663,0.917314335060449,0.3176906108856201
0.6396206533192834,0.917314335060449,0.3176988959312439
0.6396687993978171,0.917314335060449,0.317719966173172
0.6397169527250828,0.917314335060449,0.31773415207862854
0.6397651133027178,0.917314335060449,0.3177573084831238
0.6397379912663755,0.917206390328152,0.3178761303424835
0.6397861606806716,0.917206390328152,0.3180195391178131
0.6398343373493975,0.917206390328152,0.3180679678916931
0.6398825212741923,0.917206390328152,0.3182547390460968
0.6399307124566953,0.917206390328152,0.3183431625366211
0.6399789108985463,0.917206390328152,0.31847622990608215
0.640027116601386,0.917206390328152,0.3185981810092926
0.640075329566855,0.917206390328152,0.3189670741558075
0.6401235497965948,0.917206390328152,0.3189775347709656
0.6401717772922474,0.917206390328152,0.3192679286003113
0.6402200120554551,0.917206390328152,0.31950119137763977
0.6402682540878607,0.917206390328152,0.320075124502182
0.6403165033911078,0.917206390328152,0.32014238834381104
0.6404130238167018,0.917206390328152,0.3204104006290436
0.6404612949423382,0.917206390328152,0.32058489322662354
0.6405095733453943,0.917206390328152,0.3206560015678406
0.6404824726724463,0.917098445595855,0.3207443356513977
0.6405307599517491,0.917098445595855,0.3212073743343353
0.6405790545125537,0.917098445595855,0.3215397000312805
0.6406273563565074,0.917098445595855,0.3215981125831604
0.6406756654852576,0.917098445595855,0.3216831386089325
0.6406485671191554,0.9169905008635578,0.32183581590652466
0.6406968851346255,0.9169905008635578,0.3218664526939392
0.6406697842811887,0.9168825561312608,0.3223913311958313
0.6408147868728782,0.9168825561312608,0.3227756917476654
0.6408631356571601,0.9168825561312608,0.32286834716796875
0.6409114917377198,0.9168825561312608,0.3229604959487915
0.6409598551162089,0.9168825561312608,0.3230697512626648
0.6409811320754717,0.9167746113989638,0.32314783334732056
0.6410778985507246,0.9167746113989638,0.3231973350048065
0.6411960132890365,0.9166666666666666,0.3234198987483978
0.6411689194291323,0.9165587219343696,0.3235606253147125
0.6412173387705785,0.9165587219343696,0.3235829770565033
0.6412657654255721,0.9165587219343696,0.3238297402858734
0.6413141993957704,0.9165587219343696,0.3239149749279022
0.6414110892884122,0.9165587219343696,0.32392579317092896
0.6414595452141724,0.9165587219343696,0.3239305317401886
0.6414324569356301,0.9164507772020726,0.32398611307144165
0.6414809217982622,0.9164507772020726,0.3240175247192383
0.6415293939851897,0.9164507772020726,0.3248029947280884
0.641577873498073,0.9164507772020726,0.32483384013175964
0.6415236943541682,0.9162348877374784,0.3249055743217468
0.6415721844293273,0.9162348877374784,0.3250492811203003
0.6416206818353617,0.9162348877374784,0.325082391500473
0.6416691865739341,0.9162348877374784,0.32548287510871887
0.6417176986467075,0.9162348877374784,0.3255595564842224
0.6417662180553455,0.9162348877374784,0.3256824016571045
0.6418147448015122,0.9162348877374784,0.325801283121109
0.6417876588021778,0.9161269430051814,0.3259180188179016
0.6418361945095666,0.9161269430051814,0.32642385363578796
0.6418091060353955,0.9160189982728842,0.3264668881893158
0.6418576507072082,0.9160189982728842,0.32669422030448914
0.6419062027231468,0.9160189982728842,0.3267331123352051
0.6419547620848778,0.9160189982728842,0.3268028795719147
0.6420519028523871,0.9160189982728842,0.32684236764907837
0.6421004842615012,0.9160189982728842,0.32695168256759644
0.6421976691387922,0.9160189982728842,0.3270774483680725
0.642246272610308,0.9160189982728842,0.3271401822566986
0.6422948834392976,0.9160189982728842,0.3271561861038208
0.6423435016274317,0.9160189982728842,0.32722705602645874
0.6423921271763815,0.9160189982728842,0.3273445963859558
0.6424407600878189,0.9160189982728842,0.327564537525177
0.6424136886735312,0.9159110535405872,0.32762861251831055
0.642386613159688,0.9158031088082902,0.3277175724506378
0.6424352567014994,0.9158031088082902,0.3277531564235687
0.6424081787201817,0.915695164075993,0.3278210163116455
0.6425054911762478,0.915695164075993,0.3281390964984894
0.6425541584608393,0.915695164075993,0.3286396265029907
0.6427489013486892,0.915695164075993,0.32869306206703186
0.6427976055164052,0.915695164075993,0.3288209140300751
0.6428463170657776,0.915695164075993,0.3291095793247223
0.6428950359984843,0.915695164075993,0.3292878270149231
0.6429437623162043,0.915695164075993,0.32954004406929016
0.642992496020617,0.915695164075993,0.32992038130760193
0.6430412371134021,0.915695164075993,0.32994410395622253
0.6430899855962399,0.915695164075993,0.3303200304508209
0.6431387414708112,0.915695164075993,0.3308316171169281
0.6431875047387975,0.915695164075993,0.33094993233680725
0.6432362754018806,0.915695164075993,0.33098527789115906
0.6432850534617426,0.915695164075993,0.3311280310153961
0.6433338389200668,0.915695164075993,0.3312661647796631
0.6433067880166856,0.915587219343696,0.33147698640823364
0.6435455718297033,0.9153713298791019,0.3315196633338928
0.6435944140862173,0.9153713298791019,0.33154183626174927
0.6436432637571158,0.9153713298791019,0.3318856358528137
0.6436162137543646,0.9152633851468048,0.33200836181640625
0.6435891596447278,0.9151554404145078,0.3321542739868164
0.64356210142727,0.9150474956822107,0.3322769105434418
0.6437087098488875,0.9150474956822107,0.33236706256866455
0.6437575941676792,0.9150474956822107,0.33259251713752747
0.643806485911749,0.9150474956822107,0.33262190222740173
0.6438553850827891,0.9150474956822107,0.3327762484550476
0.6439042916824914,0.9150474956822107,0.3328690528869629
0.6441978873774603,0.9150474956822107,0.33346691727638245
0.6442468460252317,0.9150474956822107,0.33356788754463196
0.6442958121152238,0.9150474956822107,0.3337624967098236
0.6443447856491334,0.9150474956822107,0.3338741362094879
0.6444917509313465,0.9150474956822107,0.33403295278549194
0.6445407542579076,0.9150474956822107,0.33450233936309814
0.6445897650368794,0.9150474956822107,0.33467015624046326
0.6446387832699619,0.9150474956822107,0.3347773849964142
0.6446878089588561,0.9150474956822107,0.3348017632961273
0.6446607849102525,0.9149395509499136,0.33481597900390625
0.6448299475005707,0.9148316062176166,0.3349223732948303
0.6448790138487293,0.9148316062176166,0.3349485993385315
0.6448519899551024,0.9147236614853195,0.33504652976989746
0.6449010654490106,0.9147236614853195,0.3354301452636719
0.6449501484131213,0.9147236614853195,0.33578988909721375
0.6449992388491399,0.9147236614853195,0.33616966009140015
0.6450483367587729,0.9147236614853195,0.3363626301288605
0.6450213154689404,0.9146157167530224,0.33639997243881226
0.6450704225352113,0.9146157167530224,0.3365074396133423
0.6451195370793361,0.9146157167530224,0.3370792865753174
0.6452177886079805,0.9146157167530224,0.33735382556915283
0.645266925595918,0.9146157167530224,0.337363600730896
0.6452399086062452,0.9145077720207254,0.3373761773109436
0.6453873695436886,0.9145077720207254,0.3374241292476654
0.6454365381685205,0.9145077720207254,0.33744969964027405
0.6454095238095238,0.9143998272884283,0.3375307321548462
0.6455078869161015,0.9143998272884283,0.3375343680381775
0.6455570797134583,0.9143998272884283,0.3376745283603668
0.6456062800091457,0.9143998272884283,0.33794090151786804
0.645655487804878,0.9143998272884283,0.33859503269195557
0.6457047031023706,0.9143998272884283,0.339099645614624
0.6457539259033389,0.9143998272884283,0.3395322859287262
0.6458031562094991,0.9143998272884283,0.3395325839519501
0.6459684186436799,0.9140759930915371,0.3398667871952057
0.6460176991150443,0.9140759930915371,0.3403169512748718
0.6460669871061265,0.9140759930915371,0.3404304087162018
0.646116282618648,0.9140759930915371,0.3408353924751282
0.6463135399175698,0.9140759930915371,0.341020405292511
0.6463628730631249,0.9140759930915371,0.34113267064094543
0.6463088785403466,0.913860103626943,0.34114599227905273
0.6463582226294091,0.913860103626943,0.3412192165851593
0.6464075742536459,0.913860103626943,0.34126225113868713
0.6464569334147832,0.913860103626943,0.3414287567138672
0.6465063001145476,0.913860103626943,0.34143590927124023
0.6465556743546662,0.913860103626943,0.3415207266807556
0.646605056136867,0.913860103626943,0.34167635440826416
0.6466544454628781,0.913860103626943,0.341999888420105
0.6467038423344282,0.913860103626943,0.3421061933040619
0.6467532467532467,0.913860103626943,0.3421374559402466
0.6468250936043402,0.9137521588946459,0.34233537316322327
0.6467981048448724,0.9136442141623489,0.3425830006599426
0.6467711119602598,0.9135362694300518,0.3428451716899872
0.6468924394159468,0.9134283246977547,0.3431219160556793
0.6469418960244648,0.9134283246977547,0.34315916895866394
0.6469913601957337,0.9134283246977547,0.3432481288909912
0.646964367640312,0.9133203799654577,0.3434872329235077
0.6469373709566414,0.9132124352331606,0.34358882904052734
0.6469868461303151,0.9132124352331606,0.34375259280204773
0.6470363288718929,0.9132124352331606,0.34412261843681335
0.6470858191831115,0.9132124352331606,0.3441509008407593
0.6470588235294118,0.9131044905008635,0.3446074426174164
0.6471083231334149,0.9131044905008635,0.3448992967605591
0.6472073450650344,0.9131044905008635,0.3448996841907501
0.6472568673961282,0.9131044905008635,0.34494516253471375
0.6473063973063973,0.9131044905008635,0.3449942469596863
0.6473559347975817,0.9131044905008635,0.3454011082649231
0.647405479871422,0.9131044905008635,0.34589120745658875
0.6474550325296594,0.9131044905008635,0.34624534845352173
0.6475045927740355,0.9131044905008635,0.34627223014831543
0.6475541606062926,0.9131044905008635,0.3464151620864868
0.6475271780738019,0.9129965457685665,0.34641656279563904
0.6475001914095398,0.9128886010362695,0.34655553102493286
0.6475993567654491,0.9128886010362695,0.34697988629341125
0.6476489508347373,0.9128886010362695,0.3469846844673157
0.6477977786288778,0.9128886010362695,0.347504585981369
0.648244672696612,0.9128886010362695,0.3475129008293152
0.64829436565734,0.9128886010362695,0.34756818413734436
0.6482674026372278,0.9127806563039723,0.34757256507873535
0.6482404354826343,0.9126727115716753,0.34774649143218994
0.6482901395491489,0.9126727115716753,0.3478175103664398
0.6482631700023004,0.9125647668393783,0.34798553586006165
0.6483128834355828,0.9125647668393783,0.3480624854564667
0.6483626044942097,0.9125647668393783,0.348276287317276
0.6484123331799355,0.9125647668393783,0.3491568863391876
0.6484620694945156,0.9125647668393783,0.3492157459259033
0.6485118134397054,0.9125647668393783,0.3497312664985657
0.6485615650172613,0.9125647668393783,0.3498860001564026
0.6486113242289397,0.9125647668393783,0.3498879075050354
0.6486610910764982,0.9125647668393783,0.3499325215816498
0.6487108655616943,0.9125647668393783,0.3500621020793915
0.6487606476862865,0.9125647668393783,0.35011908411979675
0.6488104374520338,0.9125647668393783,0.35022273659706116
0.6489100399140313,0.9125647668393783,0.3502911925315857
0.6489598526138021,0.9125647668393783,0.35036399960517883
0.6489329034239214,0.9124568221070811,0.35057517886161804
0.6492050080651356,0.9123488773747841,0.3505839705467224
0.6492548778614227,0.9123488773747841,0.3505997359752655
0.6492279327033879,0.9122409326424871,0.3508611023426056
0.6492508643872454,0.9121329879101899,0.35114866495132446
0.6493506493506493,0.9121329879101899,0.35133111476898193
0.6494504649911613,0.9121329879101899,0.35146236419677734
0.649423520368947,0.9120250431778929,0.35148003697395325
0.6494734414636021,0.9120250431778929,0.3514958322048187
0.6495233702337023,0.9120250431778929,0.3515692353248596
0.6496232508073198,0.9120250431778929,0.3516605496406555
0.6496732026143791,0.9120250431778929,0.35174331068992615
0.649723162103968,0.9120250431778929,0.35179248452186584
0.6497731292778589,0.9120250431778929,0.35192224383354187
0.649823104137825,0.9120250431778929,0.3523247539997101
0.6498730866856396,0.9120250431778929,0.3526989221572876
0.6499230769230769,0.9120250431778929,0.35299545526504517
0.6500730937908749,0.9120250431778929,0.3530300259590149
0.6500461680517082,0.9119170984455959,0.35329246520996094
0.6500961908426318,0.9119170984455959,0.35351434350013733
0.6500692627366477,0.9118091537132987,0.3536170721054077
0.6501192950050027,0.9118091537132987,0.3537144660949707
0.6500923645320197,0.9117012089810017,0.35374337434768677
0.6501424062812716,0.9117012089810017,0.35382944345474243
0.6501154734411085,0.9115932642487047,0.3539575934410095
0.6501655246747248,0.9115932642487047,0.35427922010421753
0.6502155836156452,0.9115932642487047,0.3543228507041931
0.6502656502656503,0.9115932642487047,0.35432717204093933
0.6503157246265209,0.9115932642487047,0.35435524582862854
0.6503658067000385,0.9115932642487047,0.3545498549938202
0.6504158964879853,0.9115932642487047,0.3547104001045227
0.6504659939921436,0.9115932642487047,0.3548926115036011
0.6506163328197226,0.9115932642487047,0.35492178797721863
0.6506664612065645,0.9115932642487047,0.35502538084983826
0.6506395438434274,0.9114853195164075,0.3551328480243683
0.6506896817446252,0.9114853195164075,0.355367511510849
0.6507129094412332,0.9113773747841105,0.3555276691913605
0.6507630645907199,0.9113773747841105,0.35571399331092834
0.6508132274724427,0.9113773747841105,0.3557540476322174
0.6508633980881899,0.9113773747841105,0.3559695780277252
0.6509135764397502,0.9113773747841105,0.3560866117477417
0.6509637625289129,0.9113773747841105,0.35624006390571594
0.6509368494101319,0.9112694300518135,0.3562585711479187
0.650909932140654,0.9111614853195165,0.3563382923603058
0.6510103347215795,0.9111614853195165,0.3565487563610077
0.6510605476282298,0.9111614853195165,0.35659024119377136
0.6510336315951867,0.9110535405872193,0.35675522685050964
0.6510838540461313,0.9110535405872193,0.3567929267883301
0.6512848213596728,0.9110535405872193,0.35698336362838745
0.6513350825744714,0.9110535405872193,0.3572697043418884
0.651385351547426,0.9110535405872193,0.3573538362979889
0.6514356282803334,0.9110535405872193,0.3574465215206146
0.6514859127749904,0.9110535405872193,0.357581228017807
0.6515362050331944,0.9110535405872193,0.35767653584480286
0.6515596046942557,0.9109455958549223,0.3578495383262634
0.6516602316602317,0.9109455958549223,0.35790929198265076
0.6517105567997529,0.9109455958549223,0.358336865901947
0.651760889712697,0.9109455958549223,0.358519583940506
0.6518112304008651,0.9109455958549223,0.3585277795791626
0.651784334929708,0.9108376511226253,0.35862842202186584
0.6518346852066434,0.9108376511226253,0.35868871212005615
0.651885043263288,0.9108376511226253,0.3588196635246277
0.6519354091014448,0.9108376511226253,0.3590337336063385
0.6519857827229176,0.9108376511226253,0.3592340052127838
0.6520361641295108,0.9108376511226253,0.35949310660362244
0.6520865533230293,0.9108376511226253,0.35954228043556213
0.6521369503052786,0.9108376511226253,0.3596305549144745
0.6521873550780646,0.9108376511226253,0.3596702516078949
0.652237767643194,0.9108376511226253,0.3597322702407837
0.652540406774418,0.9108376511226253,0.3599112331867218
0.6525908739365816,0.9108376511226253,0.3599666953086853
0.6528433268858801,0.9108376511226253,0.35999828577041626
0.652893840916125,0.9108376511226253,0.3602232336997986
0.6529443627640641,0.9108376511226253,0.36034852266311646
0.6530454299202848,0.9108376511226253,0.3604902923107147
0.6530959752321981,0.9108376511226253,0.360505610704422
0.653069122997136,0.9107297063903281,0.36080023646354675
0.6530422666047375,0.9106217616580311,0.36087849736213684
0.6529885413440694,0.9104058721934369,0.36091694235801697
0.6530391018195896,0.9104058721934369,0.36119550466537476
0.6530896701254453,0.9104058721934369,0.361211359500885
0.6531402462634555,0.9104058721934369,0.36128970980644226
0.6531133828996283,0.9102979274611399,0.3613511919975281
0.653163968708853,0.9102979274611399,0.36136484146118164
0.6533663903308282,0.9102979274611399,0.361705482006073
0.6534170153417015,0.9102979274611399,0.3617752194404602
0.6534676481983728,0.9102979274611399,0.3619670271873474
0.6535182889026658,0.9102979274611399,0.3622514009475708
0.6535689374564055,0.9102979274611399,0.36255544424057007
0.6536195938614169,0.9102979274611399,0.36305004358291626
0.6536702581195256,0.9102979274611399,0.3631460964679718
0.6537716102023413,0.9102979274611399,0.36361587047576904
0.6538222980307025,0.9102979274611399,0.36420395970344543
0.6537954563076684,0.9101899827288429,0.3643700182437897
0.6538461538461539,0.9101899827288429,0.36446118354797363
0.6539207321802528,0.9100820379965457,0.3645118772983551
0.6539714551659944,0.9100820379965457,0.36453765630722046
0.6540221860212552,0.9100820379965457,0.3647535741329193
0.6539953452288596,0.9099740932642487,0.3648409843444824
0.6540460858096051,0.9099740932642487,0.36489444971084595
0.654096834264432,0.9099740932642487,0.3652315139770508
0.6541475905951735,0.9099740932642487,0.3652697503566742
0.6541983548036628,0.9099740932642487,0.36528638005256653
0.6542491268917345,0.9099740932642487,0.3656217157840729
0.6542999068612232,0.9099740932642487,0.3657324016094208
0.6543238627542307,0.9098661485319517,0.3660995662212372
0.6543746603524571,0.9098661485319517,0.36615294218063354
0.6544254658385094,0.9098661485319517,0.36626768112182617
0.6544762792142247,0.9098661485319517,0.3663441240787506
0.654449448672154,0.9097582037996546,0.3665146827697754
0.6545511028269649,0.9097582037996546,0.3666069209575653
0.6546019417475728,0.9097582037996546,0.36664390563964844
0.6546527885661022,0.9097582037996546,0.36668023467063904
0.6546259613143789,0.9096502590673575,0.36672088503837585
0.6547785547785547,0.9096502590673575,0.36687591671943665
0.6548294350765406,0.9096502590673575,0.36708807945251465
0.6548803232825614,0.9096502590673575,0.367127001285553
0.6549312193984612,0.9096502590673575,0.36722999811172485
0.654904399191668,0.9095423143350605,0.36732086539268494
0.654955305091333,0.9095423143350605,0.3674122989177704
0.6550062189054726,0.9095423143350605,0.36743196845054626
0.6550571406359326,0.9095423143350605,0.3674459457397461
0.6550303218784015,0.9094343696027634,0.36757680773735046
0.6550812534017573,0.9094343696027634,0.36767739057540894
0.6551321928460342,0.9094343696027634,0.3676778972148895
0.6552850587228747,0.9094343696027634,0.3677261173725128
0.6553360298693217,0.9094343696027634,0.3679312765598297
0.6553870089459354,0.9094343696027634,0.36794960498809814
0.6554379959545666,0.9094343696027634,0.36844581365585327
0.6554889908970668,0.9094343696027634,0.3686392605304718
0.6555399937752879,0.9094343696027634,0.36895740032196045
0.6554327521793275,0.9090025906735751,0.36910533905029297
0.6554837705300849,0.9090025906735751,0.36916816234588623
0.655534796823914,0.9090025906735751,0.3692786693572998
0.6555079797586609,0.9088946459412781,0.36930951476097107
0.6555590158829026,0.9088946459412781,0.36991503834724426
0.6556611119763277,0.9088946459412781,0.36992573738098145
0.6557121719492252,0.9088946459412781,0.3699758052825928
0.6556853582554517,0.908786701208981,0.37007588148117065
0.6556585403847651,0.908678756476684,0.3702032268047333
0.6557096120891105,0.908678756476684,0.3703349530696869
0.655760691750409,0.908678756476684,0.3703705370426178
0.6558117793705204,0.908678756476684,0.37060651183128357
0.655862874951305,0.908678756476684,0.37067466974258423
0.6559650900023377,0.908678756476684,0.3706747889518738
0.6560162094763092,0.908678756476684,0.37097203731536865
0.6560673369184008,0.908678756476684,0.3710363507270813
0.6561184723304755,0.908678756476684,0.37103912234306335
0.6562207670720299,0.908678756476684,0.3711899518966675
0.6562719264052389,0.908678756476684,0.37121349573135376
0.6563230937158896,0.908678756476684,0.371290385723114
0.6563742690058479,0.908678756476684,0.37129122018814087
0.656476643531155,0.908678756476684,0.3715451955795288
0.6565278427702387,0.908678756476684,0.37176063656806946
0.656681488415633,0.908678756476684,0.3721104562282562
0.6567327196130441,0.908678756476684,0.3725231885910034
0.6567839588047125,0.908678756476684,0.3725273311138153
0.6568352059925093,0.908678756476684,0.3728713095188141
0.6569889955513931,0.908678756476684,0.372925728559494
0.657040274742429,0.908678756476684,0.37302878499031067
0.6570915619389587,0.908678756476684,0.37310662865638733
0.6570647931303669,0.9085708117443869,0.37320247292518616
0.6570380201420876,0.9084628670120898,0.37327107787132263
0.6570893191755153,0.9084628670120898,0.3732835352420807
0.6571406262200359,0.9084628670120898,0.37340855598449707
0.6571138528814618,0.9083549222797928,0.3734269142150879
0.6571651698555252,0.9083549222797928,0.37343379855155945
0.6572410560849867,0.9082469775474957,0.37349358201026917
0.6572923990313256,0.9082469775474957,0.3739055097103119
0.657265625,0.9081390328151986,0.37418779730796814
0.6572388467849051,0.9080310880829016,0.37420031428337097
0.6572902015939991,0.9080310880829016,0.37443307042121887
0.6573929352922788,0.9080310880829016,0.37447619438171387
0.6574443141852286,0.9080310880829016,0.3745843470096588
0.6574957011098953,0.9080310880829016,0.375234454870224
0.6574689283201751,0.9079231433506045,0.3752618432044983
0.657520325203252,0.9079231433506045,0.3754328787326813
0.6576231430805317,0.9079231433506045,0.3754868805408478
0.657674564078505,0.9079231433506045,0.3755734860897064
0.6577259931185486,0.9079231433506045,0.37589117884635925
0.6577774302025494,0.9079231433506045,0.37632378935813904
0.6578288753323948,0.9079231433506045,0.37636369466781616
0.6578803285099726,0.9079231433506045,0.3764187693595886
0.6579317897371715,0.9079231433506045,0.3767627775669098
0.6579832590158805,0.9079231433506045,0.37686291337013245
0.6580347363479894,0.9079231433506045,0.37687307596206665
0.6581377151799687,0.9079231433506045,0.37690845131874084
0.6581892166836215,0.9079231433506045,0.3771716356277466
0.6582407262482391,0.9079231433506045,0.37729787826538086
0.6582922438757142,0.9079231433506045,0.37730708718299866
0.6586015190666353,0.9079231433506045,0.3774232268333435
0.658574784651527,0.9078151986183074,0.3774997591972351
0.658548046049025,0.9077072538860104,0.37763556838035583
0.6585996240601504,0.9077072538860104,0.3779491186141968
0.6585728832145374,0.9075993091537133,0.37807735800743103
0.6586244712517625,0.9075993091537133,0.37820500135421753
0.6586760673717196,0.9075993091537133,0.3782794177532196
0.6587276715763084,0.9075993091537133,0.378363698720932
0.6587792838674292,0.9075993091537133,0.3784179985523224
0.6588309042469832,0.9075993091537133,0.3786872625350952
0.6588041689522764,0.9074913644214162,0.37881016731262207
0.6587774294670846,0.9073834196891192,0.3789256811141968
0.658829061838702,0.9073834196891192,0.3791135549545288
0.6588023201128703,0.9072754749568221,0.37916216254234314
0.6588539625303754,0.9072754749568221,0.3791705369949341
0.65893053159793,0.907167530224525,0.37935352325439453
0.6589822002666039,0.907167530224525,0.3794580399990082
0.6590338770388958,0.907167530224525,0.37959423661231995
0.6590071366951612,0.907059585492228,0.37964653968811035
0.6589803921568628,0.906951640759931,0.3796718120574951
0.6590320809475253,0.906951640759931,0.38009223341941833
0.6590837778475055,0.906951640759931,0.38028186559677124
0.6591354828587118,0.906951640759931,0.3804091811180115
0.6591871959830535,0.906951640759931,0.38052898645401
0.6591604550804236,0.9068436960276338,0.3808944821357727
0.6592121782799749,0.9068436960276338,0.3809071183204651
0.6592639095974261,0.9068436960276338,0.38093215227127075
0.6593156490346884,0.9068436960276338,0.3809773623943329
0.6593673965936739,0.9068436960276338,0.38103586435317993
0.6594191522762951,0.9068436960276338,0.3810560703277588
0.6595226880200974,0.9068436960276338,0.3812965154647827
0.6595744680851063,0.9068436960276338,0.381320595741272
0.659626256281407,0.9068436960276338,0.381577730178833
0.6596780526109148,0.9068436960276338,0.3816240727901459
0.6596245975025524,0.9066278065630398,0.38173115253448486
0.6596764059063777,0.9066278065630398,0.38174593448638916
0.6597282224491399,0.9066278065630398,0.38183489441871643
0.6598553913863565,0.9063039723661486,0.38191333413124084
0.6599072545783228,0.9063039723661486,0.38232916593551636
0.659959125923597,0.9063039723661486,0.3824743628501892
0.6600110054241018,0.9063039723661486,0.38253253698349
0.660062893081761,0.9063039723661486,0.3828718066215515
0.6601147888984983,0.9063039723661486,0.3828722834587097
0.6601666928762384,0.9063039723661486,0.3831529915332794
0.6602186050169065,0.9063039723661486,0.3832947015762329
0.6602705253224285,0.9063039723661486,0.38330918550491333
0.6603224537947306,0.9063039723661486,0.383407860994339
0.6604263352473846,0.9063039723661486,0.3834081292152405
0.6604782882315922,0.9063039723661486,0.3834433853626251
0.6605302493902919,0.9063039723661486,0.3835833966732025
0.660582218725413,0.9063039723661486,0.38359567523002625
0.6606341962388859,0.9063039723661486,0.384065181016922
0.6606861819326408,0.9063039723661486,0.3841194212436676
0.6607381758086094,0.9063039723661486,0.3842451572418213
0.6607634789452971,0.9061960276338514,0.3844044506549835
0.6608675116114304,0.9061960276338514,0.38446325063705444
0.6609195402298851,0.9061960276338514,0.3848544657230377
0.6609715770411778,0.9061960276338514,0.3849964439868927
0.6610236220472441,0.9061960276338514,0.38504889607429504
0.6610756752500196,0.9061960276338514,0.3851425349712372
0.6611798062534457,0.9061960276338514,0.38517484068870544
0.6612318840579711,0.9061960276338514,0.38519087433815
0.6612839700669555,0.9061960276338514,0.3852153420448303
0.6613360642823382,0.9061960276338514,0.3852197229862213
0.6614402773400567,0.9061960276338514,0.3852629065513611
0.6614136001891104,0.9060880829015544,0.38540372252464294
0.6614657210401891,0.9060880829015544,0.3855612277984619
0.6614390416896525,0.9059801381692574,0.3856283724308014
0.6618563204794574,0.9059801381692574,0.38588055968284607
0.6620384979488798,0.9058721934369602,0.3859961926937103
0.6620907297830375,0.9058721934369602,0.38608503341674805
0.6620640681710589,0.9057642487046632,0.3861953616142273
0.6621163102659197,0.9057642487046632,0.3862495422363281
0.6621685606060606,0.9057642487046632,0.3862594664096832
0.6622730860299921,0.9057642487046632,0.38629117608070374
0.6623253611176888,0.9057642487046632,0.38629984855651855
0.6624299360543143,0.9057642487046632,0.386609822511673
0.6625078963992419,0.9056563039723662,0.38669365644454956
0.6625602147990207,0.9056563039723662,0.38671934604644775
0.6626125414626441,0.9056563039723662,0.38697806000709534
0.6626648763920702,0.9056563039723662,0.3872232735157013
0.6628219307947543,0.9056563039723662,0.38736259937286377
0.6628476611883691,0.905548359240069,0.38738778233528137
0.662900039510075,0.905548359240069,0.38740694522857666
0.6629524261103209,0.905548359240069,0.38812530040740967
0.6630048209910693,0.905548359240069,0.38813355565071106
0.6630572241542839,0.905548359240069,0.38832247257232666
0.6631096356019287,0.905548359240069,0.3884296119213104
0.6631620553359684,0.905548359240069,0.38856324553489685
0.6632144833583683,0.905548359240069,0.3886030912399292
0.6632669196710942,0.905548359240069,0.38874512910842896
0.6633193642761129,0.905548359240069,0.38879919052124023
0.6633718171753914,0.905548359240069,0.3888517916202545
0.6634242783708976,0.905548359240069,0.38889244198799133
0.6634767478645998,0.905548359240069,0.3892272114753723
0.6635292256584672,0.905548359240069,0.38939163088798523
0.6641596073153353,0.905548359240069,0.3895498216152191
0.6642121931908155,0.905548359240069,0.38957637548446655
0.6643173899271461,0.905548359240069,0.3898323178291321
0.6643700007919537,0.905548359240069,0.3898610770702362
0.6643434183431015,0.905440414507772,0.38996413350105286
0.6643960396039604,0.905440414507772,0.3902220129966736
0.6644486692015209,0.905440414507772,0.39028260111808777
0.6645013071377645,0.905440414507772,0.39049533009529114
0.6645539534146728,0.905440414507772,0.3907869756221771
0.6646592709984153,0.905440414507772,0.3910095691680908
0.6647119423092163,0.905440414507772,0.39101502299308777
0.6646853701061975,0.905332469775475,0.39152002334594727
0.664738051834826,0.905332469775475,0.3916303515434265
0.664711477488903,0.9052245250431779,0.3919852375984192
0.6647641696393183,0.9052245250431779,0.39205530285835266
0.6648168701442841,0.9052245250431779,0.3921099007129669
0.6649218811959712,0.9050086355785838,0.39215368032455444
0.6649746192893401,0.9050086355785838,0.3923949599266052
0.665027365749187,0.9050086355785838,0.39245110750198364
0.6650007932730446,0.9049006908462867,0.3929028809070587
0.6650535501785005,0.9049006908462867,0.39299091696739197
0.6650269755633132,0.9047927461139896,0.3931266963481903
0.6650797429183528,0.9047927461139896,0.393296480178833
0.6650531661641009,0.9046848013816926,0.3933151662349701
0.6651059439727006,0.9046848013816926,0.39335504174232483
0.665079365079365,0.9045768566493955,0.3933769166469574
0.6651321533455036,0.9045768566493955,0.3936746418476105
0.6651849499920622,0.9045768566493955,0.39369499683380127
0.6652377550210368,0.9045768566493955,0.39386582374572754
0.6652905684344236,0.9045768566493955,0.3938971161842346
0.6653962204224234,0.9045768566493955,0.39391329884529114
0.6654490590010324,0.9045768566493955,0.394003689289093
0.6654224904701398,0.9044689119170984,0.39424076676368713
0.6654753395282345,0.9044689119170984,0.39437055587768555
0.6655810628326316,0.9044689119170984,0.39448311924934387
0.6656339370829362,0.9044689119170984,0.3953886330127716
0.6656868197346468,0.9044689119170984,0.3960492014884949
0.6656602574288892,0.9043609671848014,0.3961840569972992
0.6657131505760826,0.9043609671848014,0.39621683955192566
0.6657660521296885,0.9043609671848014,0.39658039808273315
0.665739489787809,0.9042530224525043,0.39664459228515625
0.665792401843904,0.9042530224525043,0.3967561721801758
0.665845322311422,0.9042530224525043,0.39676275849342346
0.6658982511923688,0.9042530224525043,0.3968280553817749
0.6659511884887511,0.9042530224525043,0.396880179643631
0.666004134202576,0.9042530224525043,0.3969142436981201
0.6660570883358512,0.9042530224525043,0.3969465494155884
0.6661100508905853,0.9042530224525043,0.3971060514450073
0.6661630218687873,0.9042530224525043,0.3971402049064636
0.6661364720852553,0.9041450777202072,0.39756497740745544
0.666109918078422,0.9040371329879102,0.3978281617164612
0.666162901686287,0.9040371329879102,0.39807847142219543
0.6662158937236496,0.9040371329879102,0.3986451327800751
0.666321903094916,0.9040371329879102,0.3987632989883423
0.6663749204328453,0.9040371329879102,0.3989270031452179
0.6663218207862486,0.903821243523316,0.39898115396499634
0.6664278892072588,0.903821243523316,0.399227499961853
0.666480936082146,0.903821243523316,0.3993343114852905
0.6665339914026429,0.903821243523316,0.3993372619152069
0.6665870551707667,0.903821243523316,0.3996269702911377
0.6666401273885351,0.903821243523316,0.39967745542526245
0.6666932080579664,0.903821243523316,0.3999771773815155
0.6667462971810798,0.903821243523316,0.4005415439605713
0.666719757903958,0.903713298791019,0.40091049671173096
0.666825965750697,0.903713298791019,0.4009250998497009
0.6669322074404525,0.903713298791019,0.40098848938941956
0.6669056724028043,0.9036053540587219,0.4011090099811554
0.6669588080631026,0.9036053540587219,0.40146270394325256
0.6670119521912351,0.9036053540587219,0.40179717540740967
0.6670651047892262,0.9036053540587219,0.4020076394081116
0.6671182658591011,0.9036053540587219,0.402188777923584
0.6671714354028851,0.9036053540587219,0.4022332429885864
0.6672246134226049,0.9036053540587219,0.40225353837013245
0.667277799920287,0.9036053540587219,0.40228694677352905
0.6673309948979592,0.9036053540587219,0.40238139033317566
0.6673576782012438,0.9034974093264249,0.40240466594696045
0.6673311538154852,0.9033894645941278,0.4026866555213928
0.667384370015949,0.9033894645941278,0.40276509523391724
0.6674375947045219,0.9033894645941278,0.4028435945510864
0.667490827883235,0.9033894645941278,0.40308481454849243
0.6675440695541198,0.9033894645941278,0.40315473079681396
0.6676505783805345,0.9033894645941278,0.4033448398113251
0.6676240625498644,0.9032815198618307,0.40356868505477905
0.6675975424878321,0.9031735751295337,0.4036259353160858
0.6675710181934248,0.9030656303972366,0.404029905796051
0.667624291756444,0.9030656303972366,0.40422677993774414
0.6675977653631285,0.9029576856649395,0.40429815649986267
0.6675712347354138,0.9028497409326425,0.40459808707237244
0.6676245210727969,0.9028497409326425,0.40485522150993347
0.667677815917618,0.9028497409326425,0.40506511926651
0.6677844311377246,0.9028497409326425,0.40516361594200134
0.6678377515170872,0.9028497409326425,0.4052259027957916
0.6678910804120418,0.9028497409326425,0.4057002365589142
0.6679444178246287,0.9028497409326425,0.4058449864387512
0.6679977637568885,0.9028497409326425,0.40588051080703735
0.6680511182108626,0.9028497409326425,0.4060836434364319
0.6683714240051143,0.9028497409326425,0.4061140716075897
0.6683983375959079,0.9027417962003454,0.40619519352912903
0.6684517624490448,0.9027417962003454,0.406262069940567
0.6685051958433254,0.9027417962003454,0.40630096197128296
0.6685586377807978,0.9027417962003454,0.406369686126709
0.6686120882635114,0.9027417962003454,0.4064733386039734
0.6686655472935157,0.9027417962003454,0.4065357446670532
0.6686390532544378,0.9026338514680483,0.4068133234977722
0.6686125549780088,0.9025259067357513,0.40688973665237427
0.6686395265136367,0.9024179620034543,0.4068964719772339
0.668693009118541,0.9024179620034543,0.40695589780807495
0.66864,0.9022020725388601,0.4070731997489929
0.6686934954796384,0.9022020725388601,0.407086044549942
0.6687469995199232,0.9022020725388601,0.4072650372982025
0.668854033290653,0.9022020725388601,0.4073958098888397
0.66890756302521,0.9022020725388601,0.407914400100708
0.6689611013286377,0.9022020725388601,0.40828046202659607
0.6690146482029937,0.9022020725388601,0.4083200991153717
0.6690682036503363,0.9022020725388601,0.40832963585853577
0.6691217676727244,0.9022020725388601,0.4083571434020996
0.6691753402722178,0.9022020725388601,0.40857887268066406
0.6692289214508768,0.9022020725388601,0.4086005985736847
0.6692825112107623,0.9022020725388601,0.4086523950099945
0.6693361095539361,0.9022020725388601,0.40882188081741333
0.6693897164824604,0.9022020725388601,0.4088868498802185
0.6694433319983981,0.9022020725388601,0.4090423882007599
0.6694969561038129,0.9022020725388601,0.40923354029655457
0.669550588800769,0.9022020725388601,0.40957576036453247
0.6696042300913315,0.9022020725388601,0.40959587693214417
0.6695777581924526,0.9020941278065631,0.4096207916736603
0.6696314102564103,0.9020941278065631,0.40962427854537964
0.6696850709191442,0.9020941278065631,0.4098638594150543
0.6697387401827216,0.9020941278065631,0.4099208116531372
0.6697924180492105,0.9020941278065631,0.41002532839775085
0.6697659506252004,0.9019861830742659,0.4100361466407776
0.6697394789579159,0.9018782383419689,0.4100811779499054
0.6697931697931698,0.9018782383419689,0.4100935459136963
0.6697666960634971,0.9017702936096719,0.41015756130218506
0.6698741079303985,0.9017702936096719,0.4104361832141876
0.6699815542545513,0.9017702936096719,0.41061466932296753
0.6700352903432788,0.9017702936096719,0.41079050302505493
0.6700890350525387,0.9017702936096719,0.4109676778316498
0.6700625701909193,0.9016623488773747,0.41112449765205383
0.6701700898587933,0.9016623488773747,0.41182515025138855
0.6702238626333948,0.9016623488773747,0.41207727789878845
0.6702776440378752,0.9016623488773747,0.4122503697872162
0.6702511836931225,0.9015544041450777,0.4123084247112274
0.6702247191011236,0.9014464594127807,0.4123190641403198
0.6701982502608556,0.9013385146804835,0.41247841715812683
0.6702520468775084,0.9013385146804835,0.41273370385169983
0.6703058521313318,0.9013385146804835,0.41291770339012146
0.6702793834296724,0.9012305699481865,0.41292139887809753
0.6703331995182658,0.9012305699481865,0.4129669666290283
0.6702008032128514,0.9006908462867013,0.4130357801914215
0.6701743111896538,0.9005829015544041,0.41304811835289
0.6702281491002571,0.9005829015544041,0.41347014904022217
0.6702016550172732,0.9004749568221071,0.4135392904281616
0.6702555037763137,0.9004749568221071,0.41358646750450134
0.6703093611892327,0.9004749568221071,0.4137239158153534
0.6703632272581164,0.9004749568221071,0.413903146982193
0.6704171019850519,0.9004749568221071,0.4139154851436615
0.6704709853721267,0.9004749568221071,0.4140704274177551
0.6705248774214292,0.9004749568221071,0.4141748547554016
0.6704983922829582,0.9003670120898101,0.41428327560424805
0.6705522952005788,0.9003670120898101,0.4143589437007904
0.6706062067856569,0.9003670120898101,0.41450032591819763
0.670660127040283,0.9003670120898101,0.4145035147666931
0.6706336442586041,0.9002590673575129,0.4146423637866974
0.6706071572175312,0.9001511226252159,0.4152418076992035
0.670661090558147,0.9001511226252159,0.4153873920440674
0.6707150325745999,0.9001511226252159,0.4155694246292114
0.6707689832689833,0.9001511226252159,0.41564470529556274
0.6708229426433915,0.9001511226252159,0.41565847396850586
0.6708769106999195,0.9001511226252159,0.41572463512420654
0.670930887440663,0.9001511226252159,0.4157719910144806
0.6709044093981332,0.9000431778929189,0.4158935248851776
0.6709583970387061,0.9000431778929189,0.4160001575946808
0.671012393368743,0.9000431778929189,0.4160762131214142
0.6710663983903421,0.9000431778929189,0.416081041097641
0.6710399227301996,0.8999352331606217,0.41612446308135986
0.6710939386621589,0.8999352331606217,0.41640257835388184
0.6710674609563677,0.8998272884283247,0.4164174497127533
0.6711214878029145,0.8998272884283247,0.4165371060371399
0.6711755233494364,0.8998272884283247,0.41668975353240967
0.6711490458168935,0.8997193436960277,0.416969895362854
0.6712030922853922,0.8997193436960277,0.41704174876213074
0.6712041884816754,0.8995034542314335,0.4172899127006531
0.671258256806831,0.8995034542314335,0.41753584146499634
0.6713123338435512,0.8995034542314335,0.41758641600608826
0.6712858524009023,0.8993955094991365,0.41763293743133545
0.6713399403754734,0.8993955094991365,0.4177209138870239
0.6713940370668815,0.8993955094991365,0.4177868366241455
0.6714481424772343,0.8993955094991365,0.41800498962402344
0.6714216634429401,0.8992875647668394,0.41803351044654846
0.6714757798017248,0.8992875647668394,0.4180903434753418
0.6714492987264227,0.8991796200345423,0.41810116171836853
0.6715034260378879,0.8991796200345423,0.4182184934616089
0.6715575620767494,0.8991796200345423,0.4182785153388977
0.6716117068451181,0.8991796200345423,0.41852203011512756
0.6716658603451057,0.8991796200345423,0.41854092478752136
0.6717200225788242,0.8991796200345423,0.41892769932746887
0.6717741935483871,0.8991796200345423,0.4190228581428528
0.6718283732559077,0.8991796200345423,0.41907113790512085
0.6718825617035006,0.8991796200345423,0.4192524552345276
0.6718560942163426,0.8990716753022453,0.41940775513648987
0.6718296224588577,0.8989637305699482,0.4194926917552948
0.6718838241226301,0.8989637305699482,0.4198066294193268
0.6719380345328385,0.8989637305699482,0.42006853222846985
0.6719922536916001,0.8989637305699482,0.42027339339256287
0.6719657843770175,0.8988557858376511,0.42093077301979065
0.672291296625222,0.8988557858376511,0.4211080074310303
0.6723455793298345,0.8988557858376511,0.4212052822113037
0.6723998708010336,0.8988557858376511,0.42121797800064087
0.6724541710409432,0.8988557858376511,0.42124611139297485
0.67242771765466,0.8987478411053541,0.42132875323295593
0.6724555735056543,0.898639896373057,0.421392560005188
0.6725098957912594,0.898639896373057,0.4214082360267639
0.672564226854096,0.898639896373057,0.42164626717567444
0.6725377716732649,0.8985319516407599,0.4218493700027466
0.6725921137685844,0.8985319516407599,0.42187660932540894
0.6726200096977534,0.8984240069084629,0.42194613814353943
0.6726743716156146,0.8984240069084629,0.42197975516319275
0.6727287423213708,0.8984240069084629,0.4228522777557373
0.672783121817153,0.8984240069084629,0.42286357283592224
0.672837510105093,0.8984240069084629,0.4229196608066559
0.6728919071873232,0.8984240069084629,0.4229297935962677
0.6729463130659767,0.8984240069084629,0.4230407178401947
0.6730007277431875,0.8984240069084629,0.4231901466846466
0.67305515122109,0.8984240069084629,0.4233088493347168
0.6731095835018196,0.8984240069084629,0.42355620861053467
0.6732184744803041,0.8984240069084629,0.4235874116420746
0.6732729331823329,0.8984240069084629,0.42369192838668823
0.6733818770226537,0.8984240069084629,0.423702597618103
0.6735453589058833,0.8984240069084629,0.42375078797340393
0.6735998705082551,0.8984240069084629,0.42375922203063965
0.6737089201877934,0.8984240069084629,0.4238922894001007
0.6737915958222006,0.8983160621761658,0.42394283413887024
0.6738461538461539,0.8983160621761658,0.4240005314350128
0.67390072070613,0.8983160621761658,0.4241906702518463
0.6739570676387201,0.8981001727115717,0.42424309253692627
0.6740662723811067,0.8981001727115717,0.42447975277900696
0.674039863879436,0.8979922279792746,0.4244813323020935
0.6740944818086054,0.8979922279792746,0.4245312809944153
0.6741491085899514,0.8979922279792746,0.42481517791748047
0.674203744225626,0.8979922279792746,0.42483851313591003
0.6742583887177824,0.8979922279792746,0.4249574840068817
0.6743130420685742,0.8979922279792746,0.4251064956188202
0.6743677042801557,0.8979922279792746,0.42511823773384094
0.6744223753546817,0.8979922279792746,0.42520424723625183
0.6744770552943085,0.8979922279792746,0.4253951609134674
0.6745317441011919,0.8979922279792746,0.42639610171318054
0.6746958637469587,0.8979922279792746,0.4264072775840759
0.6746694784654068,0.8978842832469776,0.42645931243896484
0.6747242050616483,0.8978842832469776,0.4265073537826538
0.6748336848937206,0.8978842832469776,0.4267021715641022
0.6748884381338742,0.8978842832469776,0.4267035126686096
0.6749432002596559,0.8978842832469776,0.4267091751098633
0.6749715955202078,0.8977763385146805,0.42686405777931213
0.674945215485756,0.8976683937823834,0.42737653851509094
0.675,0.8976683937823834,0.42753782868385315
0.6750547934085559,0.8976683937823834,0.4275878369808197
0.6751095957135899,0.8976683937823834,0.4277162551879883
0.6750832183161484,0.8975604490500864,0.4278954863548279
0.6751380318285157,0.8975604490500864,0.4281737208366394
0.6752213108097133,0.8974525043177893,0.42829471826553345
0.6751949317738791,0.8973445595854922,0.4283266067504883
0.6755241345685031,0.8973445595854922,0.42840689420700073
0.6755790329134498,0.8973445595854922,0.42862650752067566
0.6756339401820546,0.8973445595854922,0.42875006794929504
0.6756888563764936,0.8973445595854922,0.4288008511066437
0.6757437814989432,0.8973445595854922,0.4289461076259613
0.6757987155515812,0.8973445595854922,0.42913898825645447
0.6757723577235772,0.8972366148531952,0.4291645288467407
0.675827303032767,0.8972366148531952,0.42932823300361633
0.6758009432428037,0.8971286701208981,0.42946431040763855
0.6758558998129625,0.8971286701208981,0.4295576214790344
0.6759108653220559,0.8971286701208981,0.4296495318412781
0.6759658397722651,0.8971286701208981,0.42969685792922974
0.6759394826744753,0.897020725388601,0.43015608191490173
0.6759944683966485,0.897020725388601,0.4302772283554077
0.6760494630654084,0.897020725388601,0.43057572841644287
0.6761044666829388,0.897020725388601,0.43061235547065735
0.6760517536007812,0.896804835924007,0.4307863712310791
0.6761067708333334,0.896804835924007,0.43080785870552063
0.6762168321666938,0.896804835924007,0.43098998069763184
0.6763005780346821,0.8966968911917098,0.43104374408721924
0.6763556424035173,0.8966968911917098,0.43116453289985657
0.676329289145835,0.8965889464594128,0.4312291741371155
0.6763029315960912,0.8964810017271158,0.43145719170570374
0.6763580096099031,0.8964810017271158,0.43174320459365845
0.6764130965955367,0.8964810017271158,0.43184566497802734
0.6764681925551845,0.8964810017271158,0.43199458718299866
0.6764418377321603,0.8963730569948186,0.432102233171463
0.6764969450101833,0.8963730569948186,0.4323108494281769
0.6764705882352942,0.8962651122625216,0.4323219060897827
0.6765808344198174,0.8962651122625216,0.43232300877571106
0.6765544780376498,0.8961571675302246,0.43270647525787354
0.6766096169519152,0.8961571675302246,0.4327155351638794
0.6765832586192844,0.8960492227979274,0.4327711760997772
0.6765568959895664,0.8959412780656304,0.4329243004322052
0.6766120485856363,0.8959412780656304,0.4329378008842468
0.6765856840045654,0.8958333333333334,0.4332335591316223
0.6766408479412964,0.8958333333333334,0.4335152804851532
0.6766960208741031,0.8958333333333334,0.43371596932411194
0.6768063937367477,0.8958333333333334,0.4337773323059082
0.6769168026101142,0.8958333333333334,0.43390828371047974
0.6768904478342442,0.8957253886010362,0.4339505732059479
0.6769456681350955,0.8957253886010362,0.43414396047592163
0.6770008974463572,0.8957253886010362,0.43422731757164
0.67697454308094,0.8956174438687392,0.43454211950302124
0.67702978376173,0.8956174438687392,0.43488752841949463
0.6771955599085864,0.8956174438687392,0.43523386120796204
0.6771692106766795,0.8955094991364422,0.435240775346756
0.6772244897959183,0.8955094991364422,0.4353790283203125
0.6772797779410564,0.8955094991364422,0.43548548221588135
0.6773350751143044,0.8955094991364422,0.43557044863700867
0.6773903813178738,0.8955094991364422,0.43563345074653625
0.6774456965539768,0.8955094991364422,0.43568408489227295
0.6774193548387096,0.895401554404145,0.43589067459106445
0.6773930088206469,0.895293609671848,0.4359143376350403
0.6774483378256964,0.895293609671848,0.436093807220459
0.6775036758699559,0.895293609671848,0.43609657883644104
0.6774773302834736,0.895185664939551,0.4362162947654724
0.6774509803921569,0.8950777202072538,0.43626558780670166
0.6774246261949506,0.8949697754749568,0.4363875389099121
0.6774799803889524,0.8949697754749568,0.4364754557609558
0.6775353436299747,0.8949697754749568,0.4365292489528656
0.6775089898659693,0.8948618307426598,0.43656542897224426
0.6775380088278568,0.8947538860103627,0.4365673363208771
0.6775933949153928,0.8947538860103627,0.43658095598220825
0.677648790058862,0.8947538860103627,0.43690258264541626
0.6777041942604857,0.8947538860103627,0.4370233118534088
0.6777596075224857,0.8947538860103627,0.4370429813861847
0.6778150298470847,0.8947538860103627,0.4370540678501129
0.6778704612365064,0.8947538860103627,0.4371488690376282
0.6778995583183379,0.8946459412780656,0.43720871210098267
0.6779550102249489,0.8946459412780656,0.43823370337486267
0.6780104712041884,0.8946459412780656,0.43824782967567444
0.6780659412582836,0.8946459412780656,0.4382874667644501
0.6781214203894617,0.8946459412780656,0.43835726380348206
0.678176908599951,0.8946459412780656,0.4383736550807953
0.6782324058919803,0.8946459412780656,0.4383857548236847
0.6782879122677797,0.8946459412780656,0.4393702447414398
0.6784544859201048,0.8946459412780656,0.4394828677177429
0.6785100286532951,0.8946459412780656,0.4395849406719208
0.6785655804814148,0.8946459412780656,0.4396050274372101
0.6786211414066978,0.8946459412780656,0.43964046239852905
0.678676711431379,0.8946459412780656,0.43976616859436035
0.6786503971828679,0.8945379965457686,0.439790278673172
0.6787059787059787,0.8945379965457686,0.44000014662742615
0.6787615693340978,0.8945379965457686,0.44046780467033386
0.6788171690694627,0.8945379965457686,0.4405510425567627
0.6787908577045957,0.8944300518134715,0.44055306911468506
0.6788464689496969,0.8944300518134715,0.4407956004142761
0.6789020893076608,0.8944300518134715,0.4408758878707886
0.6789577187807276,0.8944300518134715,0.44103309512138367
0.6790133573711382,0.8944300518134715,0.4411364197731018
0.6790690050811342,0.8944300518134715,0.4413394629955292
0.6792097065092638,0.8943221070811744,0.4413646459579468
0.6791834057555136,0.8942141623488774,0.4415750205516815
0.6792390947851754,0.8942141623488774,0.4416041374206543
0.6792947929479295,0.8942141623488774,0.4417896866798401
0.6793505002460226,0.8942141623488774,0.4418667256832123
0.6794062166817026,0.8942141623488774,0.4418787360191345
0.6794619422572179,0.8942141623488774,0.44210705161094666
0.6794356492494463,0.8941062176165803,0.44232308864593506
0.6793830502912462,0.8938903281519862,0.44233158230781555
0.6794387922546767,0.8938903281519862,0.4425918459892273
0.6794945433658817,0.8938903281519862,0.4425986707210541
0.6795503036271131,0.8938903281519862,0.44259893894195557
0.679524004924087,0.8937823834196891,0.4429134130477905
0.6795797767564018,0.8937823834196891,0.4429589509963989
0.6796355577443979,0.8937823834196891,0.44306430220603943
0.67969134789033,0.8937823834196891,0.44327786564826965
0.679665052130367,0.893674438687392,0.4433736503124237
0.6796387520525452,0.893566493955095,0.44360801577568054
0.6796945562033008,0.893566493955095,0.44374576210975647
0.6796682542289374,0.8934585492227979,0.44399750232696533
0.6797240699679724,0.8934585492227979,0.4440441131591797
0.6796977660972404,0.8933506044905009,0.4441682994365692
0.6797535934291581,0.8933506044905009,0.444309800863266
0.6798094299326434,0.8933506044905009,0.4443233609199524
0.6798652756099565,0.8933506044905009,0.44434359669685364
0.6799211304633586,0.8933506044905009,0.44449394941329956
0.6799769944951113,0.8933506044905009,0.44453734159469604
0.6800328677074774,0.8933506044905009,0.44473889470100403
0.6800887501027201,0.8933506044905009,0.4449822008609772
0.6801446416831032,0.8933506044905009,0.4450914263725281
0.6802005424508918,0.8933506044905009,0.4451712667942047
0.6802564524083512,0.8933506044905009,0.4451986849308014
0.6802301685162351,0.8932426597582038,0.44584426283836365
0.6802038803025321,0.8931347150259067,0.44601261615753174
0.6801775877661761,0.8930267702936097,0.44627347588539124
0.6802335142246341,0.8930267702936097,0.4463427662849426
0.6802894498807663,0.8930267702936097,0.44657036662101746
0.6802631578947368,0.8929188255613126,0.44681063294410706
0.6802368615840119,0.8928108808290155,0.44693294167518616
0.6802105609475243,0.8927029360967185,0.44701507687568665
0.6804904138895745,0.8927029360967185,0.447119802236557
0.6805464121132324,0.8927029360967185,0.4475606679916382
0.6806024195539462,0.8927029360967185,0.44807666540145874
0.6806321507943041,0.8925949913644214,0.4481317698955536
0.6806881791241357,0.8925949913644214,0.4485199749469757
0.680661891825142,0.8924870466321243,0.44857820868492126
0.6807179318294089,0.8924870466321243,0.4486529529094696
0.6806916426512968,0.8923791018998273,0.44874900579452515
0.6807476943346509,0.8923791018998273,0.44888588786125183
0.6808037552499382,0.8923791018998273,0.44898301362991333
0.68085982539944,0.8923791018998273,0.4494174122810364
0.6811403147400511,0.8923791018998273,0.4495841860771179
0.6811964403427818,0.8923791018998273,0.4498100280761719
0.6812525751957149,0.8923791018998273,0.4501083493232727
0.6813087193011373,0.8923791018998273,0.45011693239212036
0.6813648726613368,0.8923791018998273,0.4503510594367981
0.6815333882934872,0.8923791018998273,0.45038479566574097
0.6815071316679033,0.8922711571675302,0.4505177438259125
0.6816195266760122,0.8922711571675302,0.4505265951156616
0.681675738083457,0.8922711571675302,0.45061972737312317
0.6817319587628866,0.8922711571675302,0.4506913423538208
0.6818181818181818,0.8921632124352331,0.45082154870033264
0.6818744328025741,0.8921632124352331,0.4508247971534729
0.6818481848184819,0.8920552677029361,0.4508301913738251
0.68190444756168,0.8920552677029361,0.45100387930870056
0.6819607195906915,0.8920552677029361,0.4510536789894104
0.6819344722290996,0.8919473229706391,0.4511449933052063
0.6819907560250907,0.8919473229706391,0.451204776763916
0.6820470491126702,0.8919473229706391,0.4512355923652649
0.6821596631717989,0.8919473229706391,0.4512692093849182
0.6822159841479525,0.8919473229706391,0.45137181878089905
0.682272314424903,0.8919473229706391,0.45148444175720215
0.6823286540049546,0.8919473229706391,0.4514952301979065
0.6823024196878354,0.8918393782383419,0.45152565836906433
0.682358771060456,0.8918393782383419,0.4515790343284607
0.6824151317419674,0.8918393782383419,0.4516116976737976
0.682471501734677,0.8918393782383419,0.4521503150463104
0.6825278810408922,0.8918393782383419,0.4527992606163025
0.6825842696629213,0.8918393782383419,0.4529217779636383
0.6826406676030736,0.8918393782383419,0.453025758266449
0.6826970748636589,0.8918393782383419,0.4530666172504425
0.6827534914469878,0.8918393782383419,0.4531257450580597
0.6828099173553719,0.8918393782383419,0.45343440771102905
0.6828663525911233,0.8918393782383419,0.45363011956214905
0.6829227971565548,0.8918393782383419,0.4540015757083893
0.6829792510539803,0.8918393782383419,0.45406776666641235
0.6830357142857143,0.8918393782383419,0.4541383683681488
0.6830095080611823,0.8917314335060449,0.4542703926563263
0.6830659831321316,0.8917314335060449,0.4544689655303955
0.6832092638544252,0.8916234887737479,0.4546588063240051
0.6832657788071801,0.8916234887737479,0.45510873198509216
0.6833223031105228,0.8916234887737479,0.45543569326400757
0.6833788367667742,0.8916234887737479,0.4559597671031952
0.6834353797782559,0.8916234887737479,0.45602473616600037
0.68349193214729,0.8916234887737479,0.45607516169548035
0.6835484938762,0.8916234887737479,0.45612064003944397
0.6835223040635604,0.8915155440414507,0.4564267694950104
0.6834961099155769,0.8914075993091537,0.456443190574646
0.6835526860359242,0.8914075993091537,0.45645686984062195
0.6835264900662251,0.8912996545768567,0.4565514028072357
0.6835568802781917,0.8911917098445595,0.45660626888275146
0.6836134801689161,0.8911917098445595,0.4566766619682312
0.6836700894335873,0.8911917098445595,0.4571223258972168
0.6837267080745342,0.8911917098445595,0.45740029215812683
0.683648111332008,0.8908678756476683,0.4576812982559204
0.6838485124720312,0.8907599309153713,0.4578082859516144
0.6838789888106092,0.8906519861830743,0.4581942856311798
0.6838527851458885,0.8905440414507773,0.45842936635017395
0.6838832697728403,0.8904360967184801,0.4586249887943268
0.683939971809966,0.8904360967184801,0.4587319791316986
0.6839966832504146,0.8904360967184801,0.4588072597980499
0.6840272018576878,0.8903281519861831,0.4588582515716553
0.6840839346437754,0.8903281519861831,0.45899292826652527
0.6840577305905773,0.8902202072538861,0.45908355712890625
0.6841144753214434,0.8902202072538861,0.45921027660369873
0.6841712294673967,0.8902202072538861,0.45927101373672485
0.6842279930307807,0.8902202072538861,0.45934560894966125
0.6845119521912351,0.8902202072538861,0.45936843752861023
0.6845687723084586,0.8902202072538861,0.45937177538871765
0.6847392892726669,0.8902202072538861,0.4593774080276489
0.684796147139417,0.8902202072538861,0.45939329266548157
0.684853014449427,0.8902202072538861,0.45950770378112793
0.6849098912050494,0.8902202072538861,0.45951277017593384
0.6849406096851898,0.8901122625215889,0.45954933762550354
0.6849975078916763,0.8901122625215889,0.459564745426178
0.6849713383733489,0.8900043177892919,0.4596063494682312
0.6849451645064806,0.8898963730569949,0.4597843289375305
0.6850020772746157,0.8898963730569949,0.4598197638988495
0.6850589995014127,0.8898963730569949,0.4600233733654022
0.6851159311892296,0.8898963730569949,0.46010780334472656
0.6851728723404256,0.8898963730569949,0.46025869250297546
0.6852298229573601,0.8898963730569949,0.46025946736335754
0.6852036575228595,0.8897884283246977,0.4602653384208679
0.6851774877379666,0.8896804835924007,0.4602883458137512
0.6852344529431327,0.8896804835924007,0.46032634377479553
0.6852914276211857,0.8896804835924007,0.4604058861732483
0.6854054054054054,0.8896804835924007,0.46077337861061096
0.6854624085163007,0.8896804835924007,0.46166977286338806
0.68551942110954,0.8896804835924007,0.46179261803627014
0.6855764431874896,0.8896804835924007,0.4618174731731415
0.6856334747525165,0.8896804835924007,0.4618426561355591
0.6856905158069884,0.8896804835924007,0.4620830714702606
0.6856643647558033,0.8895725388601037,0.4621995687484741
0.6856382093526378,0.8894645941278065,0.46237504482269287
0.6856952650411916,0.8894645941278065,0.46242237091064453
0.6856691078561917,0.8893566493955095,0.4625253677368164
0.6856429463171037,0.8892487046632125,0.46272027492523193
0.6857000166472449,0.8892487046632125,0.4629363715648651
0.6857570964788147,0.8892487046632125,0.4630075991153717
0.6860426382411725,0.8892487046632125,0.46307647228240967
0.6860997751311735,0.8892487046632125,0.46325957775115967
0.6860736298517408,0.8891407599309153,0.46338075399398804
0.6860474802165765,0.8890328151986183,0.4637644290924072
0.6861046317894035,0.8890328151986183,0.46380484104156494
0.686078480379905,0.8889248704663213,0.4638694226741791
0.6860523246125646,0.8888169257340242,0.4640715718269348
0.6861094908757603,0.8888169257340242,0.4643208384513855
0.6860571714309526,0.8886010362694301,0.46437332034111023
0.6861143523920653,0.8886010362694301,0.4645032286643982
0.6861715428857215,0.8886010362694301,0.4647615849971771
0.6861453817939314,0.888493091537133,0.46514055132865906
0.6862025844101709,0.888493091537133,0.4651711583137512
0.6862597965649492,0.888493091537133,0.46519187092781067
0.6862336362878346,0.8883851468048359,0.4652380049228668
0.6862908605737158,0.8883851468048359,0.4653457999229431
0.6863480944041365,0.8883851468048359,0.4657471477985382
0.6864625907081492,0.8883851468048359,0.46576663851737976
0.6867489986648865,0.8883851468048359,0.4659214913845062
0.6868063089376617,0.8883851468048359,0.4660751521587372
0.6868636287764981,0.8883851468048359,0.4661981761455536
0.686920958183791,0.8883851468048359,0.4665223956108093
0.6870356457133316,0.8883851468048359,0.46659618616104126
0.6869572478289914,0.8880613126079447,0.4666862487792969
0.6870146137787057,0.8880613126079447,0.4668068587779999
0.687071989310172,0.8880613126079447,0.46705755591392517
0.6871293744257914,0.8880613126079447,0.46706536412239075
0.6871867691279653,0.8880613126079447,0.4671400785446167
0.6872441734190962,0.8880613126079447,0.46716198325157166
0.687218045112782,0.8879533678756477,0.4673033356666565
0.687275461609157,0.8879533678756477,0.467414528131485
0.6873328877005348,0.8879533678756477,0.4675237238407135
0.6873903233893206,0.8879533678756477,0.4677075445652008
0.687364198562594,0.8878454231433506,0.46782055497169495
0.6874216464688675,0.8878454231433506,0.46846795082092285
0.6873955198930124,0.8877374784110535,0.4685544967651367
0.6874529800217337,0.8877374784110535,0.46878451108932495
0.6874268516970407,0.8876295336787565,0.46881720423698425
0.6874007190034278,0.8875215889464594,0.46890148520469666
0.6875156785684422,0.8875215889464594,0.46894896030426025
0.6875731727713664,0.8875215889464594,0.46936124563217163
0.6876306765911182,0.8875215889464594,0.4693956971168518
0.6876881900301104,0.8875215889464594,0.46952390670776367
0.687745713090757,0.8875215889464594,0.46958521008491516
0.6878032457754727,0.8875215889464594,0.4695894122123718
0.6878607880866728,0.8875215889464594,0.4698723256587982
0.687834672021419,0.8874136442141624,0.47009941935539246
0.687892226591917,0.8874136442141624,0.4702765643596649
0.6878661087866109,0.8873056994818653,0.47055643796920776
0.6878399866097581,0.8871977547495682,0.47080934047698975
0.6878138600602611,0.8870898100172712,0.47085532546043396
0.687871432158701,0.8870898100172712,0.47167426347732544
0.6879290138958647,0.8870898100172712,0.47180289030075073
0.6879028882377564,0.8869818652849741,0.4718474745750427
0.6879658320073696,0.88676597582038,0.47192806005477905
0.6879396984924623,0.8866580310880829,0.471931129693985
0.6880549505779863,0.8866580310880829,0.4719349443912506
0.6880288179609617,0.8865500863557858,0.47222214937210083
0.6882017764370706,0.8865500863557858,0.472583144903183
0.6881756473644515,0.8864421416234888,0.47263532876968384
0.6882333221589004,0.8864421416234888,0.472810298204422
0.6882910066214064,0.8864421416234888,0.4728373885154724
0.6883487007544007,0.8864421416234888,0.4729769825935364
0.6883225752368178,0.8863341968911918,0.47329241037368774
0.6883802816901409,0.8863341968911918,0.4733981788158417
0.6884957236290458,0.8863341968911918,0.47352391481399536
0.6885534591194968,0.8863341968911918,0.4735734462738037
0.6886112042938611,0.8863341968911918,0.47363370656967163
0.6886689591545752,0.8863341968911918,0.47376081347465515
0.6887006123647345,0.8862262521588946,0.47380176186561584
0.6887583892617449,0.8862262521588946,0.4739239811897278
0.688816175853679,0.8862262521588946,0.47392410039901733
0.688873972142977,0.8862262521588946,0.47398075461387634
0.6889634913973982,0.8861183074265976,0.4739988446235657
0.689021319456102,0.8861183074265976,0.47404301166534424
0.6890791572232016,0.8861183074265976,0.4745602607727051
0.6890530557421088,0.8860103626943006,0.47464048862457275
0.6891109058853161,0.8860103626943006,0.4748777449131012
0.6891687657430731,0.8860103626943006,0.47490328550338745
0.6891426652111848,0.8859024179620034,0.4749393165111542
0.6891165602955996,0.8857944732297064,0.47502386569976807
0.6891744352061813,0.8857944732297064,0.4752359390258789
0.6892323198387368,0.8857944732297064,0.4757215976715088
0.6892062158756825,0.8856865284974094,0.4761298596858978
0.6893220196589095,0.8856865284974094,0.47614234685897827
0.7721006459076448,0.8645293609671848,0.4761705994606018
0.7721750867720787,0.8645293609671848,0.4762231111526489
0.7722495419920934,0.8645293609671848,0.47662124037742615
0.7723240115718418,0.8645293609671848,0.47680923342704773
0.7724729938271605,0.8645293609671848,0.47706207633018494
0.7724510465901417,0.8644214162348878,0.4771527051925659
0.7724290951186571,0.8643134715025906,0.47716981172561646
0.772407139411481,0.8642055267702936,0.4772969186306
0.7752172639390684,0.8569732297063903,0.4775489270687103
0.7754224870567549,0.8568652849740933,0.477583110332489
0.7754982415005862,0.8568652849740933,0.4775903522968292
0.7755740107474353,0.8568652849740933,0.47789856791496277
0.7756497948016415,0.8568652849740933,0.47790253162384033
0.7757255936675461,0.8568652849740933,0.47832754254341125
0.7758014073494918,0.8568652849740933,0.4784524440765381
0.7758772358518229,0.8568652849740933,0.4785189628601074
0.7759530791788857,0.8568652849740933,0.4787254333496094
0.7759311760680419,0.8567573402417962,0.47898730635643005
0.775843520782396,0.856325561312608,0.4791174530982971
0.7758215962441315,0.8562176165803109,0.47918862104415894
0.7758755625122286,0.8561096718480138,0.47924792766571045
0.7760054799882572,0.8560017271157168,0.4797476828098297
0.7759835584263065,0.8558937823834197,0.4799449145793915
0.7760595086620339,0.8558937823834197,0.48047348856925964
0.7761354737666406,0.8558937823834197,0.48047879338264465
0.7762874485999608,0.8558937823834197,0.48050910234451294
0.7762655439146187,0.8557858376511226,0.4806509017944336
0.7763415589502546,0.8557858376511226,0.4809156060218811
0.7764175888747429,0.8557858376511226,0.4809170961380005
0.7768740813326801,0.8557858376511226,0.4810529053211212
0.7769502156017248,0.8557858376511226,0.4811730980873108
0.7770263647946682,0.8557858376511226,0.4811750650405884
0.7775598273832875,0.8557858376511226,0.48127102851867676
0.7779413207732313,0.8557858376511226,0.48167893290519714
0.7780176643768401,0.8557858376511226,0.4817652404308319
0.7780940229659437,0.8557858376511226,0.48199641704559326
0.7781703965449549,0.8557858376511226,0.4820067286491394
0.778246785118288,0.8557858376511226,0.4820661246776581
0.7783231886903593,0.8557858376511226,0.4821304976940155
0.7783996072655867,0.8557858376511226,0.4821765720844269
0.7784760408483896,0.8557858376511226,0.48222196102142334
0.7785524894431897,0.8557858376511226,0.4822278320789337
0.7786289530544097,0.8557858376511226,0.48227962851524353
0.7787054316864748,0.8557858376511226,0.48234525322914124
0.7786836935166994,0.8556778929188256,0.4828467071056366
0.778760192553296,0.8556778929188256,0.483026921749115
0.7788367066221261,0.8556778929188256,0.4830890893936157
0.7789132357276211,0.8556778929188256,0.4831579625606537
0.7994286880228525,0.8458549222797928,0.4833170771598816
0.7995102540557086,0.8458549222797928,0.48362159729003906
0.7994897959183673,0.8457469775474957,0.48377135396003723
0.7994693336054699,0.8456390328151986,0.4837794601917267
0.7995509287609717,0.8456390328151986,0.48379820585250854
0.799632540573645,0.8456390328151986,0.48395317792892456
0.7997141690485913,0.8456390328151986,0.48402315378189087
0.7996937212863706,0.8455310880829016,0.484232634305954
0.7997753726771493,0.8455310880829016,0.48430779576301575
0.7998570407433881,0.8455310880829016,0.4843752980232239
0.7998366013071896,0.8454231433506045,0.4845260977745056
0.7999182923092636,0.8454231433506045,0.4850517511367798
0.8,0.8454231433506045,0.4850583076477051
0.8000817243845132,0.8454231433506045,0.48541319370269775
0.8001634654679199,0.8454231433506045,0.4858856499195099
0.8001021972406746,0.8450993091537133,0.48593103885650635
0.8001839738348324,0.8450993091537133,0.4866357147693634
0.8002657671470919,0.8450993091537133,0.486959844827652
0.8003475771825802,0.8450993091537133,0.48700299859046936
0.8004704438535488,0.8448834196891192,0.4872855544090271
0.8007980356046654,0.8448834196891192,0.4873303174972534
0.8008799754425457,0.8448834196891192,0.4874206483364105
0.8008595988538681,0.8447754749568221,0.4875028729438782
0.8009415617644049,0.8447754749568221,0.48751509189605713
0.8009211873080859,0.844667530224525,0.48761242628097534
0.8010031733033064,0.844667530224525,0.4877294898033142
0.801085176085176,0.844667530224525,0.48791924118995667
0.8011671956588512,0.844667530224525,0.48829764127731323
0.80124923202949,0.844667530224525,0.48848679661750793
0.8013312852022529,0.844667530224525,0.48859265446662903
0.8014133551823024,0.844667530224525,0.48862457275390625
0.8014954419748028,0.844667530224525,0.48883476853370667
0.8070759625390218,0.8372193436960277,0.4890344738960266
0.8071599542095952,0.8372193436960277,0.4891870617866516
0.8072439633638634,0.8372193436960277,0.4892067313194275
0.8073279900072864,0.8372193436960277,0.48921632766723633
0.8074120341453258,0.8372193436960277,0.48933446407318115
0.8074960957834462,0.8372193436960277,0.48963385820388794
0.8074760516451479,0.8371113989637305,0.4898854196071625
0.8074359508435742,0.8368955094991365,0.49013856053352356
0.8075200499947922,0.8368955094991365,0.4903288185596466
0.8076041666666667,0.8368955094991365,0.49039703607559204
0.8075841233461819,0.8367875647668394,0.4905577301979065
0.8076682642217129,0.8367875647668394,0.4906447231769562
0.8077524226320725,0.8367875647668394,0.4908997118473053
0.8078365985827428,0.8367875647668394,0.4909040629863739
0.807920792079208,0.8367875647668394,0.4912596344947815
0.8080892317314708,0.8367875647668394,0.49129518866539
0.8081734778982486,0.8367875647668394,0.49129587411880493
0.8083420229405631,0.8367875647668394,0.49133530259132385
0.8084263218270935,0.8367875647668394,0.4913669228553772
0.8084063412599082,0.8366796200345423,0.49143657088279724
0.8084906644414311,0.8366796200345423,0.4919177293777466
0.80857500521594,0.8366796200345423,0.49207383394241333
0.8087437395659433,0.8366796200345423,0.49229106307029724
0.8087237816967546,0.8365716753022453,0.4924958050251007
0.8090614886731392,0.8365716753022453,0.4926292896270752
0.8091459594904991,0.8365716753022453,0.49280595779418945
0.8092304479482092,0.8365716753022453,0.4928976893424988
0.8093149540517962,0.8365716753022453,0.4931045472621918
0.8093994778067886,0.8365716753022453,0.49317285418510437
0.8094840192187174,0.8365716753022453,0.49328771233558655
0.8094641178314008,0.8364637305699482,0.49339574575424194
0.8097831779616633,0.834520725388601,0.4937848150730133
0.8098680075424262,0.834520725388601,0.4938202202320099
0.8100377200335289,0.834520725388601,0.49404874444007874
0.8100178141045793,0.834412780656304,0.49422305822372437
0.8101027038356738,0.834412780656304,0.4942712187767029
0.8101876113614925,0.834412780656304,0.49441733956336975
0.810272536687631,0.834412780656304,0.4950142204761505
0.8103574798196876,0.834412780656304,0.4952578544616699
0.8104424407632628,0.834412780656304,0.4952845573425293
0.8104225647478243,0.834304835924007,0.4957508444786072
0.8105075503355704,0.834304835924007,0.4959820508956909
0.810487676979549,0.8341968911917098,0.49663445353507996
0.8104677994545836,0.8340889464594128,0.4966840445995331
0.8105528165320466,0.8340889464594128,0.497121661901474
0.8105329416701637,0.8339810017271158,0.49733930826187134
0.810617983422516,0.8339810017271158,0.49754661321640015
0.8105384696126797,0.8335492227979274,0.4975908100605011
0.8106235565819861,0.8335492227979274,0.4976065754890442
0.8107937841243175,0.8335492227979274,0.4977324306964874
0.8107739157828415,0.8334412780656304,0.4977692663669586
0.8108590632220122,0.8334412780656304,0.4981898367404938
0.8108391975632812,0.8333333333333334,0.4982658326625824
0.8108193277310924,0.8332253886010362,0.49860331416130066
0.8109045067759219,0.8332253886010362,0.49870315194129944
0.8108846396301744,0.8331174438687392,0.49877646565437317
0.8109499789827659,0.8330094991364422,0.4988400638103485
0.8109301103520756,0.832901554404145,0.49899590015411377
0.8109102375446711,0.832793609671848,0.4995477795600891
0.811080740117746,0.832793609671848,0.49966683983802795
0.8111660182946062,0.832793609671848,0.499706506729126
0.8112969390975071,0.8325777202072538,0.4997258484363556
0.8112770881548496,0.8324697754749568,0.49992311000823975
0.8112572330352447,0.8323618307426598,0.5006020665168762
0.8113425925925926,0.8323618307426598,0.5006033778190613
0.8114081246053463,0.8322538860103627,0.5006406307220459
0.8114935269971582,0.8322538860103627,0.5006951689720154
0.8113406408094435,0.8309585492227979,0.5007990002632141
0.8113207547169812,0.8308506044905009,0.5013123154640198
0.8119198312236287,0.8308506044905009,0.5015260577201843
0.8120054858107395,0.8308506044905009,0.5015873908996582
0.8120911584722516,0.8308506044905009,0.5017512440681458
0.8133784212194864,0.8308506044905009,0.5017562508583069
0.8133586979496935,0.8307426597582038,0.5017611980438232
0.8134249471458774,0.8306347150259067,0.5018721222877502
0.8134052225393805,0.8305267702936097,0.5019880533218384
0.8134912243603298,0.8305267702936097,0.5020840167999268
0.8135772443692503,0.8305267702936097,0.5021461248397827
0.813663282571912,0.8305267702936097,0.5022352933883667
0.8137493389740877,0.8305267702936097,0.5022411942481995
0.8139215064000846,0.8305267702936097,0.5024023056030273
0.8139018197206941,0.8304188255613126,0.5025135278701782
0.8141602285956185,0.8304188255613126,0.5026686191558838
0.8142464013547841,0.8304188255613126,0.5030890107154846
0.8143325923573621,0.8304188255613126,0.503212034702301
0.8144188016091467,0.8304188255613126,0.5033539533615112
0.8143991529910005,0.8303108808290155,0.5034357309341431
0.8144853875476493,0.8303108808290155,0.5043007731437683
0.8145716403685269,0.8303108808290155,0.5044780969619751
0.8145520016945562,0.8302029360967185,0.5048468708992004
0.8146382798432369,0.8302029360967185,0.5050410628318787
0.8147245762711864,0.8302029360967185,0.5052804350852966
0.8148108909842144,0.8302029360967185,0.5054196715354919
0.814897223988133,0.8302029360967185,0.5054547190666199
0.814983575288757,0.8302029360967185,0.5061419606208801
0.8150699448919033,0.8302029360967185,0.5062068104743958
0.8150307398770404,0.8299870466321243,0.5065141320228577
0.8151171419484787,0.8299870466321243,0.5065835118293762
0.8152035623409669,0.8299870466321243,0.5065974593162537
0.8151839677658785,0.8298791018998273,0.506717324256897
0.8153372931692829,0.8297711571675302,0.5067179203033447
0.8154237827516707,0.8297711571675302,0.5069522261619568
0.8154042011457671,0.8296632124352331,0.507366418838501
0.8154907161803714,0.8296632124352331,0.5074418783187866
0.8155772495755518,0.8296632124352331,0.507506251335144
0.8157503714710252,0.8296632124352331,0.5078130960464478
0.8158369599830166,0.8296632124352331,0.5078403353691101
0.8158174097664543,0.8295552677029361,0.5078421831130981
0.8157978553986622,0.8294473229706391,0.5079059600830078
0.8158844765342961,0.8294473229706391,0.5080808401107788
0.8158649251353934,0.8293393782383419,0.5084058046340942
0.8158453695836874,0.8292314335060449,0.5087395310401917
0.8159320233669676,0.8292314335060449,0.5087972283363342
0.8159124707881878,0.8291234887737479,0.508905291557312
0.8158929140550303,0.8290155440414507,0.5090795755386353
0.8159796005099873,0.8290155440414507,0.5091332197189331
0.8160663053873127,0.8290155440414507,0.509275496006012
0.8161530286928799,0.8290155440414507,0.5094649195671082
0.8162397704325646,0.8290155440414507,0.5095394849777222
0.8205969170219745,0.8102331606217616,0.5097445249557495
0.8206866389678548,0.8102331606217616,0.5105260610580444
0.8207763805358119,0.8102331606217616,0.5108371376991272
0.8207567804024497,0.8101252158894646,0.5111978650093079
0.8208465492726676,0.8101252158894646,0.5114077925682068
0.8208269525267994,0.8100172711571675,0.5116425156593323
0.8208073514932721,0.8099093264248705,0.5117579102516174
0.8208971553610503,0.8099093264248705,0.512564480304718
0.8209869788817157,0.8099093264248705,0.512588381767273
0.8209673889253666,0.8098013816925734,0.5128740072250366
0.8209477946809675,0.8096934369602763,0.5129926800727844
0.8209281961471103,0.8095854922279793,0.5136755704879761
0.8213777242361188,0.8095854922279793,0.5136854648590088
0.8214676889375685,0.8095854922279793,0.5138261914253235
0.821557673348669,0.8095854922279793,0.5139902234077454
0.8216476774758983,0.8095854922279793,0.5140199661254883
0.8217377013257369,0.8095854922279793,0.5142749547958374
0.821827744904668,0.8095854922279793,0.5142762660980225
0.8218082191780822,0.8094775474956822,0.5144012570381165
0.8218982902235862,0.8094775474956822,0.5147018432617188
0.821988381015017,0.8094775474956822,0.5147167444229126
0.8220784915588687,0.8094775474956822,0.5147607922554016
0.822168621861638,0.8094775474956822,0.5149111151695251
0.8221491228070176,0.8093696027633851,0.5150833129882812
0.8222392806228753,0.8093696027633851,0.5151135325431824
0.8223294582145207,0.8093696027633851,0.5151221752166748
0.8224196555884611,0.8093696027633851,0.5151774883270264
0.8225098727512067,0.8093696027633851,0.5151894688606262
0.822490400438837,0.8092616580310881,0.515351414680481
0.8227611940298507,0.8092616580310881,0.5154749155044556
0.8228514981890023,0.8092616580310881,0.5154785513877869
0.8229418221734358,0.8092616580310881,0.5156170725822449
0.8228822882288229,0.8074265975820379,0.5156475305557251
0.8229728242931016,0.8074265975820379,0.515684962272644
0.8230439088808188,0.8073186528497409,0.5158014893531799
0.823134492626018,0.8073186528497409,0.5159459114074707
0.8232250963126032,0.8073186528497409,0.516032874584198
0.8233869191807972,0.8072107081174439,0.5160884261131287
0.8234775905737254,0.8072107081174439,0.5161274671554565
0.823568281938326,0.8072107081174439,0.5162772536277771
0.8235488489921797,0.8071027633851469,0.5164527893066406
0.8235294117647058,0.8069948186528497,0.5164532661437988
0.8240740740740741,0.8069948186528497,0.5165629386901855
0.8241455347298787,0.8068868739205527,0.5168776512145996
0.8242364097474915,0.8068868739205527,0.516968846321106
0.8244182199183854,0.8068868739205527,0.5171108841896057
0.8238359201773836,0.8021373056994818,0.5172220468521118
0.8239272646634882,0.8021373056994818,0.5173588395118713
0.824018629407851,0.8021373056994818,0.5173701047897339
0.8241100144172119,0.8021373056994818,0.5176025032997131
0.8242014196983141,0.8021373056994818,0.5176931619644165
0.824384291102729,0.8021373056994818,0.5177161693572998
0.8244757572395429,0.8021373056994818,0.5184193253517151
0.8244562805148691,0.8020293609671848,0.5185469388961792
0.8246392896781354,0.8020293609671848,0.5189235210418701
0.8247308247308247,0.8020293609671848,0.5190915465354919
0.8248223801065719,0.8020293609671848,0.5190937519073486
0.8249139558121461,0.8020293609671848,0.5191242098808289
0.8250055518543193,0.8020293609671848,0.5191572308540344
0.8249861188228762,0.8019214162348878,0.5192400217056274
0.8250777432252332,0.8019214162348878,0.5194537043571472
0.8251693879817839,0.8019214162348878,0.5195022225379944
0.8252610530993113,0.8019214162348878,0.5195457935333252
0.8253527385846017,0.8019214162348878,0.5195554494857788
0.8254444444444444,0.8019214162348878,0.519843339920044
0.8255361706856318,0.8019214162348878,0.5199791193008423
0.8257196843392242,0.8019214162348878,0.5200883746147156
0.825811471765229,0.8019214162348878,0.5201736092567444
0.8259951078496776,0.8019214162348878,0.5203455090522766
0.8260869565217391,0.8019214162348878,0.5203940272331238
0.826067615658363,0.8018134715025906,0.5205383896827698
0.8275208913649025,0.8017055267702936,0.5208354592323303
0.827613104524181,0.8017055267702936,0.5208947658538818
0.8274015396630593,0.8005181347150259,0.5211273431777954
0.8269013766644099,0.7910189982728842,0.5211299657821655
0.8269946958582552,0.7910189982728842,0.5211803317070007
0.8270880361173815,0.7910189982728842,0.5212847590446472
0.827181397448922,0.7910189982728842,0.5215924382209778
0.827368183357796,0.7910189982728842,0.5219454169273376
0.8274616079494128,0.7910189982728842,0.5221365094184875
0.8275550536420102,0.7910189982728842,0.522280216217041
0.8276485204427377,0.7910189982728842,0.5227416753768921
0.8276290522986558,0.7909110535405872,0.5230271220207214
0.8276095797559874,0.7908031088082902,0.5230463147163391
0.8277030843972433,0.7908031088082902,0.5230823755264282
0.8277966101694916,0.7908031088082902,0.5232911109924316
0.8277771499604475,0.790695164075993,0.5233306288719177
0.8278317883789283,0.790479274611399,0.5234364867210388
0.8279253815715093,0.790479274611399,0.5236173868179321
0.8274100147609856,0.7865932642487047,0.5236431956291199
0.8269974960163897,0.7843264248704663,0.5239061117172241
0.8270916334661355,0.7843264248704663,0.5245479941368103
0.8036245954692557,0.6701208981001727,0.5245894193649292
0.8009478672985783,0.638493091537133,0.5247806906700134
0.801328093237566,0.6382772020725389,0.5248007774353027
0.8013011656275414,0.6381692573402418,0.5248665809631348
0.8014097871763589,0.6381692573402418,0.5251563787460327
0.8015184381778742,0.6381692573402418,0.5251692533493042
0.8016271186440678,0.6381692573402418,0.5253050923347473
0.8016002169785734,0.6380613126079447,0.5253536105155945
0.8017089380170894,0.6380613126079447,0.5258603692054749
0.8018176885512751,0.6380613126079447,0.5260785818099976
0.8018995929443691,0.6379533678756477,0.5261338353157043
0.8020084136246438,0.6379533678756477,0.5264788269996643
0.8021172638436482,0.6379533678756477,0.526650607585907
0.8020904031491788,0.6378454231433506,0.5266898274421692
0.8021992940537606,0.6378454231433506,0.5269728302955627
0.8023082145281738,0.6378454231433506,0.5269801020622253
0.8022813688212928,0.6377374784110535,0.5275734663009644
0.802390330028521,0.6377374784110535,0.5278056859970093
0.8023634881825591,0.6376295336787565,0.5278871059417725
0.8024724901507947,0.6376295336787565,0.5279742479324341
0.8027728693761044,0.6375215889464594,0.5280292630195618
0.8028820010875476,0.6375215889464594,0.5281420350074768
0.8029911624745072,0.6375215889464594,0.5284538865089417
0.8029643731302692,0.6374136442141624,0.5284834504127502
0.8030735754113967,0.6374136442141624,0.5284935235977173
0.8030467899891186,0.6373056994818653,0.5286593437194824
0.8031560331927629,0.6373056994818653,0.5286619663238525
0.803265306122449,0.6373056994818653,0.5286914706230164
0.8033746087903116,0.6373056994818653,0.528771162033081
0.8033478497550354,0.6371977547495682,0.5288583040237427
0.8034571934122772,0.6371977547495682,0.5290515422821045
0.8035665668390961,0.6371977547495682,0.529057502746582
0.8036759700476515,0.6371977547495682,0.5293136835098267
0.8037854030501089,0.6371977547495682,0.529560387134552
0.8041138809426509,0.6371977547495682,0.5297090411186218
0.8040871934604905,0.6370898100172712,0.529960036277771
0.8041967570513694,0.6370898100172712,0.5299636721611023
0.8043063505042246,0.6370898100172712,0.5301040410995483
0.8044159738312662,0.6370898100172712,0.5303639769554138
0.8043893129770993,0.6369818652849741,0.5307640433311462
0.8046086719389146,0.6369818652849741,0.531032145023346
0.8048015277588324,0.636873920552677,0.5310531258583069
0.8049113233287858,0.636873920552677,0.5312250852584839
0.8051310043668122,0.636873920552677,0.5313364863395691
0.8052408898594241,0.636873920552677,0.5314086675643921
0.8053508053508054,0.636873920552677,0.5314176082611084
0.8053242320819113,0.63676597582038,0.5314201712608337
0.8052976515565264,0.6366580310880829,0.5314915776252747
0.8052710637716782,0.6365500863557858,0.5316453576087952
0.8052444687243923,0.6364421416234888,0.532166063785553
0.8052178664116924,0.6363341968911918,0.5321822762489319
0.805327868852459,0.6363341968911918,0.5324350595474243
0.8054379013526438,0.6363341968911918,0.5324402451515198
0.8055479639245695,0.6363341968911918,0.5325191020965576
0.8056049213943951,0.6361183074265976,0.5326198935508728
0.8057150669948044,0.6361183074265976,0.532622218132019
0.8058252427184466,0.6361183074265976,0.5328141450881958
0.8059354485776805,0.6361183074265976,0.5328998565673828
0.8060456845848721,0.6361183074265976,0.5329841375350952
0.806155950752394,0.6361183074265976,0.5333762764930725
0.8062662470926255,0.6361183074265976,0.5334579348564148
0.8063765736179529,0.6361183074265976,0.5334908366203308
0.8064869303407691,0.6361183074265976,0.5335054397583008
0.8065973172734738,0.6361183074265976,0.5339437127113342
0.8067077344284737,0.6361183074265976,0.5344294905662537
0.8066812705366923,0.6360103626943006,0.5344708561897278
0.8067917294262632,0.6360103626943006,0.534490704536438
0.8067652697890989,0.6359024179620034,0.5345311760902405
0.8068757704424051,0.6359024179620034,0.5349152684211731
0.8070968625839156,0.6359024179620034,0.5349385738372803
0.8070704302548644,0.6357944732297064,0.5349848866462708
0.8071810333013567,0.6357944732297064,0.5352677702903748
0.8071546052631579,0.6356865284974094,0.5353410243988037
0.8072652501713502,0.6356865284974094,0.5356385707855225
0.807375925418152,0.6356865284974094,0.5360645055770874
0.8074866310160428,0.6356865284974094,0.5360914468765259
0.8074602303894679,0.6355785837651122,0.5361759066581726
0.8074338225209162,0.6354706390328152,0.5363820791244507
0.8075445816186557,0.6354706390328152,0.5365548729896545
0.8075181780765537,0.6353626943005182,0.5365727543830872
0.807628979143798,0.6353626943005182,0.536726713180542
0.8078506725226462,0.6353626943005182,0.5368948578834534
0.8079615648592999,0.6353626943005182,0.5370160341262817
0.8080724876441515,0.6353626943005182,0.5374229550361633
0.8080461348345462,0.635254749568221,0.5374425053596497
0.8081570996978852,0.635254749568221,0.5377475023269653
0.8082680950418899,0.635254749568221,0.5378088355064392
0.8083791208791209,0.635254749568221,0.5379179120063782
0.8087123814758829,0.635254749568221,0.5380804538726807
0.8088235294117647,0.635254749568221,0.5382571220397949
0.8087972508591065,0.635146804835924,0.5383608341217041
0.808908441022821,0.635146804835924,0.5384678244590759
0.8096614368290669,0.635038860103627,0.5388063192367554
0.8097728836889195,0.635038860103627,0.5389962196350098
0.8098843612334802,0.635038860103627,0.539385974407196
0.8099958694754233,0.635038860103627,0.5395756363868713
0.8101074084274305,0.635038860103627,0.5396903157234192
0.8100812560253409,0.6349309153713298,0.539898157119751
0.8101928374655647,0.6349309153713298,0.5399741530418396
0.8101666896266704,0.6348229706390328,0.5405212640762329
0.8102783135850097,0.6348229706390328,0.5408990383148193
0.8103899683064627,0.6348229706390328,0.5410988926887512
0.8105016538037486,0.6348229706390328,0.5411821007728577
0.8104755341144039,0.6347150259067358,0.5411824584007263
0.81056114711154,0.6346070811744386,0.5415862202644348
0.810672917815775,0.6346070811744386,0.5416677594184875
0.8107847193490553,0.6346070811744386,0.5416833758354187
0.8107586206896552,0.6344991364421416,0.5420471429824829
0.8108704648917092,0.6344991364421416,0.5421233773231506
0.811094245894853,0.6344991364421416,0.5424873232841492
0.8112061827215015,0.6344991364421416,0.5426764488220215
0.8113181504485852,0.6344991364421416,0.5428661108016968
0.8114301490889012,0.6344991364421416,0.5429379940032959
0.8115421786552534,0.6344991364421416,0.5433701276779175
0.8117663306173181,0.6344991364421416,0.5437719821929932
0.8117403314917127,0.6343911917098446,0.5437828302383423
0.8118524658101948,0.6343911917098446,0.5440706014633179
0.8118264714009394,0.6342832469775475,0.5442497134208679
0.811938648611303,0.6342832469775475,0.5443141460418701
0.8120508568269762,0.6342832469775475,0.5443664789199829
0.8121630960608155,0.6342832469775475,0.5447700023651123
0.8122753663256843,0.6342832469775475,0.5454881191253662
0.8123876676344532,0.6342832469775475,0.5456451177597046
0.8126123634352095,0.6342832469775475,0.5458171963691711
0.8125864453665284,0.6341753022452504,0.5459742546081543
0.8125605201272652,0.6340673575129534,0.546040952205658
0.8126729385722191,0.6340673575129534,0.5462949872016907
0.8127853881278538,0.6340673575129534,0.5465234518051147
0.812759479656795,0.6339594127806563,0.546598494052887
0.8128719723183391,0.6339594127806563,0.5469640493392944
0.812984496124031,0.6339594127806563,0.5472738146781921
0.8130970510868061,0.6339594127806563,0.5474308729171753
0.8132096372196067,0.6339594127806563,0.5477036833763123
0.8131837695610026,0.6338514680483592,0.5477566123008728
0.8132963988919668,0.6338514680483592,0.5480250716209412
0.8132705360853304,0.6337435233160622,0.548105001449585
0.813383208645054,0.6337435233160622,0.5482564568519592
0.8134959124289871,0.6337435233160622,0.5485482811927795
0.8136086474501109,0.6337435233160622,0.5489917397499084
0.8135828135828136,0.6336355785837651,0.5491845011711121
0.8136955919046299,0.6336355785837651,0.5495389103889465
0.8138084014972965,0.6336355785837651,0.5495898127555847
0.8139212423738215,0.6336355785837651,0.5496611595153809
0.8140341145472195,0.6336355785837651,0.5497448444366455
0.8141470180305131,0.6336355785837651,0.5500280857086182
0.8142599528367319,0.6336355785837651,0.5503153204917908
0.8143729189789123,0.6336355785837651,0.5504156351089478
0.8144859164700985,0.6336355785837651,0.5506649017333984
0.8144344205412908,0.633419689119171,0.5509902238845825
0.8145474736257635,0.633419689119171,0.5512211918830872
0.8145217270581702,0.6333117443868739,0.5515527129173279
0.8146348236600944,0.6333117443868739,0.5517303347587585
0.8147479516733787,0.6333117443868739,0.5517720580101013
0.814974301986387,0.6333117443868739,0.5518303513526917
0.8149485968324535,0.6332037996545768,0.5519251823425293
0.814922884535223,0.6330958549222798,0.5520994067192078
0.8150361311839911,0.6330958549222798,0.5523555278778076
0.8151494093120223,0.6330958549222798,0.5530694723129272
0.8154894327030033,0.6330958549222798,0.553322434425354
0.8153610685960763,0.6325561312607945,0.5533261299133301
0.8154745338157529,0.6325561312607945,0.5536074638366699
0.8159287106655527,0.6325561312607945,0.554058849811554
0.8160423339367776,0.6325561312607945,0.5540620684623718
0.816016713091922,0.6324481865284974,0.5543388724327087
0.8159910851093467,0.6323402417962003,0.5546128153800964
0.8161047645583728,0.6323402417962003,0.5547598600387573
0.8160791417026613,0.6322322970639033,0.5547831058502197
0.8161928651059086,0.6322322970639033,0.5547943115234375
0.8163066202090592,0.6322322970639033,0.5552101731300354
0.8164204070253694,0.6322322970639033,0.5553296208381653
0.8165342255681026,0.6322322970639033,0.556256890296936
0.8166480758505298,0.6322322970639033,0.5564365983009338
0.8167619578859294,0.6322322970639033,0.5575354695320129
0.8169898172687962,0.6322322970639033,0.5576069951057434
0.8171037946428571,0.6322322970639033,0.5577552914619446
0.8170782754290498,0.6321243523316062,0.5580458045005798
0.8170527490929389,0.6320164075993091,0.5582006573677063
0.8171667829727843,0.6320164075993091,0.5585631132125854
0.8172808486878839,0.6320164075993091,0.5586613416671753
0.8173949462515706,0.6320164075993091,0.5588027238845825
0.8175090756771851,0.6320164075993091,0.5588935613632202
0.8175977653631284,0.6319084628670121,0.558905839920044
0.8175722866322112,0.631800518134715,0.5590465068817139
0.8175468007823414,0.6316925734024179,0.5591012835502625
0.8175213078105351,0.6315846286701209,0.5594822764396667
0.8176355505869201,0.6315846286701209,0.5596975684165955
0.8177498252969951,0.6315846286701209,0.5597172379493713
0.8178641319541515,0.6315846286701209,0.5598224997520447
0.8179784705717881,0.6315846286701209,0.5598486661911011
0.8180928411633109,0.6315846286701209,0.5600574612617493
0.8180674031603972,0.6314766839378239,0.5601972937583923
0.818041958041958,0.6313687392055267,0.5602551102638245
0.8182708449916061,0.6313687392055267,0.5604149103164673
0.8183853365048273,0.6313687392055267,0.5609490275382996
0.8184998600615729,0.6313687392055267,0.561198353767395
0.8186144156752974,0.6313687392055267,0.5615512728691101
0.8187290033594625,0.6313687392055267,0.561725914478302
0.8189582749929991,0.6313687392055267,0.5619912147521973
0.8190729589693321,0.6313687392055267,0.5619944334030151
0.819187675070028,0.6313687392055267,0.5620762705802917
0.8193024233085866,0.6313687392055267,0.5624096989631653
0.8192771084337349,0.6312607944732297,0.5626471638679504
0.8193919013591144,0.6312607944732297,0.5626853108406067
0.8195067264573991,0.6312607944732297,0.5632073879241943
0.8196215837421164,0.6312607944732297,0.563557505607605
0.8197364732268012,0.6312607944732297,0.5638890266418457
0.8198513949249965,0.6312607944732297,0.563927948474884
0.819826135726304,0.6311528497409327,0.5640143752098083
0.8199411022297013,0.6311528497409327,0.564703106880188
0.8200561009817672,0.6311528497409327,0.565149188041687
0.8201711319960724,0.6311528497409327,0.565704345703125
0.8202861952861953,0.6311528497409327,0.5658934116363525
0.8204012908657219,0.6311528497409327,0.5661206841468811
0.8205164187482459,0.6311528497409327,0.566162109375
0.8206315789473684,0.6311528497409327,0.5662578344345093
0.8206064008983717,0.6310449050086355,0.5666002035140991
0.8207216060648603,0.6310449050086355,0.5669171810150146
0.8208368435832631,0.6310449050086355,0.5671144127845764
0.8209521134672096,0.6310449050086355,0.5673307180404663
0.821067415730337,0.6310449050086355,0.5678218603134155
0.8210422812192724,0.6309369602763385,0.5678431391716003
0.8211576285473448,0.6309369602763385,0.5679284930229187
0.8212730082900098,0.6309369602763385,0.5683004260063171
0.8213884204609331,0.6309369602763385,0.5686118006706238
0.8215038650737878,0.6309369602763385,0.5686167478561401
0.8220315137872819,0.6307210708117443,0.5686501264572144
0.8221471788377656,0.6307210708117443,0.5687874555587769
0.822262876442443,0.6307210708117443,0.5690582990646362
0.8223786066150598,0.6307210708117443,0.5691301822662354
0.8226101647191327,0.6307210708117443,0.5691325664520264
0.8227259926781189,0.6307210708117443,0.569182813167572
0.8228418532601042,0.6307210708117443,0.569421648979187
0.8229577464788732,0.6307210708117443,0.5694245100021362
0.823073672348218,0.6307210708117443,0.5694478750228882
0.8230487461256693,0.6306131260794473,0.5695447325706482
0.8231647174862619,0.6306131260794473,0.5698390603065491
0.8231397970687712,0.6305051813471503,0.5699954628944397
0.8232558139534883,0.6305051813471503,0.5700219869613647
0.8232308993515647,0.6303972366148531,0.5701010227203369
0.8233469617933173,0.6303972366148531,0.5705286264419556
0.8234630569655951,0.6303972366148531,0.5707169771194458
0.8235791848822451,0.6303972366148531,0.5708188414573669
0.8236953455571228,0.6303972366148531,0.5709157586097717
0.8238115390040909,0.6303972366148531,0.5709858536720276
0.8239277652370203,0.6303972366148531,0.5720399022102356
0.8240440242697897,0.6303972366148531,0.5722094178199768
0.8241603161162856,0.6303972366148531,0.572273313999176
0.8242766407904023,0.6303972366148531,0.572382926940918
0.8245093886771142,0.6303972366148531,0.572559118270874
0.8246258119175374,0.6303972366148531,0.5726216435432434
0.8248587570621468,0.6303972366148531,0.5727150440216064
0.8249752789942082,0.6303972366148531,0.5732741951942444
0.8249505510031082,0.6302892918825561,0.5734710097312927
0.8250671188356649,0.6302892918825561,0.5734878778457642
0.825183719615602,0.6302892918825561,0.5736365914344788
0.8251590106007067,0.6301813471502591,0.5737152695655823
0.825275657336726,0.6301813471502591,0.5739285349845886
0.8253923370564117,0.6301813471502591,0.5742063522338867
0.8255090497737556,0.6301813471502591,0.5742647647857666
0.8254843727902701,0.6300734024179621,0.574517548084259
0.8254596888260255,0.6299654576856649,0.5750263333320618
0.8255764606026312,0.6299654576856649,0.5750774145126343
0.8256932654216186,0.6299654576856649,0.5752858519554138
0.8258101032970143,0.6299654576856649,0.5753095149993896
0.8259269742428531,0.6299654576856649,0.5757984519004822
0.8260438782731776,0.6299654576856649,0.5759610533714294
0.8261608154020385,0.6299654576856649,0.5762004256248474
0.8262777856434943,0.6299654576856649,0.5763362050056458
0.8262531860662702,0.6298575129533679,0.5763393640518188
0.8263702025208894,0.6298575129533679,0.5767253637313843
0.8266043348916277,0.6298575129533679,0.5767680406570435
0.8267214508359308,0.6298575129533679,0.5771902203559875
0.8268385999716593,0.6298575129533679,0.5773841142654419
0.8269557823129252,0.6298575129533679,0.5778751373291016
0.8270729978738484,0.6298575129533679,0.5782517194747925
0.8271902466685569,0.6298575129533679,0.5786886215209961
0.827894438138479,0.6298575129533679,0.5789868235588074
0.8280119199659429,0.6298575129533679,0.5789895057678223
0.8281294351405053,0.6298575129533679,0.5790002942085266
0.8282469836763662,0.6298575129533679,0.579251766204834
0.8283645655877342,0.6298575129533679,0.5796566605567932
0.8284821808888257,0.6298575129533679,0.57989501953125
0.8285998295938654,0.6298575129533679,0.580143928527832
0.828997867803838,0.6295336787564767,0.5802155137062073
0.8291157236280922,0.6295336787564767,0.5803003311157227
0.8293515358361775,0.6295336787564767,0.580410361289978
0.8294452347083926,0.6294257340241797,0.580456018447876
0.8295632380139423,0.6294257340241797,0.5804566740989685
0.8296812749003984,0.6294257340241797,0.5804591774940491
0.8297993453820977,0.6294257340241797,0.5804932713508606
0.8299174494733845,0.6294257340241797,0.5807183384895325
0.8300355871886121,0.6294257340241797,0.5811018943786621
0.8302719635483412,0.6294257340241797,0.5814759135246277
0.8302477926516661,0.6293177892918825,0.5816375613212585
0.8302236148696767,0.6292098445595855,0.5822880268096924
0.8301994301994302,0.6291018998272885,0.5824158191680908
0.8301752386379826,0.6289939550949913,0.5824602842330933
0.8304118569189112,0.6289939550949913,0.5824761390686035
0.8305302166476625,0.6289939550949913,0.5825517773628235
0.8306244653550042,0.6288860103626943,0.582632839679718
0.8307429060316555,0.6288860103626943,0.5830330848693848
0.8308613804905876,0.6288860103626943,0.583126962184906
0.8309798887462558,0.6288860103626943,0.5833094716072083
0.8312170067056641,0.6288860103626943,0.5834456086158752
0.8311929223744292,0.6287780656303973,0.5834487676620483
0.8313115455972598,0.6287780656303973,0.5834546685218811
0.8314302026834142,0.6287780656303973,0.5836989879608154
0.8315488936473947,0.6287780656303973,0.5837732553482056
0.8316676185037122,0.6287780656303973,0.5838997960090637
0.8317863772668856,0.6287780656303973,0.5841404795646667
0.8321428571428572,0.6287780656303973,0.5843170285224915
0.8322617516788112,0.6287780656303973,0.5843874216079712
0.8323806801943412,0.6287780656303973,0.5848715305328369
0.832499642704016,0.6287780656303973,0.584915280342102
0.8326186392224129,0.6287780656303973,0.5849980115890503
0.8325947105075053,0.6286701208981001,0.5853701829910278
0.8328328328328328,0.6286701208981001,0.5854578018188477
0.8328089244851259,0.6285621761658031,0.5856314897537231
0.8329280503504506,0.6285621761658031,0.5859453678131104
0.8330472103004292,0.6285621761658031,0.5861959457397461
0.8331664043496924,0.6285621761658031,0.5865942239761353
0.8332856325128792,0.6285621761658031,0.5867543816566467
0.8334048948046372,0.6285621761658031,0.58731609582901
0.8336435218324982,0.6285621761658031,0.5873173475265503
0.8336197021764032,0.6284542314335061,0.5873655080795288
0.8337390806243735,0.6284542314335061,0.5877282023429871
0.8339779401231915,0.6284542314335061,0.5877447724342346
0.8339541547277937,0.628346286701209,0.5878311395645142
0.8340736495199885,0.628346286701209,0.5883515477180481
0.8341931785611923,0.628346286701209,0.5889456868171692
0.8341694137881611,0.6282383419689119,0.5890576839447021
0.8342889908256881,0.6282383419689119,0.5891239047050476
0.8344086021505376,0.6282383419689119,0.5894284844398499
0.8345282477774592,0.6282383419689119,0.5898416042327881
0.8346242111302352,0.6281303972366149,0.5898884534835815
0.8347439391765887,0.6281303972366149,0.5901907682418823
0.8347202295552367,0.6280224525043178,0.590266764163971
0.8348400057397044,0.6280224525043178,0.5905425548553467
0.8349598163030999,0.6280224525043178,0.5906202793121338
0.8350796612602268,0.6280224525043178,0.5909377932548523
0.8350323043790381,0.6278065630397237,0.5912154912948608
0.8351522113727743,0.6278065630397237,0.5912340879440308
0.8352721528076978,0.6278065630397237,0.5915176868438721
0.8353921286986498,0.6278065630397237,0.5917773842811584
0.8355121390604798,0.6278065630397237,0.5919793248176575
0.8354885057471264,0.6276986183074266,0.59222412109375
0.8356085644489151,0.6276986183074266,0.5922868251800537
0.8355849382006324,0.6275906735751295,0.592551589012146
0.8357050452781372,0.6275906735751295,0.5926283597946167
0.8358251868890166,0.6275906735751295,0.5927411317825317
0.8359453630481668,0.6275906735751295,0.592773973941803
0.8360655737704918,0.6275906735751295,0.5929245948791504
0.8361622554660529,0.6274827288428325,0.5929844379425049
0.8362825492734858,0.6274827288428325,0.5933731198310852
0.8364028776978417,0.6274827288428325,0.59344881772995
0.8365232407540654,0.6274827288428325,0.5936422348022461
0.8364761767669497,0.6272668393782384,0.5936791300773621
0.8364526346098474,0.6271588946459413,0.5940999984741211
0.8365730741540677,0.6271588946459413,0.5941052436828613
0.8366935483870968,0.6271588946459413,0.594323456287384
0.8366700273656921,0.6270509499136442,0.5943843126296997
0.8367905502736963,0.6270509499136442,0.5944446921348572
0.8369111079095232,0.6270509499136442,0.594663143157959
0.8370317002881844,0.6270509499136442,0.5947961807250977
0.8371523274247009,0.6270509499136442,0.5948370099067688
0.837272989334102,0.6270509499136442,0.5949141383171082
0.8373936860314257,0.6270509499136442,0.5950096845626831
0.8376351838500361,0.6270509499136442,0.5951635241508484
0.8377559850014422,0.6270509499136442,0.5951833128929138
0.8378768210010097,0.6270509499136442,0.5952708721160889
0.8378534333525678,0.6269430051813472,0.595408022403717
0.8378300389554177,0.6268350604490501,0.5954197645187378
0.837950937950938,0.6268350604490501,0.5955979228019714
0.8384348830493792,0.6268350604490501,0.5956544876098633
0.8385326400924321,0.626727115716753,0.5956811904907227
0.8386537628195869,0.626727115716753,0.5958085060119629
0.8387749205431956,0.626727115716753,0.5961306691169739
0.8387516254876463,0.626619170984456,0.5964663624763489
0.8388728323699421,0.626619170984456,0.5968324542045593
0.8388495447318977,0.6265112262521589,0.5968421697616577
0.8388262503613761,0.6264032815198618,0.5968872308731079
0.8389475206014168,0.6264032815198618,0.5969027280807495
0.8390688259109311,0.6264032815198618,0.5970355272293091
0.8391901663051338,0.6264032815198618,0.5970511436462402
0.8391669077234597,0.6262953367875648,0.5970913767814636
0.8392882974106756,0.6262953367875648,0.5971817970275879
0.8392650462962963,0.6261873920552677,0.5974210500717163
0.8392417884531905,0.6260794473229706,0.5974896550178528
0.8392185238784371,0.6259715025906736,0.5975582599639893
0.8393399913156752,0.6259715025906736,0.597567617893219
0.8394382510496597,0.6258635578583766,0.5979478359222412
0.8394150014480162,0.6257556131260794,0.598060131072998
0.8396581691772885,0.6257556131260794,0.5985296368598938
0.8397798058815008,0.6257556131260794,0.5986288189888
0.8398782785103608,0.6256476683937824,0.5995312929153442
0.8398550724637681,0.6255397236614854,0.5996168851852417
0.8399768082330773,0.6255397236614854,0.6002680659294128
0.8400985792983473,0.6255397236614854,0.6004778146743774
0.8402203856749312,0.6255397236614854,0.6010310053825378
0.8403422273781903,0.6255397236614854,0.6011080145835876
0.8403190717911531,0.6254317789291882,0.6012736558914185
0.8404409631563678,0.6254317789291882,0.6013796925544739
0.8405628898882924,0.6254317789291882,0.6015441417694092
0.8408068495138586,0.6254317789291882,0.6021156907081604
0.8409288824383164,0.6254317789291882,0.6021168231964111
0.8410509507911162,0.6254317789291882,0.6024202704429626
0.8410278745644599,0.6253238341968912,0.6025931239128113
0.8411499927399448,0.6253238341968912,0.6026448607444763
0.8411269241940168,0.6252158894645942,0.6027774810791016
0.8412490922294844,0.6252158894645942,0.6031590700149536
0.8413482493098939,0.625107944732297,0.6032050251960754
0.8413251961639059,0.625,0.6038603186607361
0.8414474640313908,0.625,0.6040953993797302
0.8414244186046511,0.624892055267703,0.6052935123443604
0.8415467364442506,0.624892055267703,0.6054940819740295
0.8415236987496365,0.6247841105354058,0.6055509448051453
0.8414776032577079,0.6245682210708118,0.6057323217391968
0.8416,0.6245682210708118,0.60582035779953
0.8415769566482397,0.6244602763385146,0.6058563590049744
0.8419444040168825,0.6244602763385146,0.6058642268180847
0.8420669577874818,0.6244602763385146,0.6060062050819397
0.8421895472412287,0.6244602763385146,0.6060354113578796
0.8423121723937099,0.6244602763385146,0.6061351299285889
0.8424348332605214,0.6244602763385146,0.6063284873962402
0.8425575298572677,0.6244602763385146,0.6065662503242493
0.842680262199563,0.6244602763385146,0.6068729162216187
0.8428030303030303,0.6244602763385146,0.60698401927948
0.8427801253096313,0.6243523316062176,0.6071635484695435
0.8429029437481784,0.6243523316062176,0.6072437167167664
0.8430257979886314,0.6243523316062176,0.6074109673500061
0.8431486880466472,0.6243523316062176,0.6076657772064209
0.8431258200903922,0.6242443868739206,0.6076732873916626
0.8434947491248541,0.6242443868739206,0.6077384948730469
0.8434719183078045,0.6241364421416234,0.607868492603302
0.8435949810329735,0.6241364421416234,0.6079134941101074
0.8437180796731358,0.6241364421416234,0.6080887913703918
0.8438412142440164,0.6241364421416234,0.6081068515777588
0.8439643847613487,0.6241364421416234,0.6084223389625549
0.843941605839416,0.6240284974093264,0.6086745858192444
0.8440648269820412,0.6240284974093264,0.6087237596511841
0.8441880841121495,0.6240284974093264,0.6090666651725769
0.844311377245509,0.6240284974093264,0.6090961694717407
0.8444347063978965,0.6240284974093264,0.6091200709342957
0.8444119795471147,0.6239205526770294,0.6093360185623169
0.8445353594389247,0.6239205526770294,0.6095513701438904
0.8446587753909104,0.6239205526770294,0.6097075939178467
0.8446360713241742,0.6238126079447323,0.6101327538490295
0.8447595380792282,0.6238126079447323,0.6101884245872498
0.8448830409356726,0.6238126079447323,0.6103365421295166
0.8450065799093435,0.6238126079447323,0.6104719042778015
0.8451301550160866,0.6238126079447323,0.6109564304351807
0.8452537662717566,0.6238126079447323,0.6110208630561829
0.8452311293153891,0.6237046632124352,0.6111524105072021
0.845602224498756,0.6237046632124352,0.6117034554481506
0.8457259953161592,0.6237046632124352,0.6117038130760193
0.8458498023715415,0.6237046632124352,0.611753523349762
0.8459736456808199,0.6237046632124352,0.6118910908699036
0.8459510909357153,0.6235967184801382,0.6119236350059509
0.8460749853544229,0.6235967184801382,0.6129775643348694
0.8460524388457595,0.6234887737478411,0.6132067441940308
0.8460298857310284,0.623380829015544,0.6138396263122559
0.8461538461538461,0.623380829015544,0.6139137744903564
0.8462778429073857,0.623380829015544,0.6142937541007996
0.8462553129122087,0.623272884283247,0.6143816709518433
0.8463793608912342,0.623272884283247,0.61468106508255
0.846503445242633,0.623272884283247,0.6151823401451111
0.8464809384164222,0.6231649395509499,0.6154929995536804
0.8464584249890014,0.6230569948186528,0.615652322769165
0.8464359049574656,0.6229490500863558,0.6156650185585022
0.8465600704122048,0.6229490500863558,0.6158031821250916
0.846537558685446,0.6228411053540587,0.6158968806266785
0.8465150403521643,0.6227331606217616,0.6159725189208984
0.84663927208688,0.6227331606217616,0.6161513924598694
0.8467635402906208,0.6227331606217616,0.6163060069084167
0.846887844979448,0.6227331606217616,0.6166757345199585
0.8469897209985315,0.6226252158894646,0.6169398427009583
0.8471141136730798,0.6226252158894646,0.6171565651893616
0.8470916568742656,0.6225172711571675,0.6183786392211914
0.8472161010724254,0.6225172711571675,0.6184400916099548
0.8473405818395533,0.6225172711571675,0.6186668872833252
0.8474650991917707,0.6225172711571675,0.6190776824951172
0.8474426807760141,0.6224093264248705,0.6195241808891296
0.8474202557695134,0.6223013816925734,0.6197329759597778
0.8475448397530139,0.6223013816925734,0.619766891002655
0.8475224231730628,0.6221934369602763,0.619853138923645
0.8476470588235294,0.6221934369602763,0.6198729276657104
0.8477717311369319,0.6221934369602763,0.6199002265930176
0.8478964401294499,0.6221934369602763,0.6199291944503784
0.8478740620862145,0.6220854922279793,0.620137631893158
0.8479988228369629,0.6220854922279793,0.6206969618797302
0.8481236203090508,0.6220854922279793,0.6207589507102966
0.8481012658227848,0.6219775474956822,0.620941162109375
0.8482261151185043,0.6219775474956822,0.6210072636604309
0.8482037691401649,0.6218696027633851,0.6210684180259705
0.848328670298925,0.6218696027633851,0.6210713386535645
0.8483063328424153,0.6217616580310881,0.6211042404174805
0.8482616381850324,0.6215457685664939,0.6211047172546387
0.8483866214822454,0.6215457685664939,0.6213523149490356
0.8483642793987621,0.6214378238341969,0.6217750310897827
0.8486143867924528,0.6214378238341969,0.621858537197113
0.8487394957983193,0.6214378238341969,0.622029721736908
0.848864641698614,0.6214378238341969,0.6220622658729553
0.8489898245096593,0.6214378238341969,0.622340977191925
0.8491150442477876,0.6214378238341969,0.6223413944244385
0.8492403009293407,0.6214378238341969,0.6224046349525452
0.8493655945706698,0.6214378238341969,0.6225645542144775
0.8494909251881363,0.6214378238341969,0.6225712895393372
0.8494687131050768,0.6213298791018999,0.6226387023925781
0.8494464944649447,0.6212219343696027,0.622646152973175
0.8495718925302628,0.6212219343696027,0.6227486729621887
0.8495496825631182,0.6211139896373057,0.6229182481765747
0.8496751329001772,0.6211139896373057,0.6231520175933838
0.8498006202924235,0.6211139896373057,0.6234498620033264
0.8499261447562777,0.6211139896373057,0.6234878897666931
0.8500517063081696,0.6211139896373057,0.623877763748169
0.8500295508274232,0.6210060449050087,0.6240957379341125
0.8501551647702084,0.6210060449050087,0.624129056930542
0.8502808158439256,0.6210060449050087,0.6241945624351501
0.8502586844050258,0.6208981001727115,0.6243143677711487
0.8503843879361325,0.6208981001727115,0.6244269013404846
0.8505101286411356,0.6208981001727115,0.6247908473014832
0.8506359065365277,0.6208981001727115,0.6254296898841858
0.8507617216388108,0.6208981001727115,0.6257124543190002
0.8507396449704142,0.6207901554404145,0.6260799169540405
0.8508655126498003,0.6207901554404145,0.6262192130088806
0.8509914175791654,0.6207901554404145,0.6263567209243774
0.8509693651028563,0.6206822107081175,0.6265143156051636
0.8510953226761397,0.6206822107081175,0.6265503168106079
0.851221317542561,0.6206822107081175,0.6265938878059387
0.8511992893100385,0.6205742659758203,0.626682698726654
0.8511772545535318,0.6204663212435233,0.627039909362793
0.851303317535545,0.6204663212435233,0.6271697282791138
0.8514294178640202,0.6204663212435233,0.6272889375686646
0.8515555555555555,0.6204663212435233,0.627379298210144
0.8516817306267596,0.6204663212435233,0.6276333928108215
0.8518079430942501,0.6204663212435233,0.6279171705245972
0.8519341929746554,0.6204663212435233,0.6281549334526062
0.8520604802846131,0.6204663212435233,0.6284679770469666
0.8521868050407709,0.6204663212435233,0.6292023062705994
0.852164887307236,0.6203583765112263,0.6294941902160645
0.8521429630728162,0.6202504317789291,0.6295861005783081
0.8521210323346188,0.6201424870466321,0.6295881867408752
0.8520990950897493,0.6200345423143351,0.6297137141227722
0.8522255192878339,0.6200345423143351,0.6300438642501831
0.852351981006084,0.6200345423143351,0.6303271651268005
0.8524784802612051,0.6200345423143351,0.6303912997245789
0.8526050170699124,0.6200345423143351,0.630425214767456
0.852583135391924,0.6199265975820379,0.6304453611373901
0.8527097253155159,0.6199265975820379,0.6304505467414856
0.8528363528363528,0.6199265975820379,0.6305556297302246
0.8529193284801664,0.6197107081174439,0.6308000683784485
0.8530460624071322,0.6197107081174439,0.6308292150497437
0.8531728340020805,0.6197107081174439,0.6309375762939453
0.8532996432818074,0.6197107081174439,0.6310585141181946
0.8532778355879292,0.6196027633851469,0.6310951709747314
0.8534046981861433,0.6196027633851469,0.631218671798706
0.8535315985130112,0.6196027633851469,0.6313244104385376
0.8536585365853658,0.6196027633851469,0.6313633322715759
0.8536367692994199,0.6194948186528497,0.6322100758552551
0.8537420026781729,0.6193868739205527,0.6329134106636047
0.8538472987051644,0.6192789291882557,0.633276104927063
0.8539743971420065,0.6192789291882557,0.6333351731300354
0.8541015334226589,0.6192789291882557,0.6334915161132812
0.8542287075640262,0.6192789291882557,0.633537769317627
0.8541201013261809,0.6187392055267703,0.633699357509613
0.85424739195231,0.6187392055267703,0.6337679624557495
0.8543747205246683,0.6187392055267703,0.6338311433792114
0.8544803936186074,0.6186312607944733,0.6339440941810608
0.8544586937071279,0.6185233160621761,0.634352445602417
0.8544152744630071,0.6183074265975821,0.634391188621521
0.854542742055796,0.6183074265975821,0.6350278854370117
0.8545210384959714,0.618199481865285,0.6356012225151062
0.8546485599164304,0.618199481865285,0.6360442042350769
0.854776119402985,0.618199481865285,0.6364145278930664
0.8549037169726825,0.618199481865285,0.636841356754303
0.8548820543445804,0.6180915371329879,0.6370130777359009
0.8550097058384352,0.6180915371329879,0.6372762322425842
0.8551373954599761,0.6180915371329879,0.6373649835586548
0.8552651232262882,0.6180915371329879,0.6374030709266663
0.8552435016432626,0.6179835924006909,0.6375827789306641
0.8556053811659193,0.6178756476683938,0.6376713514328003
0.8555837942891314,0.6177677029360967,0.6378747820854187
0.8557117224880383,0.6177677029360967,0.6387163400650024
0.8558396889487064,0.6177677029360967,0.6388228535652161
0.8557965594614809,0.6175518134715026,0.6388283371925354
0.8557749850388988,0.6174438687392055,0.6389257311820984
0.8559030375579829,0.6174438687392055,0.6390631198883057
0.8558814726129901,0.6173359240069085,0.6393001079559326
0.8561377245508982,0.6173359240069085,0.6397014260292053
0.8561161850576433,0.6172279792746114,0.639726459980011
0.856094639113507,0.6171200345423143,0.6400469541549683
0.8562228545754081,0.6171200345423143,0.6405105590820312
0.8563511084481725,0.6171200345423143,0.6406605243682861
0.8564578963140546,0.6170120898100173,0.6409640312194824
0.8565862430690844,0.6170120898100173,0.641040563583374
0.8567146282973621,0.6170120898100173,0.6410563588142395
0.8566716641679161,0.6167962003454232,0.6412081122398376
0.8568001199580147,0.6167962003454232,0.641794741153717
0.8569286142771446,0.6167962003454232,0.6418255567550659
0.8570571471426429,0.6167962003454232,0.6420615315437317
0.8570357035703571,0.6166882556131261,0.6426515579223633
0.8570142535633909,0.616580310880829,0.6430668830871582
0.8569927971188476,0.616472366148532,0.6434718370437622
0.8569713342338287,0.6163644214162349,0.6435405015945435
0.8569498649054338,0.6162564766839378,0.6438463926315308
0.8569283891307612,0.6161485319516408,0.6438711285591125
0.857057057057057,0.6161485319516408,0.6443338394165039
0.8571857636281724,0.6161485319516408,0.6444111466407776
0.8573790201382627,0.6158246977547496,0.6445006728172302
0.8573575830452428,0.6157167530224525,0.644550085067749
0.8573361395069152,0.6156088082901554,0.6450173258781433
0.8574650428506991,0.6156088082901554,0.6450415253639221
0.8574436090225563,0.6155008635578584,0.6454684734344482
0.85742216874718,0.6153929188255614,0.6454750299453735
0.8575511432009627,0.6153929188255614,0.6455299854278564
0.8576801564615616,0.6153929188255614,0.645937979221344
0.8578092085464941,0.6153929188255614,0.646078884601593
0.8579382994732881,0.6153929188255614,0.6462400555610657
0.858433734939759,0.6152849740932642,0.6462662220001221
0.8585630366018979,0.6152849740932642,0.6462911367416382
0.8586923772220548,0.6152849740932642,0.6466547846794128
0.8588217568178393,0.6152849740932642,0.6469284296035767
0.8589511754068716,0.6152849740932642,0.647909939289093
0.8590806330067822,0.6152849740932642,0.6479640007019043
0.8590593910159783,0.6151770293609672,0.6483225226402283
0.8590381426202321,0.6150690846286702,0.648381233215332
0.859167671893848,0.6150690846286702,0.6485741138458252
0.8592972402352587,0.6150690846286702,0.6487486958503723
0.8594268476621418,0.6150690846286702,0.6492551565170288
0.8594056418766028,0.614961139896373,0.6492917537689209
0.8595353047676524,0.614961139896373,0.6494347453117371
0.8597947479625717,0.614961139896373,0.6496304869651794
0.8597735849056604,0.614853195164076,0.6496393084526062
0.8599033816425121,0.614853195164076,0.6497464179992676
0.8598822285973124,0.614745250431779,0.6499119400978088
0.8598610691633948,0.6146373056994818,0.6503778100013733
0.8599909379247848,0.6146373056994818,0.6507211923599243
0.8599697885196375,0.6145293609671848,0.6507909893989563
0.8599486327239765,0.6144214162348878,0.6508507132530212
0.8599274705349048,0.6143134715025906,0.6513500213623047
0.8600574278373886,0.6143134715025906,0.6513901948928833
0.8601874244256348,0.6143134715025906,0.6519345641136169
0.8603174603174604,0.6143134715025906,0.6521461009979248
0.8602963410946477,0.6142055267702936,0.6526796221733093
0.8603842081379519,0.6139896373056994,0.652783215045929
0.8605143721633888,0.6139896373056994,0.653292715549469
0.8606445755787563,0.6139896373056994,0.6538806557655334
0.8606234866828087,0.6138816925734024,0.654041051864624
0.8607537460269411,0.6138816925734024,0.6540579199790955
0.8608840448077505,0.6138816925734024,0.6544024348258972
0.8608629825889478,0.6137737478411054,0.6544405221939087
0.8608419139915203,0.6136658031088082,0.6545853614807129
0.86082083901257,0.6135578583765112,0.6546005606651306
0.8609512269009391,0.6135578583765112,0.6549211740493774
0.8609301620966521,0.6134499136442142,0.6550055742263794
0.8610606060606061,0.6134499136442142,0.6550930738449097
0.8611910895590241,0.6134499136442142,0.6552348732948303
0.8613216126098818,0.6134499136442142,0.6555930376052856
0.8614521752311657,0.6134499136442142,0.6557624936103821
0.8615827774408733,0.6134499136442142,0.6558900475502014
0.8615617892342684,0.6133419689119171,0.6558905243873596
0.8615407946618138,0.61323402417962,0.656004786491394
0.861671469740634,0.61323402417962,0.6564329862594604
0.8616504854368932,0.613126079447323,0.656577467918396
0.8616294947655895,0.6130181347150259,0.6566016674041748
0.861608497723824,0.6129101899827288,0.6566883325576782
0.861739262407042,0.6129101899827288,0.6574545502662659
0.8618700667880995,0.6129101899827288,0.6576771140098572
0.8618490967056323,0.6128022452504318,0.6578309535980225
0.8619799574855754,0.6128022452504318,0.6580597758293152
0.8621108580106303,0.6128022452504318,0.6581525206565857
0.8622417982989065,0.6128022452504318,0.6583091616630554
0.862372778368525,0.6128022452504318,0.6584680676460266
0.8625037982376177,0.6128022452504318,0.6585459113121033
0.8624829053335359,0.6126943005181347,0.6586096286773682
0.8624620060790273,0.6125863557858376,0.6587162613868713
0.862593099255206,0.6125863557858376,0.6587696075439453
0.8625722103982973,0.6124784110535406,0.6588659882545471
0.8625513151892961,0.6123704663212435,0.6589339375495911
0.8626824817518248,0.6123704663212435,0.6591814160346985
0.8628136882129278,0.6123704663212435,0.6592717170715332
0.8629449345908123,0.6123704663212435,0.6594018936157227
0.863076220903697,0.6123704663212435,0.6597684025764465
0.8632075471698113,0.6123704663212435,0.65984708070755
0.8631867295693197,0.6122625215889465,0.6598992943763733
0.8633181126331811,0.6122625215889465,0.6599200367927551
0.8634495356979753,0.6122625215889465,0.6600192189216614
0.8635809987819733,0.6122625215889465,0.6602209806442261
0.8635602253692706,0.6121545768566494,0.6603175401687622
0.8635186595582636,0.6119386873920553,0.6603274941444397
0.8634978671541743,0.6118307426597582,0.6604734659194946
0.8636294377571233,0.6118307426597582,0.6605656743049622
0.8637610484608351,0.6118307426597582,0.6607578992843628
0.8638926992836458,0.6118307426597582,0.6609305143356323
0.8640243902439024,0.6118307426597582,0.6609578132629395
0.8640036590943742,0.6117227979274611,0.6610317230224609
0.8639829216224458,0.6116148531951641,0.6610894799232483
0.8641146865944792,0.6116148531951641,0.6612424850463867
0.8642464917632703,0.6116148531951641,0.6612988710403442
0.8643783371472159,0.6116148531951641,0.6614392995834351
0.8643576441867562,0.611506908462867,0.6614489555358887
0.8643369449107279,0.6113989637305699,0.6617884635925293
0.8644688644688645,0.6113989637305699,0.6623781323432922
0.8646008243016333,0.6113989637305699,0.6624146699905396
0.8647328244274809,0.6113989637305699,0.6624264717102051
0.8648648648648649,0.6113989637305699,0.6628077626228333
0.8649969456322542,0.6113989637305699,0.6636211276054382
0.8649763250343668,0.6112910189982729,0.6637610197067261
0.8649556981362664,0.6111830742659758,0.6646931171417236
0.8650878533231474,0.6111830742659758,0.6649242043495178
0.8652200488997555,0.6111830742659758,0.6651900410652161
0.8651994497936726,0.6110751295336787,0.6653764843940735
0.8653317028431672,0.6110751295336787,0.6654136180877686
0.8654639963308363,0.6110751295336787,0.6656784415245056
0.8655963302752293,0.6110751295336787,0.6657845973968506
0.8655757761125554,0.6109671848013817,0.6658346652984619
0.865555215662282,0.6108592400690847,0.6661415100097656
0.8656876242924889,0.6108592400690847,0.6663070321083069
0.8658200734394125,0.6108592400690847,0.6668317317962646
0.8657995409334354,0.6107512953367875,0.6668763160705566
0.8657790021426385,0.6106433506044905,0.6669401526451111
0.8657584570641359,0.6105354058721935,0.6669512987136841
0.8658909981628904,0.6105354058721935,0.6672014594078064
0.8660235798499464,0.6105354058721935,0.6672330498695374
0.8662888650635626,0.6105354058721935,0.6675330996513367
0.8662683823529411,0.6104274611398963,0.6681954860687256
0.866247893366018,0.6103195164075993,0.6684544682502747
0.8663806313208704,0.6103195164075993,0.668583869934082
0.8665134099616858,0.6103195164075993,0.6686294674873352
0.8666462293071735,0.6103195164075993,0.668917715549469
0.8666257856814349,0.6102115716753023,0.6689714193344116
0.8666053357865685,0.6101036269430051,0.6691274046897888
0.8667382303327711,0.6101036269430051,0.6693717837333679
0.8668711656441718,0.6101036269430051,0.6694044470787048
0.8668507439791379,0.6099956822107081,0.6695378422737122
0.8669837373427431,0.6099956822107081,0.6698751449584961
0.8671167715206384,0.6099956822107081,0.6700888276100159
0.8670963781461019,0.6098877374784111,0.670124888420105
0.8670759785111282,0.6097797927461139,0.670312762260437
0.8672090881178999,0.6097797927461139,0.6703569293022156
0.8673422385997236,0.6097797927461139,0.6707414388656616
0.8674754299754299,0.6097797927461139,0.6710860729217529
0.8676086622638611,0.6097797927461139,0.6710938215255737
0.867741935483871,0.6097797927461139,0.6717017292976379
0.8678752496543248,0.6097797927461139,0.6719343662261963
0.8681420009220839,0.6097797927461139,0.6721967458724976
0.8681217337841992,0.6096718480138169,0.6723686456680298
0.8682551883166795,0.6096718480138169,0.6727087497711182
0.8685222205136091,0.6096718480138169,0.6727727055549622
0.8686557982159335,0.6096718480138169,0.6729780435562134
0.8686355945239194,0.6095639032815199,0.6729846000671387
0.8687692307692307,0.6095639032815199,0.6730449199676514
0.8687490383135867,0.6094559585492227,0.6733448505401611
0.8687288396429671,0.6093480138169257,0.6735904812812805
0.8687086347545021,0.6092400690846287,0.6737114191055298
0.8689761354888376,0.6092400690846287,0.6738263964653015
0.8689559593470896,0.6091321243523317,0.6742649078369141
0.8690897890035423,0.6091321243523317,0.6747821569442749
0.8692236598890942,0.6091321243523317,0.6748425960540771
0.8692035125558466,0.6090241796200345,0.6748819351196289
0.8694714131607335,0.6090241796200345,0.6750094294548035
0.8696054254007398,0.6090241796200345,0.6751384735107422
0.8697394789579158,0.6090241796200345,0.6752424836158752
0.8698735738513722,0.6090241796200345,0.6753459572792053
0.8698535080956052,0.6089162348877375,0.6753937005996704
0.8699876619370759,0.6089162348877375,0.6762517690658569
0.8701218571648928,0.6089162348877375,0.676324725151062
0.8701018204257945,0.6088082901554405,0.6763520836830139
0.8701960179039975,0.6085924006908463,0.676663875579834
0.870330348873109,0.6085924006908463,0.6767580509185791
0.8704647213215995,0.6085924006908463,0.6767614483833313
0.8705991352686844,0.6085924006908463,0.6768100261688232
0.870713623725672,0.6084844559585493,0.6769739389419556
0.870693650548432,0.6083765112262521,0.6776701211929321
0.8708281829419036,0.6083765112262521,0.6778281927108765
0.870962756915469,0.6083765112262521,0.6783401370048523
0.8709228628845262,0.6081606217616581,0.6785020232200623
0.8710575139146568,0.6081606217616581,0.678608775138855
0.8711922065872894,0.6081606217616581,0.6786510348320007
0.8713269409217446,0.6081606217616581,0.6788387894630432
0.871307037896365,0.6080526770293609,0.6791040897369385
0.8714418316831684,0.6080526770293609,0.6791636347770691
0.8714219402754139,0.6079447322970639,0.6792083978652954
0.8715567935623646,0.6079447322970639,0.6792309284210205
0.871536913790435,0.6078367875647669,0.6797542572021484
0.871517027863777,0.6077288428324698,0.6798211932182312
0.8719021065675341,0.6076208981001727,0.6798707246780396
0.8720371804802479,0.6076208981001727,0.6802695393562317
0.8721722962503874,0.6076208981001727,0.6806308627128601
0.8721326720396776,0.6074050086355786,0.6806350350379944
0.8721128507208185,0.6072970639032815,0.6808833479881287
0.8722480620155039,0.6072970639032815,0.6812030076980591
0.8723833152426733,0.6072970639032815,0.6815049648284912
0.8725186104218362,0.6072970639032815,0.6821427941322327
0.8726539475725144,0.6072970639032815,0.6827398538589478
0.8727893267142414,0.6072970639032815,0.6828760504722595
0.8727695888285493,0.6071891191709845,0.6831151247024536
0.8727498448168839,0.6070811744386874,0.6832491755485535
0.8728853018780072,0.6070811744386874,0.683418333530426
0.8730208009934803,0.6070811744386874,0.6836154460906982
0.8731563421828908,0.6070811744386874,0.6836540102958679
0.8732919254658386,0.6070811744386874,0.6837003231048584
0.8734275508619351,0.6070811744386874,0.6837930679321289
0.8735632183908046,0.6070811744386874,0.6838763952255249
0.8735239279055313,0.6068652849740933,0.6838796138763428
0.8736596736596737,0.6068652849740933,0.6839805245399475
0.8737954616101958,0.6068652849740933,0.6841222047805786
0.8737758433079434,0.6067573402417962,0.6846311092376709
0.8739116915422885,0.6067573402417962,0.6846508383750916
0.8740475820245684,0.6067573402417962,0.6847289800643921
0.8741835147744945,0.6067573402417962,0.6849794983863831
0.8743194898117903,0.6067573402417962,0.6853444576263428
0.8742999377722465,0.6066493955094991,0.6853832602500916
0.8742803796483585,0.6065414507772021,0.6853997707366943
0.8744164332399627,0.6065414507772021,0.6860108971595764
0.8745525291828794,0.6065414507772021,0.6862459778785706
0.8745330012453301,0.606433506044905,0.6869663596153259
0.8746691577144636,0.606433506044905,0.6870320439338684
0.8746301199190157,0.6062176165803109,0.6870837807655334
0.8747468453030067,0.6061096718480138,0.6871873736381531
0.8747273293861015,0.6060017271157168,0.6873014569282532
0.8747078073866292,0.6058937823834197,0.6873527765274048
0.8748441396508728,0.6058937823834197,0.6877759099006653
0.8749805144193297,0.6058937823834197,0.6878482699394226
0.8749610227627066,0.6057858376511226,0.6880070567131042
0.8749415250272883,0.6056778929188256,0.6883490681648254
0.8749220212102308,0.6055699481865285,0.6884547472000122
0.8750584932147871,0.6055699481865285,0.6887699961662292
0.875195007800312,0.6055699481865285,0.688885509967804
0.8753315649867374,0.6055699481865285,0.6889145970344543
0.8754681647940075,0.6055699481865285,0.6890110969543457
0.875604807242079,0.6055699481865285,0.6895021200180054
0.8755853886980955,0.6054620034542314,0.6896418929100037
0.8755659640905542,0.6053540587219344,0.6899207234382629
0.8755465334166146,0.6052461139896373,0.6900268197059631
0.8755270966734343,0.6051381692573402,0.6905486583709717
0.8756638550452983,0.6051381692573402,0.6906789541244507
0.8758793184305143,0.604814335060449,0.6908992528915405
0.8758599124452783,0.604706390328152,0.6912647485733032
0.8759968725566849,0.604706390328152,0.691557765007019
0.876133875508289,0.604706390328152,0.6922558546066284
0.8762709213201939,0.604706390328152,0.6926029920578003
0.8762515644555695,0.604598445595855,0.6927052736282349
0.8763886715693945,0.604598445595855,0.6928675174713135
0.8765258215962441,0.604598445595855,0.6932516098022461
0.876506495539208,0.6044905008635578,0.6940520405769348
0.876487163431434,0.6043825561312608,0.6942259073257446
0.8766243932988884,0.6043825561312608,0.6944426894187927
0.8766050735984967,0.6042746113989638,0.694452166557312
0.876742364917776,0.6042746113989638,0.6946000456809998
0.8768796992481203,0.6042746113989638,0.694877028465271
0.8768604104652985,0.6041666666666666,0.6953238844871521
0.8768411156377311,0.6040587219343696,0.6954324245452881
0.8768218147625764,0.6039507772020726,0.695550799369812
0.8768025078369905,0.6038428324697754,0.6959625482559204
0.877038895859473,0.6036269430051814,0.6960042715072632
0.8773140884844681,0.6036269430051814,0.6964210867881775
0.877451749568492,0.6036269430051814,0.696561872959137
0.8775894538606404,0.6036269430051814,0.6969103813171387
0.8775702401506827,0.6035189982728842,0.6969412565231323
0.8777080062794349,0.6035189982728842,0.6969689726829529
0.8778458156696499,0.6035189982728842,0.697336733341217
0.8778266331658291,0.6034110535405872,0.697432279586792
0.8778074446364065,0.6033031088082902,0.6975025534629822
0.8777882500785422,0.603195164075993,0.697829008102417
0.8777690494893952,0.603087219343696,0.6981008648872375
0.8777498428661219,0.602979274611399,0.6981131434440613
0.8780257780572147,0.602979274611399,0.6981594562530518
0.878006602735419,0.6028713298791019,0.6982819437980652
0.8785208497246263,0.6026554404145078,0.698338508605957
0.8785017311929493,0.6025474956822107,0.6984940767288208
0.878640012592476,0.6025474956822107,0.6985883116722107
0.8787783375314862,0.6025474956822107,0.6987769603729248
0.8789167060305464,0.6025474956822107,0.6987943649291992
0.8790551181102362,0.6025474956822107,0.6991907954216003
0.8791935737911483,0.6025474956822107,0.6994584798812866
0.8794326241134752,0.6023316062176166,0.6995157599449158
0.8795712484237075,0.6023316062176166,0.6995855569839478
0.8804039129062796,0.6023316062176166,0.6997937560081482
0.8805428436168534,0.6023316062176166,0.6998401880264282
0.88052398989899,0.6022236614853195,0.700218677520752
0.8806629834254144,0.6022236614853195,0.7003562450408936
0.8806441427218188,0.6021157167530224,0.7009581327438354
0.880783199115743,0.6021157167530224,0.7012330293655396
0.8809222994314593,0.6021157167530224,0.7014515995979309
0.8810426540284361,0.6020077720207254,0.7015171051025391
0.8810238584294517,0.6018998272884283,0.701528012752533
0.8813023549865655,0.6018998272884283,0.701665997505188
0.8814416693012962,0.6018998272884283,0.7016947865486145
0.8814229249011858,0.6017918825561313,0.7017642855644226
0.881562302340291,0.6017918825561313,0.7019083499908447
0.8815435710896726,0.6016839378238342,0.7020031213760376
0.8815248339133186,0.6015759930915371,0.7020182013511658
0.8815060908084164,0.6014680483592401,0.7020806074142456
0.8814873417721519,0.601360103626943,0.7021451592445374
0.8816268396898244,0.601360103626943,0.7023590803146362
0.8816081038303261,0.6012521588946459,0.7023690938949585
0.8817476650308691,0.6012521588946459,0.7024343013763428
0.8817289423685877,0.6011442141623489,0.7025873064994812
0.8820082356667722,0.6011442141623489,0.7025942802429199
0.8821479486773325,0.6011442141623489,0.7031912207603455
0.8822877059569075,0.6011442141623489,0.7032299637794495
0.882427507526541,0.6011442141623489,0.7033645510673523
0.88239023617055,0.6009283246977547,0.7034647464752197
0.8823715916296766,0.6008203799654577,0.7035818099975586
0.8825114951641034,0.6008203799654577,0.7038863897323608
0.882651443070092,0.6008203799654577,0.7042809128761292
0.8826328310864393,0.6007124352331606,0.704322874546051
0.8827728426395939,0.6007124352331606,0.7044570446014404
0.8827542440107885,0.6006044905008635,0.7049646377563477
0.8827356394795303,0.6004965457685665,0.7051472663879395
0.8827170290430091,0.6003886010362695,0.7054513096809387
0.8828571428571429,0.6003886010362695,0.7056402564048767
0.8829973011589141,0.6003886010362695,0.7056460976600647
0.8829787234042553,0.6002806563039723,0.7064563035964966
0.8829601397490868,0.6001727115716753,0.7065224051475525
0.8831003811944091,0.6001727115716753,0.7066722512245178
0.8832221163012393,0.6000647668393783,0.7066948413848877
0.8833624662323216,0.6000647668393783,0.7068517208099365
0.8833439287984742,0.5999568221070811,0.7069032788276672
0.8833253854713082,0.5998488773747841,0.7070029973983765
0.8834658187599365,0.5998488773747841,0.7070555686950684
0.8836062967085387,0.5998488773747841,0.7070760726928711
0.8835877862595419,0.5997409326424871,0.7074771523475647
0.8837283282964848,0.5997409326424871,0.7077105045318604
0.8836913285600636,0.5995250431778929,0.7077420949935913
0.8838319541693189,0.5995250431778929,0.7079024910926819
0.8839726245424161,0.5995250431778929,0.7079364061355591
0.8841133397007322,0.5995250431778929,0.7080886960029602
0.8842540996656584,0.5995250431778929,0.7080930471420288
0.884217232043319,0.5993091537132987,0.7085065841674805
0.884358075820325,0.5993091537132987,0.7085461616516113
0.8843396527003345,0.5992012089810017,0.7087966203689575
0.884321223709369,0.5990932642487047,0.7089101672172546
0.8848852040816326,0.5990932642487047,0.7089689373970032
0.8850079744816587,0.5989853195164075,0.7090870141983032
0.8851491465943532,0.5989853195164075,0.7100011110305786
0.8851124940162757,0.5987694300518135,0.7101999521255493
0.8852537503989786,0.5987694300518135,0.7104577422142029
0.8852354349561053,0.5986614853195165,0.7105194926261902
0.8855181223056043,0.5986614853195165,0.7108038663864136
0.885659533695305,0.5986614853195165,0.7115746140480042
0.8856412713624022,0.5985535405872193,0.711726725101471
0.8856230031948882,0.5984455958549223,0.7118175625801086
0.8855864493448387,0.5982297063903281,0.7118359804153442
0.8857279846571839,0.5982297063903281,0.7120041847229004
0.8857097186700768,0.5981217616580311,0.7120847105979919
0.8858513189448441,0.5981217616580311,0.712134838104248
0.8858330668372242,0.5980138169257341,0.7122141122817993
0.8859747321285782,0.5980138169257341,0.7124760746955872
0.8861164427383237,0.5980138169257341,0.7125042676925659
0.8862581986882099,0.5980138169257341,0.7128949761390686
0.8864,0.5980138169257341,0.7132021188735962
0.8863818210913746,0.5979058721934369,0.7132692933082581
0.8863636363636364,0.5977979274611399,0.7135400772094727
0.8863454458139907,0.5976899827288429,0.7136179804801941
0.8863272494396414,0.5975820379965457,0.7137553095817566
0.8863090472377902,0.5974740932642487,0.7137873768806458
0.8862908392056374,0.5973661485319517,0.7139168977737427
0.8864328047413103,0.5973661485319517,0.714093029499054
0.8863782051282051,0.5970423143350605,0.7142403721809387
0.886520275685206,0.5970423143350605,0.7143139839172363
0.8866623917922412,0.5970423143350605,0.7144008874893188
0.8868045534712201,0.5970423143350605,0.7145804166793823
0.8867864015394483,0.5969343696027634,0.7146319150924683
0.8869286287089013,0.5969343696027634,0.7146701812744141
0.8870709015078602,0.5969343696027634,0.7147841453552246
0.8872132199582865,0.5969343696027634,0.7151526808738708
0.8873555840821566,0.5969343696027634,0.7151629328727722
0.8873375060182956,0.5968264248704663,0.7152870893478394
0.8873194221508828,0.5967184801381693,0.7155892252922058
0.8874618718895488,0.5967184801381693,0.7158150672912598
0.8876043673731535,0.5967184801381693,0.7158225774765015
0.8877469086237354,0.5967184801381693,0.7162792682647705
0.8878894956633473,0.5967184801381693,0.7164422273635864
0.8880321285140562,0.5967184801381693,0.7164766192436218
0.8881748071979434,0.5967184801381693,0.7166005969047546
0.8883175317371043,0.5967184801381693,0.7167019248008728
0.8884603021536484,0.5967184801381693,0.7170838117599487
0.8887459807073955,0.5967184801381693,0.7170859575271606
0.8887280913330118,0.5966105354058722,0.7176600098609924
0.8887101962045674,0.5965025906735751,0.717920184135437
0.8888531446035065,0.5965025906735751,0.718316376209259
0.888996138996139,0.5965025906735751,0.71835857629776
0.8891391794046661,0.5965025906735751,0.7186968326568604
0.8892644455174634,0.5963946459412781,0.7191509008407593
0.889407598197038,0.5963946459412781,0.7191560864448547
0.8893897923039769,0.596286701208981,0.7194178700447083
0.8895330112721417,0.596286701208981,0.719441831111908
0.889676276373007,0.596286701208981,0.719698429107666
0.8896585051546392,0.596178756476684,0.7197195887565613
0.8899452143087335,0.596178756476684,0.7200218439102173
0.8900886381950041,0.596178756476684,0.7200613021850586
0.8902321083172147,0.596178756476684,0.7201239466667175
0.8902144123811059,0.5960708117443869,0.7202515602111816
0.8903579490486939,0.5960708117443869,0.7204588651657104
0.8905015320109659,0.5960708117443869,0.7204709053039551
0.890483870967742,0.5959628670120898,0.7206588387489319
0.8904662042264881,0.5958549222797928,0.7207388877868652
0.8904485317844466,0.5957469775474957,0.7207722067832947
0.890592222042924,0.5957469775474957,0.7210259437561035
0.8907359586830214,0.5957469775474957,0.7211570739746094
0.8908797417271993,0.5957469775474957,0.7212795615196228
0.8908621246367452,0.5956390328151986,0.7212991714477539
0.8908445018569352,0.5955310880829016,0.7213672995567322
0.8909883720930233,0.5955310880829016,0.7214171886444092
0.8911322888063318,0.5955310880829016,0.7214779853820801
0.8912762520193861,0.5955310880829016,0.7215263247489929
0.8914202617547261,0.5955310880829016,0.7216609716415405
0.8915643180349063,0.5955310880829016,0.7217375040054321
0.8917084208824956,0.5955310880829016,0.7219563126564026
0.8916909149692854,0.5954231433506045,0.722146213054657
0.8916734033953112,0.5953151986183074,0.722459614276886
0.8916558861578266,0.5952072538860104,0.7228858470916748
0.8916383632540837,0.5950993091537133,0.7233269214630127
0.8917825946295698,0.5950993091537133,0.7233734726905823
0.8919268726743246,0.5950993091537133,0.7235180139541626
0.8919093851132686,0.5949913644214162,0.7238781452178955
0.8920537303770837,0.5949913644214162,0.7240108251571655
0.892018779342723,0.5947754749568221,0.7240787148475647
0.8920012953367875,0.594667530224525,0.7240959405899048
0.8924347966952859,0.594667530224525,0.7241652011871338
0.8925619834710744,0.594559585492228,0.7243292331695557
0.8925445705024311,0.594451640759931,0.724610447883606
0.8925271518884746,0.5943436960276338,0.7248262166976929
0.8926718547341116,0.5943436960276338,0.7249441742897034
0.8928166045078645,0.5943436960276338,0.7251660823822021
0.8929614012325657,0.5943436960276338,0.7252854108810425
0.8931062449310625,0.5943436960276338,0.7252857685089111
0.8930889033095393,0.5942357512953368,0.7254586815834045
0.8932338147006328,0.5942357512953368,0.7255828976631165
0.8933787731256085,0.5942357512953368,0.7257677912712097
0.893523778607369,0.5942357512953368,0.726456880569458
0.8936688311688312,0.5942357512953368,0.726586103439331
0.8936515668127943,0.5941278065630398,0.7272275686264038
0.8937966872361156,0.5941278065630398,0.7278208136558533
0.8937794380380055,0.5940198618307426,0.7278280258178711
0.8939246263807668,0.5940198618307426,0.7279658913612366
0.8940698619008935,0.5940198618307426,0.7286787629127502
0.8940526486837829,0.5939119170984456,0.7288657426834106
0.89419795221843,0.5939119170984456,0.7294268012046814
0.8941807542262679,0.5938039723661486,0.7294354438781738
0.894163550642172,0.5936960276338514,0.7294987440109253
0.8943089430894309,0.5936960276338514,0.7296220660209656
0.8942917547568711,0.5935880829015544,0.7296975255012512
0.8945827232796486,0.5935880829015544,0.7297373414039612
0.8945655711031565,0.5934801381692574,0.7298269867897034
0.8945484133441822,0.5933721934369602,0.7298351526260376
0.8946940104166666,0.5933721934369602,0.7299602031707764
0.8946768679798144,0.5932642487046632,0.7302978038787842
0.8946597199609247,0.5931563039723662,0.730575442314148
0.8946425663572708,0.593048359240069,0.730652928352356
0.8946254071661238,0.592940414507772,0.7306910753250122
0.8947711353640658,0.592940414507772,0.7307361364364624
0.894753991528185,0.592832469775475,0.7307802438735962
0.8948997881701157,0.592832469775475,0.7307859063148499
0.8948826597131682,0.5927245250431779,0.7309107184410095
0.8950114118030649,0.5926165803108808,0.7310894727706909
0.894994293168107,0.5925086355785838,0.7312049269676208
0.8949771689497716,0.5924006908462867,0.731841504573822
0.8949600391453271,0.5922927461139896,0.7319689393043518
0.8949429037520391,0.5921848013816926,0.7322014570236206
0.8949257627671725,0.5920768566493955,0.7322373986244202
0.8950718015665796,0.5920768566493955,0.7325533628463745
0.8952178880365594,0.5920768566493955,0.7325612902641296
0.8953469387755102,0.5919689119170984,0.7329939007759094
0.8954931417374266,0.5919689119170984,0.7330328226089478
0.895639392454679,0.5919689119170984,0.7330958843231201
0.8956223456386802,0.5918609671848014,0.7333391904830933
0.8956052932527365,0.5917530224525043,0.7334569096565247
0.8957516339869281,0.5917530224525043,0.7334654927253723
0.8958980225527047,0.5917530224525043,0.7336352467536926
0.8960444589735208,0.5917530224525043,0.7338089346885681
0.8960274644433546,0.5916450777202072,0.7339024543762207
0.8966759456361553,0.5911053540587219,0.7339628338813782
0.8966590239109073,0.5909974093264249,0.7341511845588684
0.8968058968058968,0.5909974093264249,0.7342341542243958
0.8969528178243774,0.5909974093264249,0.7343385219573975
0.8970997869900049,0.5909974093264249,0.7348765730857849
0.8973938698574004,0.5909974093264249,0.7351017594337463
0.8975409836065574,0.5909974093264249,0.735174298286438
0.897524184292507,0.5908894645941278,0.7363315224647522
0.8975073794686782,0.5907815198618307,0.7366288304328918
0.8976545842217484,0.5907815198618307,0.7368813753128052
0.8976377952755905,0.5906735751295337,0.7369399070739746
0.8976210008203446,0.5905656303972366,0.7369695901870728
0.8977682966852641,0.5905656303972366,0.737053632736206
0.8982104744705303,0.5905656303972366,0.7372044324874878
0.8981937602627258,0.5904576856649395,0.7377355694770813
0.8981770405649532,0.5903497409326425,0.7381992936134338
0.8983245729303548,0.5903497409326425,0.7382965683937073
0.8984721537703302,0.5903497409326425,0.7385680675506592
0.8986197831087742,0.5903497409326425,0.7387792468070984
0.8986031224322103,0.5902417962003454,0.7389140725135803
0.8987508218277449,0.5902417962003454,0.7390841245651245
0.8987341772151899,0.5901338514680483,0.7391468286514282
0.89888194672805,0.5901338514680483,0.7391824126243591
0.8993255469649614,0.5901338514680483,0.7392154335975647
0.8994735110233629,0.5901338514680483,0.7394592761993408
0.8994569688991279,0.5900259067357513,0.7395099401473999
0.8994404213298223,0.5899179620034543,0.7397090196609497
0.899407309845242,0.5897020725388601,0.7397399544715881
0.8993907459245842,0.5895941278065631,0.7398500442504883
0.8995388669301713,0.5895941278065631,0.7400089502334595
0.8996870367320046,0.5895941278065631,0.740139901638031
0.899835255354201,0.5895941278065631,0.7403510212898254
0.8998187510298237,0.5894861830742659,0.7407236695289612
0.8999670402109426,0.5894861830742659,0.7409435510635376
0.8999505521674633,0.5893782383419689,0.7417268753051758
0.8999340586877679,0.5892702936096719,0.7420901656150818
0.8999175597691673,0.5891623488773747,0.7420904636383057
0.900065963060686,0.5891623488773747,0.7421616911888123
0.9001979544704718,0.5890544041450777,0.7423762679100037
0.9001814882032668,0.5889464594127807,0.7424997687339783
0.9001650165016502,0.5888385146804835,0.7429674863815308
0.9003135830995214,0.5888385146804835,0.7432430386543274
0.9004621987454605,0.5888385146804835,0.7436805367469788
0.9004457652303121,0.5887305699481865,0.7438735365867615
0.9004293262879789,0.5886226252158895,0.7443270683288574
0.900578034682081,0.5886226252158895,0.7443581223487854
0.9007103915413844,0.5885146804835925,0.7443715333938599
0.9006939854593523,0.5884067357512953,0.7450231909751892
0.9006775739547183,0.5882987910189983,0.7451125979423523
0.9008264462809917,0.5882987910189983,0.7453529238700867
0.9009753678293932,0.5882987910189983,0.7454370856285095
0.9009589947089947,0.5881908462867013,0.7454828023910522
0.9011079874317843,0.5881908462867013,0.7455905675888062
0.9012570294409527,0.5881908462867013,0.7457517981529236
0.9012406947890819,0.5880829015544041,0.7460452914237976
0.9013898080741231,0.5880829015544041,0.7463599443435669
0.9015389707099123,0.5880829015544041,0.7465177774429321
0.901522674611056,0.5879749568221071,0.7465258836746216
0.9016719086243999,0.5879749568221071,0.7465342879295349
0.9018211920529802,0.5879749568221071,0.746576726436615
0.9018049345918199,0.5878670120898101,0.7472339272499084
0.9017886717456112,0.5877590673575129,0.7474274039268494
0.901921802518224,0.5876511226252159,0.7479999661445618
0.9020712510356255,0.5876511226252159,0.7481308579444885
0.9020550215445807,0.5875431778929189,0.7485419511795044
0.9022045416873861,0.5875431778929189,0.7486101984977722
0.9025037307245897,0.5875431778929189,0.7486352920532227
0.902653399668325,0.5875431778929189,0.7486420273780823
0.9026372532758334,0.5874352331606217,0.7487863898277283
0.902621101526211,0.5873272884283247,0.7488808631896973
0.9026049444167911,0.5872193436960277,0.748944878578186
0.9025887819449054,0.5871113989637305,0.7493132948875427
0.9025564409030544,0.5868955094991365,0.7494672536849976
0.9025402623277436,0.5867875647668394,0.7500244379043579
0.902524078379276,0.5866796200345423,0.7504862546920776
0.9025078890549743,0.5865716753022453,0.7505020499229431
0.90265780730897,0.5865716753022453,0.7510952949523926
0.9027916251246261,0.5864637305699482,0.7511171102523804
0.9027754695030746,0.5863557858376511,0.7512413263320923
0.9029255319148937,0.5863557858376511,0.7514240741729736
0.9030756442227764,0.5863557858376511,0.7518013119697571
0.90305952776854,0.5862478411053541,0.7520314455032349
0.9032097122900382,0.5862478411053541,0.7520909905433655
0.9031936127744511,0.586139896373057,0.7522864937782288
0.9031775079021793,0.5860319516407599,0.7523000836372375
0.903161397670549,0.5859240069084629,0.7523971796035767
0.9031452820768847,0.5858160621761658,0.7525153160095215
0.9031291611185086,0.5857081174438687,0.7528347373008728
0.9032795072415515,0.5857081174438687,0.7528438568115234
0.9034299034299035,0.5857081174438687,0.7528766989707947
0.9034138218151541,0.5856001727115717,0.7530171275138855
0.9033977348434377,0.5854922279792746,0.7531029582023621
0.9033816425120773,0.5853842832469776,0.7538164854049683
0.9033655448183938,0.5852763385146805,0.7538694143295288
0.9033494417597067,0.5851683937823834,0.7539650797843933
0.9035,0.5851683937823834,0.7539962530136108
0.9036506084347391,0.5851683937823834,0.7540087103843689
0.9036024016010674,0.5848445595854922,0.7540377378463745
0.9035863219349458,0.5847366148531952,0.7543894648551941
0.9035702369035702,0.5846286701208981,0.7544094324111938
0.9037210078424829,0.5846286701208981,0.7544496059417725
0.9037049399198932,0.584520725388601,0.7544702887535095
0.9038557836755132,0.584520725388601,0.7551608681678772
0.9038397328881469,0.584412780656304,0.7552719116210938
0.9038236767406913,0.584304835924007,0.7554563283920288
0.9038076152304609,0.5841968911917098,0.755586564540863
0.9037915483547687,0.5840889464594128,0.7558677196502686
0.9037754761109255,0.5839810017271158,0.7559061050415039
0.9038783015713808,0.5836571675302246,0.7559342384338379
0.9040294265173048,0.5836571675302246,0.7561061382293701
0.9043318280648938,0.5836571675302246,0.7565203905105591
0.9044831047172968,0.5836571675302246,0.7570709586143494
0.9044671239752384,0.5835492227979274,0.757110595703125
0.9046184738955824,0.5835492227979274,0.7571107149124146
0.9047698744769874,0.5835492227979274,0.757133424282074
0.9047379876109158,0.5833333333333334,0.7571980357170105
0.9047220361687877,0.5832253886010362,0.7574692964553833
0.9046901172529314,0.5830094991364422,0.7577357888221741
0.9048416820237896,0.5830094991364422,0.7587671875953674
0.9048257372654156,0.582901554404145,0.7589998245239258
0.9048097871627283,0.582793609671848,0.7591833472251892
0.9049614482065035,0.582793609671848,0.7592657804489136
0.9051131601005867,0.582793609671848,0.7594016194343567
0.9052649228705567,0.582793609671848,0.7596551775932312
0.905416736542009,0.582793609671848,0.7598614692687988
0.9054008721905401,0.582685664939551,0.760031521320343
0.9053850025163563,0.5825777202072538,0.7603667974472046
0.9053691275167786,0.5824697754749568,0.7604286074638367
0.9053532471891257,0.5823618307426598,0.7606199979782104
0.9055052030882846,0.5823618307426598,0.7608126997947693
0.9059613769941226,0.5823618307426598,0.7608315348625183
0.905945582801478,0.5822538860103627,0.7608916759490967
0.9060662073601076,0.5820379965457686,0.7609440684318542
0.9060504201680672,0.5819300518134715,0.7610557079315186
0.9062027231467473,0.5819300518134715,0.7611420750617981
0.9061869535978481,0.5818221070811744,0.7613555788993835
0.9063393307550025,0.5818221070811744,0.7613763213157654
0.9064917591658258,0.5818221070811744,0.7615337371826172
0.9066128218071681,0.5816062176165803,0.7615712285041809
0.9067653988556041,0.5816062176165803,0.761716365814209
0.907070707070707,0.5816062176165803,0.7618213295936584
0.9070550597743728,0.5814982728842832,0.7619066834449768
0.9072078140788145,0.5814982728842832,0.7620620131492615
0.9073606198416708,0.5814982728842832,0.7620695233345032
0.907345013477089,0.5813903281519862,0.7621018290519714
0.9073294018534119,0.5812823834196891,0.7621549367904663
0.9073137849679811,0.581174438687392,0.762192964553833
0.907466711613012,0.581174438687392,0.7623686194419861
0.9074511126095752,0.581066493955095,0.7624805569648743
0.9076041139774068,0.581066493955095,0.7626647353172302
0.9077571669477235,0.581066493955095,0.7628686428070068
0.9077416090403103,0.5809585492227979,0.7633048892021179
0.9078947368421053,0.5809585492227979,0.7633665800094604
0.9080479163151679,0.5809585492227979,0.7635300755500793
0.9082011474856564,0.5809585492227979,0.7636190056800842
0.9083544303797468,0.5809585492227979,0.763641357421875
0.9083389601620526,0.5808506044905009,0.7638056874275208
0.908492318082053,0.5808506044905009,0.7641765475273132
0.9084768659236744,0.5807426597582038,0.7644851803779602
0.9084614085458538,0.5806347150259067,0.7645049095153809
0.908445945945946,0.5805267702936097,0.7645160555839539
0.908599425578645,0.5805267702936097,0.7646886110305786
0.9087529570800946,0.5805267702936097,0.7650309801101685
0.9087375359134696,0.5804188255613126,0.7654397487640381
0.9087221095334685,0.5803108808290155,0.7660991549491882
0.9088757396449704,0.5803108808290155,0.7662175297737122
0.9090294217111938,0.5803108808290155,0.7667062282562256
0.9091831557584982,0.5803108808290155,0.767068088054657
0.9093369418132612,0.5803108808290155,0.7677093148231506
0.909321603789545,0.5802029360967185,0.7678269147872925
0.9094754653130288,0.5802029360967185,0.7678435444831848
0.9094601455407006,0.5800949913644214,0.7679551839828491
0.9096140825998645,0.5800949913644214,0.7679661512374878
0.909598781107161,0.5799870466321243,0.7684102058410645
0.9095834744327802,0.5798791018998273,0.7684555053710938
0.9095681625740898,0.5797711571675302,0.7686392068862915
0.9097222222222222,0.5797711571675302,0.7689667344093323
0.909706928680332,0.5796632124352331,0.7690477967262268
0.909861064046086,0.5796632124352331,0.7693714499473572
0.9100152516522624,0.5796632124352331,0.7695802450180054
0.9101694915254237,0.5796632124352331,0.7696559429168701
0.9101542634344805,0.5795552677029361,0.7698588371276855
0.910139030179722,0.5794473229706391,0.7700568437576294
0.9102933695099203,0.5794473229706391,0.7704867720603943
0.9104477611940298,0.5794473229706391,0.7706364393234253
0.9106022052586938,0.5794473229706391,0.7707927823066711
0.9107567017305734,0.5794473229706391,0.770805299282074
0.9107415577804174,0.5793393782383419,0.7711530923843384
0.9107112544559498,0.5791234887737479,0.7711620330810547
0.9108658743633277,0.5791234887737479,0.772101640701294
0.9110205467821362,0.5791234887737479,0.7721070051193237
0.9110054347826086,0.5790155440414507,0.7723264694213867
0.9109903176490572,0.5789075993091537,0.7724593281745911
0.9109751953788651,0.5787996545768567,0.7727212905883789
0.9109600679694138,0.5786917098445595,0.7727669477462769
0.910944935418083,0.5785837651122625,0.7728469371795654
0.9109297977222506,0.5784758203799655,0.7729786038398743
0.9110846650799048,0.5784758203799655,0.7731424570083618
0.911069545995579,0.5783678756476683,0.7733525037765503
0.9112244897959184,0.5783678756476683,0.7734335660934448
0.9113794863071951,0.5783678756476683,0.7734573483467102
0.9115345355563117,0.5783678756476683,0.7734853625297546
0.9115194827292836,0.5782599309153713,0.7734938263893127
0.9116746085772635,0.5782599309153713,0.7734966278076172
0.9116595744680851,0.5781519861830743,0.7735127210617065
0.9118147769833163,0.5781519861830743,0.7736843228340149
0.9117997616209773,0.5780440414507773,0.7737473249435425
0.9119550408719346,0.5780440414507773,0.773970365524292
0.9121103730199285,0.5780440414507773,0.7743651866912842
0.9120954003407155,0.5779360967184801,0.774383544921875
0.9122508093371954,0.5779360967184801,0.7743838429450989
0.9122358554873893,0.5778281519861831,0.7744117975234985
0.9123913414010567,0.5778281519861831,0.7745965719223022
0.9125468803273099,0.5778281519861831,0.7749277353286743
0.9125319693094629,0.5777202072538861,0.7749653458595276
0.91268758526603,0.5777202072538861,0.7749666571617126
0.912672693160498,0.5776122625215889,0.7752160429954529
0.9126577959740703,0.5775043177892919,0.775249719619751
0.9128135130523801,0.5775043177892919,0.7754286527633667
0.9127986348122867,0.5773963730569949,0.7754389047622681
0.9127390710382514,0.5769645941278065,0.7756604552268982
0.9128949615713066,0.5769645941278065,0.7756618857383728
0.9130509053638538,0.5769645941278065,0.7761513590812683
0.9130360498889458,0.5768566493955095,0.7763453125953674
0.9131772346607417,0.5767487046632125,0.776417076587677
0.9133333333333333,0.5767487046632125,0.7765482664108276
0.9133185159856386,0.5766407599309153,0.7766909599304199
0.9133036935704515,0.5765328151986183,0.7768133282661438
0.9134598939627159,0.5765328151986183,0.7768692970275879
0.9134450906602806,0.5764248704663213,0.7771364450454712
0.9134302822925577,0.5763169257340242,0.7772002220153809
0.9137281752824375,0.5762089810017271,0.7772666215896606
0.9137134052388289,0.5761010362694301,0.7773539423942566
0.9136986301369863,0.575993091537133,0.777631402015686
0.9136838499743106,0.5758851468048359,0.7776426672935486
0.9138403562863995,0.5758851468048359,0.7780240178108215
0.9138255953400719,0.5757772020725389,0.778150737285614
0.9141388174807198,0.5757772020725389,0.778662919998169
0.9141093776787245,0.5755613126079447,0.7787821292877197
0.9140946502057613,0.5754533678756477,0.7788529992103577
0.914251414851655,0.5754533678756477,0.778869092464447
0.9144082332761578,0.5754533678756477,0.7791208624839783
0.914378860672615,0.5752374784110535,0.7792091965675354
0.914535781705852,0.5752374784110535,0.7793231010437012
0.9145211122554068,0.5751295336787565,0.7794938683509827
0.9146781115879828,0.5751295336787565,0.779737651348114
0.9148351648351648,0.5751295336787565,0.7798720598220825
0.9149922720247295,0.5751295336787565,0.7799038290977478
0.9149630647655043,0.5749136442141624,0.7800066471099854
0.9149484536082474,0.5748056994818653,0.780181348323822
0.9151056882625881,0.5748056994818653,0.7803649306297302
0.9152629769680303,0.5748056994818653,0.7803912162780762
0.9154203197524498,0.5748056994818653,0.7803918123245239
0.9155777166437414,0.5748056994818653,0.7810695171356201
0.9158926728586171,0.5748056994818653,0.781150221824646
0.9158782040254602,0.5746977547495682,0.7812891006469727
0.9160357880247764,0.5746977547495682,0.7815011143684387
0.9161934262605403,0.5746977547495682,0.781547486782074
0.9163511187607574,0.5746977547495682,0.7817151546478271
0.9164944903581267,0.5745898100172712,0.7819561958312988
0.9164801102118133,0.5744818652849741,0.7820415496826172
0.9164657251119531,0.574373920552677,0.7820649743080139
0.9164513350559862,0.57426597582038,0.782155454158783
0.9164369400413508,0.5741580310880829,0.7822995185852051
0.9165948647251422,0.5741580310880829,0.782336950302124
0.916580489486384,0.5740500863557858,0.7823455929756165
0.9165661092915015,0.5739421416234888,0.7825711369514465
0.9165517241379311,0.5738341968911918,0.7826251983642578
0.9165373340231074,0.5737262521588946,0.7829269170761108
0.9165229389444636,0.5736183074265976,0.783159613609314
0.9166810419182335,0.5736183074265976,0.7831861972808838
0.916839199447895,0.5736183074265976,0.7833458781242371
0.9169974115616911,0.5736183074265976,0.783360481262207
0.9173139996547557,0.5736183074265976,0.7838626503944397
0.9174723756906077,0.5736183074265976,0.7839243412017822
0.917630806423761,0.5736183074265976,0.7840273976325989
0.9176165803108808,0.5735103626943006,0.7844069600105286
0.9176023492831231,0.5734024179620034,0.7850618362426758
0.9177608845888044,0.5734024179620034,0.7853128910064697
0.9177466735787109,0.5732944732297064,0.7853984236717224
0.9179052886277221,0.5732944732297064,0.7860896587371826
0.9180639585133967,0.5732944732297064,0.7868528366088867
0.9180497925311203,0.5731865284974094,0.7869070172309875
0.9182085422790939,0.5731865284974094,0.7870652675628662
0.9181943964026289,0.5730785837651122,0.787092924118042
0.9183532260854523,0.5730785837651122,0.787409245967865
0.9185121107266436,0.5730785837651122,0.7878293991088867
0.9184980100363385,0.5729706390328152,0.787968099117279
0.9186569747317411,0.5729706390328152,0.7879895567893982
0.9188159944607928,0.5729706390328152,0.7884371876716614
0.9189750692520776,0.5729706390328152,0.7885095477104187
0.9191201939729823,0.5728626943005182,0.7886168360710144
0.9192794041226399,0.5728626943005182,0.7886786460876465
0.9192514295616011,0.572646804835924,0.7889057993888855
0.9192234356040908,0.5724309153713298,0.7891227602958679
0.9192094313453537,0.5723229706390328,0.7894605398178101
0.9193548387096774,0.5722150259067358,0.7894828915596008
0.9193408499566349,0.5721070811744386,0.7894951105117798
0.9193268563497571,0.5719991364421416,0.7897421717643738
0.9196459562651857,0.5719991364421416,0.7897818088531494
0.9198055893074119,0.5719991364421416,0.7901048064231873
0.9199652777777778,0.5719991364421416,0.7902503609657288
0.9199513804479944,0.5718911917098446,0.7904549837112427
0.9199374782910733,0.5717832469775475,0.7908344268798828
0.9199235713044989,0.5716753022452504,0.7909947037696838
0.919909659485754,0.5715673575129534,0.7910779714584351
0.9200695047784535,0.5715673575129534,0.7911053895950317
0.9202294056308655,0.5715673575129534,0.7912681698799133
0.9203893620719624,0.5715673575129534,0.7913397550582886
0.9205493741307371,0.5715673575129534,0.7916277647018433
0.9205355590332116,0.5714594127806563,0.7916358709335327
0.9206818577143852,0.5713514680483592,0.7918587327003479
0.9206680584551148,0.5712435233160622,0.792058527469635
0.9208282582216809,0.5712435233160622,0.7928011417388916
0.9209885137486947,0.5712435233160622,0.7931743264198303
0.9211488250652742,0.5712435233160622,0.7935200333595276
0.9213091922005571,0.5712435233160622,0.7938772439956665
0.9214696151837019,0.5712435233160622,0.7939497828483582
0.921455938697318,0.5711355785837651,0.7943485975265503
0.9216164431283749,0.5711355785837651,0.7944707870483398
0.9217770034843206,0.5711355785837651,0.7945857644081116
0.9219376197943893,0.5711355785837651,0.7946479320526123
0.9220982920878354,0.5711355785837651,0.7946498394012451
0.9220847132647725,0.571027633851468,0.794681191444397
0.9222319093286835,0.570919689119171,0.7950755953788757
0.9223927450296477,0.570919689119171,0.7952571511268616
0.9225536368393511,0.570919689119171,0.7953307032585144
0.9230232152208064,0.5708117443868739,0.7954767942428589
0.9230097765363129,0.5707037996545768,0.7956446409225464
0.9229963331587219,0.5705958549222798,0.7965432405471802
0.9229828850855746,0.5704879101899827,0.797208309173584
0.9229694323144105,0.5703799654576857,0.7974885106086731
0.9229559748427673,0.5702720207253886,0.7977002859115601
0.9231172461995457,0.5702720207253886,0.7978652119636536
0.9231038098566935,0.5701640759930915,0.7979737520217896
0.9230903688166404,0.5700561312607945,0.7979937791824341
0.9232517482517483,0.5700561312607945,0.7981387972831726
0.9232249038125219,0.5698402417962003,0.7982296943664551
0.9233863914640545,0.5698402417962003,0.7983538508415222
0.9233729881035689,0.5697322970639033,0.7983751893043518
0.9235345581802274,0.5697322970639033,0.7988209128379822
0.9236961848092404,0.5697322970639033,0.7988651394844055
0.9236828286364432,0.5696243523316062,0.7991400361061096
0.9236694677871149,0.5695164075993091,0.7994375824928284
0.9238312029416915,0.5695164075993091,0.7998326420783997
0.9238178633975481,0.5694084628670121,0.8000242710113525
0.9238045191802418,0.569300518134715,0.8004154562950134
0.923791170287316,0.5691925734024179,0.8004341125488281
0.9241149667017174,0.5691925734024179,0.8004780411720276
0.9242636746143057,0.5690846286701209,0.8007466793060303
0.9244257408381553,0.5690846286701209,0.8011542558670044
0.9244124868467204,0.5689766839378239,0.8014702796936035
0.9243859649122808,0.5687607944732297,0.8017204403877258
0.9243726969643797,0.5686528497409327,0.8017930388450623
0.9245349245349246,0.5686528497409327,0.8018212914466858
0.9246972090573986,0.5686528497409327,0.8018966317176819
0.9248595505617978,0.5686528497409327,0.8021256923675537
0.9250219490781387,0.5686528497409327,0.8026171922683716
0.9250087811731648,0.5685449050086355,0.8028991222381592
0.9253338018271258,0.5685449050086355,0.8031740188598633
0.9253206817782463,0.5684369602763385,0.8032297492027283
0.9253075571177505,0.5683290155440415,0.803301990032196
0.9254571026722925,0.5682210708117443,0.8035312294960022
0.9253915185641387,0.5676813471502591,0.8037297129631042
0.9253783878915874,0.5675734024179621,0.8037918210029602
0.925541277944024,0.5675734024179621,0.8039534687995911
0.9255281690140845,0.5674654576856649,0.8040991425514221
0.9255150554675119,0.5673575129533679,0.8042758703231812
0.9256780556533991,0.5673575129533679,0.8044927716255188
0.9256649638893782,0.5672495682210709,0.8045231103897095
0.9256518675123326,0.5671416234887737,0.8049175143241882
0.9256387665198238,0.5670336787564767,0.8049209713935852
0.9256256609094113,0.5669257340241797,0.8053258061408997
0.9256125506786532,0.5668177892918825,0.8053289651870728
0.9255994358251057,0.5667098445595855,0.8055991530418396
0.9259259259259259,0.5667098445595855,0.8057636022567749
0.9260892573646146,0.5667098445595855,0.8058847188949585
0.9262526464361327,0.5667098445595855,0.8063327074050903
0.9262396329627669,0.5666018998272885,0.8063568472862244
0.9262266148958701,0.5664939550949913,0.806505560874939
0.9262135922330097,0.5663860103626943,0.8065465092658997
0.9262005649717514,0.5662780656303973,0.8065487742424011
0.9261875331096592,0.5661701208981001,0.807948887348175
0.9261744966442953,0.5660621761658031,0.8080931305885315
0.926338102808691,0.5660621761658031,0.8082630038261414
0.9263250883392227,0.5659542314335061,0.8087960481643677
0.926312069270189,0.565846286701209,0.8089069724082947
0.9264627894643804,0.5657383419689119,0.8091846108436584
0.9264497878359265,0.5656303972366149,0.8094085454940796
0.9266136162687887,0.5656303972366149,0.8095203042030334
0.9267775026529891,0.5656303972366149,0.8095250725746155
0.9269414470192818,0.5656303972366149,0.8095794320106506
0.9271054493984431,0.5656303972366149,0.8096392750740051
0.9272695098212705,0.5656303972366149,0.8096439838409424
0.9272566371681416,0.5655224525043178,0.8096775412559509
0.9274207824393698,0.5655224525043178,0.8096886277198792
0.9277492473879936,0.5655224525043178,0.8098651766777039
0.9277364505844846,0.5654145077720207,0.8100501298904419
0.9277236492471214,0.5653065630397237,0.8100879192352295
0.9278880226789511,0.5653065630397237,0.8101771473884583
0.9278752436647173,0.5651986183074266,0.8103024363517761
0.9278624601205246,0.5650906735751295,0.8105171918869019
0.9280269455770254,0.5650906735751295,0.8110875487327576
0.9280141843971631,0.5649827288428325,0.8113628029823303
0.9281787550984217,0.5649827288428325,0.8115851879119873
0.9281660163178432,0.5648747841105354,0.8118582963943481
0.9281532730175626,0.5647668393782384,0.811924934387207
0.9283179559971612,0.5647668393782384,0.8121234178543091
0.9284826974267968,0.5647668393782384,0.812188446521759
0.9286474973375932,0.5647668393782384,0.8123852610588074
0.928634830463341,0.5646588946459413,0.8125175833702087
0.9286221590909091,0.5645509499136442,0.8127182722091675
0.9286094832179009,0.5644430051813472,0.8132531642913818
0.9287744227353464,0.5644430051813472,0.8133792281150818
0.92893942085628,0.5644430051813472,0.8134123682975769
0.9289267945984364,0.5643350604490501,0.8134210705757141
0.9289141638528523,0.564227115716753,0.8135614991188049
0.9290792747955919,0.564227115716753,0.8136036396026611
0.9292444444444444,0.564227115716753,0.8137032985687256
0.9292318634423897,0.564119170984456,0.8137591481208801
0.9292192779654989,0.5640112262521589,0.8138706684112549
0.9292066880113838,0.5639032815198618,0.8139809966087341
0.9291940935776553,0.5637953367875648,0.8140258193016052
0.9293594306049822,0.5637953367875648,0.8140866160392761
0.9295248264815803,0.5637953367875648,0.8142894506454468
0.9296902812388751,0.5637953367875648,0.8143942952156067
0.9296777639309239,0.5636873920552677,0.8144774436950684
0.9298433048433048,0.5636873920552677,0.814487099647522
0.9298308103294746,0.5635794473229706,0.8147537112236023
0.929818311364446,0.5634715025906736,0.8149822950363159
0.92980580794584,0.5633635578583766,0.8151211142539978
0.9297933000712758,0.5632556131260794,0.8151323199272156
0.929780787738371,0.5631476683937824,0.8153597116470337
0.9299215406562055,0.5629317789291882,0.8154722452163696
0.9300873907615481,0.5629317789291882,0.8155887722969055
0.9302533000356761,0.5629317789291882,0.8156895041465759
0.9304192685102587,0.5629317789291882,0.8157244920730591
0.930406852248394,0.5628238341968912,0.8158471584320068
0.9303944315545244,0.5627158894645942,0.8161630630493164
0.9303820064262763,0.562607944732297,0.8164941072463989
0.9303695768612747,0.5625,0.8165416121482849
0.9303571428571429,0.562392055267703,0.8166018128395081
0.9305233077335239,0.562392055267703,0.8166964650154114
0.9305108967488389,0.5622841105354058,0.8169780969619751
0.9304984813292836,0.5621761658031088,0.8169993162155151
0.9304860614724804,0.5620682210708118,0.8172503113746643
0.93047363717605,0.5619602763385146,0.8172602653503418
0.9306275701770069,0.5618523316062176,0.8173349499702454
0.9306151645207439,0.5617443868739206,0.8175131678581238
0.9306027544267573,0.5616364421416234,0.8175943493843079
0.9305903398926655,0.5615284974093264,0.8178452849388123
0.9307568438003221,0.5615284974093264,0.8178530931472778
0.9307444523979957,0.5614205526770294,0.8178910613059998
0.9307320565598711,0.5613126079447323,0.8179606199264526
0.9308986752595775,0.5613126079447323,0.8181748986244202
0.93088630259624,0.5612046632124352,0.8183114528656006
0.9310530085959885,0.5612046632124352,0.8183809518814087
0.9310406591438295,0.5610967184801382,0.8186023831367493
0.9310283052669294,0.5609887737478411,0.8187462687492371
0.9311951263214477,0.5609887737478411,0.8187915682792664
0.9311827956989247,0.560880829015544,0.8189776539802551
0.9313497042480732,0.560880829015544,0.81906658411026
0.9315166726425242,0.560880829015544,0.8192635178565979
0.9316837009144702,0.560880829015544,0.819273829460144
0.9318507890961263,0.560880829015544,0.8194465637207031
0.9318263365626122,0.5606649395509499,0.8195723295211792
0.9318141037143369,0.5605569948186528,0.8197193145751953
0.9317773788150808,0.5602331606217616,0.8197599053382874
0.9317528735632183,0.5600172711571675,0.8197837471961975
0.9319202442967487,0.5600172711571675,0.8200012445449829
0.9319080129356809,0.5599093264248705,0.8202589750289917
0.931895777178796,0.5598013816925734,0.8203763961791992
0.9320632638389648,0.5598013816925734,0.8204665184020996
0.9322308107136437,0.5598013816925734,0.8205355405807495
0.9323984178353111,0.5598013816925734,0.8205721974372864
0.9325660852364682,0.5598013816925734,0.8206638097763062
0.9325539568345323,0.5596934369602763,0.8208345174789429
0.9327217125382263,0.5596934369602763,0.8208370804786682
0.9328895286074127,0.5596934369602763,0.8208873867988586
0.9328774518625157,0.5595854922279793,0.8209097385406494
0.9330453563714903,0.5595854922279793,0.8209271430969238
0.9330333033303331,0.5594775474956822,0.8210803270339966
0.9332012963629817,0.5594775474956822,0.8214176893234253
0.9331892670628489,0.5593696027633851,0.8219001293182373
0.93335734870317,0.5593696027633851,0.8221344947814941
0.9336936936936937,0.5593696027633851,0.8221930265426636
0.9338619571093891,0.5593696027633851,0.8225400447845459
0.9338500360490267,0.5592616580310881,0.822683572769165
0.9338381106904633,0.559153713298791,0.8226856589317322
0.9338261810313739,0.5590457685664939,0.822836697101593
0.933814247069432,0.5589378238341969,0.823053240776062
0.933982683982684,0.5589378238341969,0.8232359290122986
0.9339588596174666,0.5587219343696027,0.8232842683792114
0.9339469409853817,0.5586139896373057,0.8234437108039856
0.9339350180505415,0.5585060449050087,0.8234773278236389
0.9339230908106156,0.5583981001727115,0.8235276937484741
0.933911159263272,0.5582901554404145,0.8235318064689636
0.9338992234061766,0.5581822107081175,0.8236111402511597
0.9342366757000903,0.5581822107081175,0.8239550590515137
0.9344054933140585,0.5581822107081175,0.8239738345146179
0.9343936381709742,0.5580742659758203,0.8241651058197021
0.9345625451916124,0.5580742659758203,0.8243522644042969
0.9345507141565721,0.5579663212435233,0.8243952393531799
0.9345388788426763,0.5578583765112263,0.8244636654853821
0.9345270392476035,0.5577504317789291,0.8247520327568054
0.9346960926193922,0.5577504317789291,0.8249348402023315
0.9346842771847295,0.5576424870466321,0.8252894878387451
0.9346724574737604,0.5575345423143351,0.8252984881401062
0.934660633484163,0.5574265975820379,0.8254310488700867
0.9346369726597864,0.5572107081174439,0.8255046010017395
0.9346251358203549,0.5571027633851469,0.8255065679550171
0.9347826086956522,0.5569948186528497,0.8256453275680542
0.9347707918101106,0.5568868739205527,0.825840413570404
0.9349401957230881,0.5568868739205527,0.8259217739105225
0.9349284031176364,0.5567789291882557,0.8259269595146179
0.9349166062364032,0.5566709844559585,0.8261323571205139
0.9350861287398006,0.5566709844559585,0.8264177441596985
0.9352557127312296,0.5566709844559585,0.8271512389183044
0.9354253582441502,0.5566709844559585,0.8274078965187073
0.9354136429608128,0.5565630397236615,0.8276974558830261
0.9354019234258755,0.5564550949913645,0.8277040123939514
0.9353901996370236,0.5563471502590673,0.8278793096542358
0.9353784715919404,0.5562392055267703,0.8279288411140442
0.9355482933914306,0.5562392055267703,0.8279531002044678
0.9355365897948066,0.5561312607944733,0.828236997127533
0.9358764759309719,0.5561312607944733,0.8283563852310181
0.9358648255813954,0.5560233160621761,0.8283714056015015
0.9358415121773901,0.5558074265975821,0.8285371661186218
0.9358298491183421,0.555699481865285,0.8287441730499268
0.9357948344852673,0.5553756476683938,0.8289175033569336
0.9357831544478806,0.5552677029360967,0.8290964365005493
0.9357714701601164,0.5551597582037997,0.829257607460022
0.9359417652411283,0.5551597582037997,0.8292610049247742
0.936112122315253,0.5551597582037997,0.8293015360832214
0.936282541416348,0.5551597582037997,0.8294591903686523
0.9362709395484341,0.5550518134715026,0.8297228217124939
0.9364414496448734,0.5550518134715026,0.8301059007644653
0.9366120218579235,0.5550518134715026,0.8301879167556763
0.9365889212827988,0.5548359240069085,0.8302982449531555
0.9367596136322216,0.5548359240069085,0.8303709030151367
0.9367480860371855,0.5547279792746114,0.8304904699325562
0.9367365542388332,0.5546200345423143,0.8309736847877502
0.9367250182348651,0.5545120898100173,0.8309861421585083
0.9368843487778183,0.5544041450777202,0.8311527967453003
0.9368728334245575,0.5542962003454232,0.8312634825706482
0.9368613138686132,0.5541882556131261,0.8312772512435913
0.9370323051651761,0.5541882556131261,0.8314301371574402
0.9372033588901059,0.5541882556131261,0.8317242860794067
0.9371918933722841,0.554080310880829,0.8317557573318481
0.9371804236669101,0.553972366148532,0.8318214416503906
0.937157471684326,0.5537564766839378,0.8319795727729797
0.9373287045496072,0.5537564766839378,0.83216792345047
0.9375,0.5537564766839378,0.8322758078575134
0.9374885761286785,0.5536485319516408,0.832294762134552
0.9374771480804388,0.5535405872193437,0.8328663110733032
0.9374657158529895,0.5534326424870466,0.8331300020217896
0.937454279444038,0.5533246977547496,0.8336400389671326
0.9374428388512895,0.5532167530224525,0.8338591456413269
0.9376143432125869,0.5532167530224525,0.8338724970817566
0.9377859103385179,0.5532167530224525,0.8339294195175171
0.9377631338092624,0.5530008635578584,0.8339479565620422
0.9377517392896375,0.5528929188255614,0.8341034054756165
0.9379234572422633,0.5528929188255614,0.8344085812568665
0.9382444566611692,0.5526770293609672,0.8347460031509399
0.938233137829912,0.5525690846286702,0.8350213170051575
0.9382218148487627,0.552461139896373,0.835088849067688
0.9382104877154382,0.552353195164076,0.8358877301216125
0.9381991564276545,0.552245250431779,0.8359198570251465
0.9383712399119589,0.552245250431779,0.8360875844955444
0.9383599339570721,0.5521373056994818,0.8361288905143738
0.9385321100917431,0.5521373056994818,0.8362810611724854
0.9385208295100018,0.5520293609671848,0.8364967107772827
0.9386930983847284,0.5520293609671848,0.8367225527763367
0.9388654305122086,0.5520293609671848,0.8367867469787598
0.9390378259272861,0.5520293609671848,0.8372088074684143
0.9390266299357208,0.5519214162348878,0.8374373316764832
0.9391991182953711,0.5519214162348878,0.8374651074409485
0.9391879478228918,0.5518134715025906,0.8376578688621521
0.9391767732451305,0.5517055267702936,0.8378164768218994
0.939327082184225,0.5514896373056994,0.8379459977149963
0.9393159249724163,0.5513816925734024,0.8380189538002014
0.9393047636564282,0.5512737478411054,0.8380456566810608
0.9394775570272259,0.5512737478411054,0.8387092351913452
0.9394664213431463,0.5511658031088082,0.8391698002815247
0.9396393080603607,0.5511658031088082,0.8392646312713623
0.93962819804896,0.5510578583765112,0.8393074870109558
0.9396170839469808,0.5509499136442142,0.8394202589988708
0.9397900939053582,0.5509499136442142,0.8397678136825562
0.939963167587477,0.5509499136442142,0.8400341868400574
0.9399410464259396,0.55073402417962,0.8401550650596619
0.9401142435968307,0.55073402417962,0.8401902914047241
0.94010320678216,0.550626079447323,0.8402330875396729
0.9402764976958525,0.550626079447323,0.8403117060661316
0.9402654867256637,0.5505181347150259,0.8404706120491028
0.9402544716946339,0.5504101899827288,0.840472400188446
0.9402434526005164,0.5503022452504318,0.8407214879989624
0.9404168972514296,0.5503022452504318,0.840811550617218
0.9404059040590406,0.5501943005181347,0.8410654067993164
0.9405794427016054,0.5501943005181347,0.8411694169044495
0.9405684754521964,0.5500863557858376,0.8411936163902283
0.9405575041535905,0.5499784110535406,0.8412838578224182
0.9405465288035451,0.5498704663212435,0.8414455652236938
0.9407202216066483,0.5498704663212435,0.8417554497718811
0.9407092722571112,0.5497625215889465,0.8419698476791382
0.9408830593016811,0.5497625215889465,0.8419795036315918
0.9408721359940873,0.5496545768566494,0.8420288562774658
0.94104601737202,0.5496545768566494,0.8422752022743225
0.9412199630314233,0.5496545768566494,0.8425388932228088
0.9412090959511925,0.5495466321243523,0.8427177667617798
0.941198224852071,0.5494386873920553,0.8428348302841187
0.941372295172924,0.5494386873920553,0.8429335355758667
0.9415464298927118,0.5494386873920553,0.8431110978126526
0.9415356151711378,0.5493307426597582,0.8433827757835388
0.9416990560799556,0.5492227979274611,0.8434116244316101
0.9416882636060718,0.5491148531951641,0.8435182571411133
0.9418626180336974,0.5491148531951641,0.843749463558197
0.942037037037037,0.5491148531951641,0.843823254108429
0.9422115206519726,0.5491148531951641,0.8438272476196289
0.9422008151167099,0.549006908462867,0.8439345955848694
0.9421901056142301,0.5488989637305699,0.8440171480178833
0.9421793921423276,0.5487910189982729,0.8441043496131897
0.9421686746987952,0.5486830742659758,0.8441870212554932
0.9421579532814238,0.5485751295336787,0.8442608714103699
0.942147227888003,0.5484671848013817,0.8443431854248047
0.9421364985163204,0.5483592400690847,0.844352126121521
0.942311259506585,0.5483592400690847,0.8445549011230469
0.9423005565862709,0.5482512953367875,0.8451080322265625
0.942475412878085,0.5482512953367875,0.8452014327049255
0.9424647364513734,0.5481433506044905,0.8452618718147278
0.9428147047901968,0.5481433506044905,0.845492422580719
0.9428040854224699,0.5480354058721935,0.8455523252487183
0.9429791976225854,0.5480354058721935,0.8458031415939331
0.9429686048671745,0.5479274611398963,0.846286952495575
0.9431438127090301,0.5479274611398963,0.8463826775550842
0.9433190856718082,0.5479274611398963,0.8463987708091736
0.9433085501858736,0.5478195164075993,0.8465761542320251
0.9432980107826734,0.5477115716753023,0.846733808517456
0.9434734101896616,0.5477115716753023,0.8467870950698853
0.9436488748372699,0.5477115716753023,0.8469270467758179
0.9438244047619048,0.5477115716753023,0.8469672203063965
0.943813953488372,0.5476036269430051,0.847129225730896
0.9438034983252698,0.5474956822107081,0.8474584221839905
0.9441548771407298,0.5474956822107081,0.8475723266601562
0.9443306646806926,0.5474956822107081,0.8477246165275574
0.9443202979515829,0.5473877374784111,0.8483904600143433
0.9443099273607748,0.5472797927461139,0.8484814763069153
0.9442995529061102,0.5471718480138169,0.8484815359115601
0.9444754984162474,0.5471718480138169,0.8485179543495178
0.9446515095042862,0.5471718480138169,0.8485296368598938
0.9448173005219985,0.5470639032815199,0.8486164808273315
0.9447967176426706,0.5468480138169257,0.8486554026603699
0.9449729528073121,0.5468480138169257,0.8486918807029724
0.9451492537313433,0.5468480138169257,0.8487721085548401
0.9453256204515768,0.5468480138169257,0.8488115072250366
0.9453154162000746,0.5467400690846287,0.8488301634788513
0.9454918797834609,0.5467400690846287,0.8490476012229919
0.946198393424248,0.5467400690846287,0.849071204662323
0.9461883408071748,0.5466321243523317,0.8491806387901306
0.9463651653896468,0.5466321243523317,0.8491928577423096
0.9465420560747664,0.5466321243523317,0.8496037721633911
0.9465320620676761,0.5465241796200345,0.849692702293396
0.9465220643231115,0.5464162348877375,0.8498294353485107
0.9468761690983913,0.5464162348877375,0.8498485088348389
0.9470533208606174,0.5464162348877375,0.8499149680137634
0.9472305389221557,0.5464162348877375,0.850074291229248
0.9474078233202321,0.5464162348877375,0.8502916097640991
0.9473979782852864,0.5463082901554405,0.8505011796951294
0.9473881295637521,0.5462003454231433,0.8508135676383972
0.947378277153558,0.5460924006908463,0.8512555956840515
0.9477332334207569,0.5460924006908463,0.8513584733009338
0.9477234401349073,0.5459844559585493,0.8514481782913208
0.9477136431784108,0.5458765112262521,0.8515461087226868
0.9478912839737582,0.5458765112262521,0.8515724539756775
0.947871741983874,0.5456606217616581,0.8516024947166443
0.9480495123780945,0.5456606217616581,0.851876437664032
0.9480397673982367,0.5455526770293609,0.8522455096244812
0.9482176360225141,0.5455526770293609,0.8523922562599182
0.948207918934134,0.5454447322970639,0.8526827692985535
0.9481981981981982,0.5453367875647669,0.8527885675430298
0.9481884738126525,0.5452288428324698,0.8530039191246033
0.9483665039429215,0.5452288428324698,0.8531777858734131
0.9485446009389671,0.5452288428324698,0.8532236218452454
0.9487227648384673,0.5452288428324698,0.8532647490501404
0.9487131316926545,0.5451208981001727,0.8534832000732422
0.9487034949267192,0.5450129533678757,0.8534857034683228
0.9486938545386205,0.5449050086355786,0.8536056280136108
0.9486842105263158,0.5447970639032815,0.8539606928825378
0.9486745628877609,0.5446891191709845,0.8540154695510864
0.9486649116209102,0.5445811744386874,0.8543868660926819
0.9488433327064134,0.5445811744386874,0.8546679019927979
0.9490218209179835,0.5445811744386874,0.8547106385231018
0.9490122295390404,0.5444732297063903,0.8547159433364868
0.9490026345502446,0.5443652849740933,0.8547405004501343
0.9489930359495576,0.5442573402417962,0.8547557592391968
0.9491716867469879,0.5442573402417962,0.8548817038536072
0.949162116362267,0.5441493955094991,0.8549035787582397
0.9491525423728814,0.5440414507772021,0.8549371957778931
0.9493313241665097,0.5440414507772021,0.8551003336906433
0.9493217784476262,0.543933506044905,0.8558104038238525
0.949312229131336,0.543825561312608,0.8560563325881958
0.9494911421032793,0.543825561312608,0.856130838394165
0.9494816211121584,0.5437176165803109,0.8561811447143555
0.949830252734817,0.5436096718480138,0.8562808632850647
0.950009432182607,0.5436096718480138,0.8563218116760254
0.95,0.5435017271157168,0.8563926219940186
0.949990564257407,0.5433937823834197,0.8566634058952332
0.9499811249528124,0.5432858376511226,0.8567394018173218
0.9501322251605592,0.5429620034542314,0.8568370938301086
0.9506709506709506,0.5429620034542314,0.8571984767913818
0.9506616257088847,0.5428540587219344,0.857305109500885
0.9506242905788876,0.5424222797927462,0.8574026226997375
0.9506056018168054,0.542206390328152,0.8576117157936096
0.9505962521294719,0.542098445595855,0.8579078316688538
0.950586898901931,0.5419905008635578,0.8580561876296997
0.9505775421321719,0.5418825561312608,0.8580693006515503
0.9505681818181818,0.5417746113989638,0.8580699563026428
0.9507482477741996,0.5417746113989638,0.8581146597862244
0.9509283819628647,0.5417746113989638,0.8581662178039551
0.9509190828122039,0.5416666666666666,0.8581919074058533
0.9510993176648976,0.5416666666666666,0.8582128286361694
0.9512796208530806,0.5416666666666666,0.858314037322998
0.9512703830109973,0.5415587219343696,0.858425498008728
0.9514507870282571,0.5415587219343696,0.8585909605026245
0.9516312594840668,0.5415587219343696,0.8586917519569397
0.9518118004173781,0.5415587219343696,0.858694851398468
0.9518026565464895,0.5414507772020726,0.8593018651008606
0.9519832985386222,0.5414507772020726,0.8593828678131104
0.9523357387011014,0.5413428324697754,0.8596801161766052
0.9525166191832859,0.5413428324697754,0.8598799705505371
0.9524985749572488,0.5411269430051814,0.8599833846092224
0.9526795895096921,0.5411269430051814,0.860112726688385
0.9530418250950571,0.5411269430051814,0.8606693148612976
0.9532230462065031,0.5411269430051814,0.8606895208358765
0.9532141498668696,0.5410189982728842,0.8607314825057983
0.9532052501426669,0.5409110535405872,0.8608869314193726
0.9531963470319634,0.5408031088082902,0.8610458374023438
0.9531874405328259,0.540695164075993,0.8611047863960266
0.953368861819566,0.540695164075993,0.8611589670181274
0.9535503521797069,0.540695164075993,0.86127108335495
0.9537319116527038,0.540695164075993,0.8612844347953796
0.9537231003618358,0.540587219343696,0.8614505529403687
0.9537142857142857,0.540479274611399,0.8615214228630066
0.9538871951219512,0.5403713298791019,0.8615373373031616
0.9538784067085954,0.5402633851468048,0.8617005348205566
0.9538696149447198,0.5401554404145078,0.8626534938812256
0.953860819828408,0.5400474956822107,0.8627161979675293
0.9538520213577422,0.5399395509499136,0.8627261519432068
0.9540339500286096,0.5399395509499136,0.8627454042434692
0.9542072123640527,0.5398316062176166,0.8630875945091248
0.9541984732824428,0.5397236614853195,0.8631158471107483
0.9541897308646689,0.5396157167530224,0.8632183074951172
0.9547018348623854,0.5391839378238342,0.8632334470748901
0.9548843433377939,0.5391839378238342,0.8636652827262878
0.9548757170172084,0.5390759930915371,0.8637320399284363
0.9548411787217758,0.5386442141623489,0.8641860485076904
0.9548325358851675,0.5385362694300518,0.8646557927131653
0.9548238897396631,0.5384283246977547,0.8646652698516846
0.9550067011296189,0.5384283246977547,0.8647395372390747
0.9551809998084658,0.5383203799654577,0.8648714423179626
0.9551724137931035,0.5382124352331606,0.8650997877120972
0.9551552318896129,0.5379965457685665,0.8651943802833557
0.9551466359976998,0.5378886010362695,0.8655954003334045
0.9551208285385501,0.5375647668393783,0.8656928539276123
0.9553040475733743,0.5375647668393783,0.8657010197639465
0.9554702495201536,0.5373488773747841,0.8657140135765076
0.9556536763294299,0.5373488773747841,0.8657647967338562
0.955837173579109,0.5373488773747841,0.8659425377845764
0.9558286921451892,0.5372409326424871,0.8659482002258301
0.9558202074529389,0.5371329879101899,0.8659932613372803
0.9558117195004803,0.5370250431778929,0.8661184310913086
0.9559953881629516,0.5370250431778929,0.8661510348320007
0.9561707035755479,0.5369170984455959,0.8664349913597107
0.956354547202461,0.5369170984455959,0.8664624094963074
0.9563461538461538,0.5368091537132987,0.8666276335716248
0.9563377572610118,0.5367012089810017,0.8668758273124695
0.9563293574451712,0.5365932642487047,0.8674497604370117
0.9565050038491147,0.5364853195164075,0.8675117492675781
0.9564882556796304,0.5362694300518135,0.8678280115127563
0.9564798767571732,0.5361614853195165,0.868044376373291
0.9564714946070878,0.5360535405872193,0.8681772351264954
0.9566557503371219,0.5360535405872193,0.8682763576507568
0.9568400770712909,0.5360535405872193,0.8683860898017883
0.9568317594912314,0.5359455958549223,0.8686510324478149
0.9567984570877531,0.5355138169257341,0.8689771294593811
0.9567901234567902,0.5354058721934369,0.869046151638031
0.956974725062705,0.5354058721934369,0.8690659403800964
0.956966422230799,0.5352979274611399,0.8690950274467468
0.956958116193785,0.5351899827288429,0.8695397973060608
0.9569498069498069,0.5350820379965457,0.8696424961090088
0.9571345819656304,0.5350820379965457,0.8697202205657959
0.9571263035921205,0.5349740932642487,0.8697882890701294
0.9573111840834461,0.5349740932642487,0.8698003888130188
0.9573029366306027,0.5348661485319517,0.8699513673782349
0.9572946859903382,0.5347582037996546,0.870026707649231
0.957286432160804,0.5346502590673575,0.8700384497642517
0.9572781751401508,0.5345423143350605,0.8700891733169556
0.9572699149265275,0.5344343696027634,0.8702831268310547
0.9574550377103075,0.5344343696027634,0.8703359961509705
0.9574303405572755,0.5341105354058722,0.8703905344009399
0.9574221017998839,0.5340025906735751,0.8704533576965332
0.9575992255566311,0.5338946459412781,0.8705976605415344
0.9577846630518978,0.5338946459412781,0.8705984950065613
0.957776486538834,0.533786701208981,0.8706242442131042
0.957768306857807,0.533678756476684,0.8706879019737244
0.9577601240069754,0.5335708117443869,0.8707941174507141
0.9577519379844961,0.5334628670120898,0.8708318471908569
0.9577437487885249,0.5333549222797928,0.8708801865577698
0.957735556417216,0.5332469775474957,0.8712630867958069
0.9579212720573977,0.5332469775474957,0.8712942004203796
0.9581070597362297,0.5332469775474957,0.871364414691925
0.9580989330746847,0.5331390328151986,0.8714366555213928
0.9580908032596042,0.5330310880829016,0.8714601993560791
0.958082670289152,0.5329231433506045,0.8715096712112427
0.9580745341614907,0.5328151986183074,0.8716837763786316
0.9582605319355465,0.5328151986183074,0.8717429637908936
0.958252427184466,0.5327072538860104,0.8718917369842529
0.9582443192852981,0.5325993091537133,0.8719547986984253
0.9584304584304584,0.5325993091537133,0.8720051646232605
0.958592534992224,0.5322754749568221,0.8721728324890137
0.9585844837643399,0.532167530224525,0.8721908926963806
0.9585764294049008,0.532059585492228,0.8724144101142883
0.9585683719120793,0.531951640759931,0.8725227117538452
0.9587548638132296,0.531951640759931,0.8726786971092224
0.9587468379062074,0.5318436960276338,0.8729723691940308
0.9587388088750487,0.5317357512953368,0.8731989860534668
0.9587307767179287,0.5316278065630398,0.8732617497444153
0.9587227414330218,0.5315198618307426,0.8734971284866333
0.9587147030185005,0.5314119170984456,0.8735818266868591
0.958706661472536,0.5313039723661486,0.8737255930900574
0.9588934346386129,0.5313039723661486,0.8739590048789978
0.9588774118105633,0.5310880829015544,0.8744935393333435
0.9592433697347894,0.5309801381692574,0.8746324181556702
0.9592354203237761,0.5308721934369602,0.8747076392173767
0.9592274678111588,0.5307642487046632,0.8747461438179016
0.9594146341463414,0.5307642487046632,0.8750117421150208
0.9596018735362998,0.5307642487046632,0.8751314878463745
0.9595939878977162,0.5306563039723662,0.8752323985099792
0.9597813354158532,0.5306563039723662,0.8753568530082703
0.9599687561023238,0.5306563039723662,0.8755853772163391
0.96015625,0.5306563039723662,0.8755980134010315
0.9601406799531067,0.530440414507772,0.8756833672523499
0.9601328903654485,0.530332469775475,0.8758144974708557
0.9601250977326036,0.5302245250431779,0.87589031457901
0.9601173020527859,0.5301165803108808,0.8760160803794861
0.9601095033242081,0.5300086355785838,0.8761205673217773
0.9601017015450811,0.5299006908462867,0.876300573348999
0.960093896713615,0.5297927461139896,0.8764533996582031
0.960078277886497,0.5295768566493955,0.8764797449111938
0.9600704638872578,0.5294689119170984,0.8768129348754883
0.9602584181675803,0.5294689119170984,0.8772586584091187
0.9604386995691343,0.5293609671848014,0.8772725462913513
0.9606114050558495,0.5291450777202072,0.8774786591529846
0.9607996863974911,0.5291450777202072,0.8775779604911804
0.9607920015683199,0.5290371329879102,0.8775994181632996
0.9607843137254902,0.5289291882556131,0.8777262568473816
0.9611536197763391,0.528821243523316,0.877826452255249
0.9611459968602826,0.528713298791019,0.8778671622276306
0.9611383709519137,0.5286053540587219,0.8778836131095886
0.9611307420494699,0.5284974093264249,0.8780148029327393
0.9611231101511879,0.5283894645941278,0.8780988454818726
0.9611154752553024,0.5282815198618307,0.8781129121780396
0.9611078373600471,0.5281735751295337,0.8782786726951599
0.9612966601178782,0.5281735751295337,0.8783777952194214
0.9612814465408805,0.5279576856649395,0.8784834742546082
0.9612738352663652,0.5278497409326425,0.8787360787391663
0.961462839166339,0.5278497409326425,0.8788313865661621
0.9616519174041298,0.5278497409326425,0.8795302510261536
0.9616443745082612,0.5277417962003454,0.8796319365501404
0.9616368286445013,0.5276338514680483,0.8798554539680481
0.961629279811098,0.5275259067357513,0.879880964756012
0.961621728006298,0.5274179620034543,0.8799081444740295
0.9616141732283464,0.5273100172711571,0.879936933517456
0.9616066154754873,0.5272020725388601,0.879940927028656
0.961599054745963,0.5270941278065631,0.8801314830780029
0.9617884577506401,0.5270941278065631,0.8801406025886536
0.9619779353821907,0.5270941278065631,0.8802576661109924
0.9619704433497537,0.5269861830742659,0.8802652359008789
0.9619629483642097,0.5268782383419689,0.8807632923126221
0.9621525724423418,0.5268782383419689,0.880986750125885
0.9623422712933754,0.5268782383419689,0.8811983466148376
0.9623348451981858,0.5267702936096719,0.8812214732170105
0.96232741617357,0.5266623488773747,0.8812881112098694
0.9625172617873348,0.5266623488773747,0.8812925815582275
0.9625098658247829,0.5265544041450777,0.8814653754234314
0.9625024669429643,0.5264464594127807,0.8815537691116333
0.96249506514015,0.5263385146804835,0.8816068172454834
0.9624876604146101,0.5262305699481865,0.8816381692886353
0.9624802527646129,0.5261226252158895,0.8819599151611328
0.9624728421884259,0.5260146804835925,0.8820026516914368
0.9624654286843145,0.5259067357512953,0.8820600509643555
0.9624580122505434,0.5257987910189983,0.8820653557777405
0.9626482213438735,0.5257987910189983,0.8820958733558655
0.9626408381102984,0.5256908462867013,0.8821887969970703
0.9626334519572953,0.5255829015544041,0.8824630379676819
0.9628238085821633,0.5255829015544041,0.8826931118965149
0.9628164556962026,0.5254749568221071,0.8828564286231995
0.962809099901088,0.5253670120898101,0.8830000162124634
0.962801741195093,0.5252590673575129,0.883355438709259
0.9627943795764892,0.5251511226252159,0.8833770155906677
0.9627870150435471,0.5250431778929189,0.8834375739097595
0.9629776281924372,0.5250431778929189,0.8836635947227478
0.9631683168316831,0.5250431778929189,0.8837851285934448
0.9631610219845514,0.5249352331606217,0.883795976638794
0.9635426986328512,0.5249352331606217,0.8838511109352112
0.9635210150674068,0.5246113989637305,0.8839002847671509
0.9637120761451516,0.5246113989637305,0.883931040763855
0.96390321301071,0.5246113989637305,0.8839611411094666
0.9638960523705614,0.5245034542314335,0.8839729428291321
0.9640873015873016,0.5245034542314335,0.8840521574020386
0.9640801746378249,0.5243955094991365,0.8842540979385376
0.9640730448590711,0.5242875647668394,0.8842701315879822
0.9640659122493548,0.5241796200345423,0.8844911456108093
0.9642573471008737,0.5241796200345423,0.8845052719116211
0.9642502482621649,0.5240716753022453,0.8845584392547607
0.964243146603099,0.5239637305699482,0.8846759796142578
0.9644347307768727,0.5239637305699482,0.8847285509109497
0.9648111332007953,0.5238557858376511,0.884743332862854
0.9648041360111355,0.5237478411053541,0.8847751617431641
0.9653662420382165,0.5235319516407599,0.8848624229431152
0.9653593470037826,0.5234240069084629,0.8850449323654175
0.9655515730784549,0.5234240069084629,0.8852773904800415
0.9655447122087234,0.5233160621761658,0.8853790760040283
0.9657370517928286,0.5233160621761658,0.8855632543563843
0.9657302251444511,0.5232081174438687,0.8856019973754883
0.9657233957752093,0.5231001727115717,0.8856843709945679
0.965915885987642,0.5231001727115717,0.8857382535934448
0.9659090909090909,0.5229922279792746,0.885874330997467
0.9661016949152542,0.5229922279792746,0.886060893535614
0.966094934184284,0.5228842832469776,0.8861985802650452
0.9660881707560343,0.5227763385146805,0.8862655758857727
0.9660814046288907,0.5226683937823834,0.8863511681556702
0.9660746358012373,0.5225604490500864,0.8866181969642639
0.9662607306847674,0.5224525043177893,0.8868838548660278
0.9662539936102237,0.5223445595854922,0.8869866728782654
0.9664469742360695,0.5223445595854922,0.8870648145675659
0.9664402716739912,0.5222366148531952,0.8870869278907776
0.9664335664335665,0.5221286701208981,0.8874250650405884
0.9664268585131894,0.522020725388601,0.8874555826187134
0.9666200279832101,0.522020725388601,0.8874582648277283
0.9666133546581367,0.521912780656304,0.8881425857543945
0.9668066386722656,0.521912780656304,0.8882362842559814
0.967,0.521912780656304,0.8884235620498657
0.9673869547819127,0.521912780656304,0.8886510133743286
0.9675805483289974,0.521912780656304,0.8887267112731934
0.9677742193755005,0.521912780656304,0.8887327313423157
0.9677677677677677,0.521804835924007,0.8887752294540405
0.9677613135762916,0.5216968911917098,0.8890413045883179
0.9677548567995193,0.5215889464594128,0.8891115188598633
0.967948717948718,0.5215889464594128,0.8894132971763611
0.9679422961330395,0.5214810017271158,0.8894274234771729
0.9679358717434869,0.5213730569948186,0.8894729614257812
0.9679294447785127,0.5212651122625216,0.8895090818405151
0.9681234963913392,0.5212651122625216,0.8895447254180908
0.9681171044716262,0.5211571675302246,0.8895562291145325
0.9681107099879663,0.5210492227979274,0.8896998763084412
0.9680915111378687,0.5207253886010362,0.8898650407791138
0.9680851063829787,0.5206174438687392,0.8904361724853516
0.9682794619554307,0.5206174438687392,0.8907591700553894
0.9684738955823293,0.5206174438687392,0.8907746076583862
0.9684675637678248,0.5205094991364422,0.8907775282859802
0.9684422110552764,0.5200777202072538,0.8913953900337219
0.9686369119420989,0.5200777202072538,0.8914055824279785
0.9690140845070423,0.5198618307426598,0.8914703130722046
0.9690078486617025,0.5197538860103627,0.8918474912643433
0.9690016103059581,0.5196459412780656,0.891910195350647
0.9689953694382928,0.5195379965457686,0.8921910524368286
0.9689891260571889,0.5194300518134715,0.8926173448562622
0.9691842900302114,0.5194300518134715,0.8926538825035095
0.9691780821917808,0.5193221070811744,0.8930261135101318
0.9691718718517026,0.5192141623488774,0.8931974172592163
0.9691656590084643,0.5191062176165803,0.8934473991394043
0.9693548387096774,0.5189982728842832,0.8935731053352356
0.9695503125630167,0.5189982728842832,0.8937026858329773
0.9703270084779976,0.5188903281519862,0.8937814235687256
0.970321017565112,0.5187823834196891,0.8938543796539307
0.9703150242326333,0.518674438687392,0.8939688205718994
0.9703090284790952,0.518566493955095,0.8947378993034363
0.9703030303030303,0.5184585492227979,0.8949605822563171
0.9708796764408494,0.5182426597582038,0.8950238227844238
0.970873786407767,0.5181347150259067,0.8952833414077759
0.9708678939915031,0.5180267702936097,0.8953374028205872
0.9708619991906111,0.5179188255613126,0.8955454230308533
0.970856102003643,0.5178108808290155,0.8955768942832947
0.9708443004656813,0.5175949913644214,0.8956625461578369
0.9710409072498988,0.5175949913644214,0.8959243893623352
0.9710291734197731,0.5173791018998273,0.8960408568382263
0.9710233029381966,0.5172711571675302,0.8961300253868103
0.9710174300770166,0.5171632124352331,0.8965001106262207
0.9710115548347862,0.5170552677029361,0.8965226411819458
0.9710056772100568,0.5169473229706391,0.8966076374053955
0.9709997972013791,0.5168393782383419,0.896616518497467
0.9709939148073022,0.5167314335060449,0.8966554403305054
0.9709880300263746,0.5166234887737479,0.8966857194900513
0.971185064935065,0.5166234887737479,0.8966975212097168
0.9711792165618023,0.5165155440414507,0.8967291712760925
0.9711675126903553,0.5162996545768567,0.8967733383178711
0.9711557993093642,0.5160837651122625,0.8967810869216919
0.9713414634146341,0.5158678756476683,0.8968051075935364
0.9713356373246594,0.5157599309153713,0.8968061208724976
0.9713298088653924,0.5156519861830743,0.8970045447349548
0.9713181448331977,0.5154360967184801,0.8970500230789185
0.9715157680569685,0.5154360967184801,0.8971589207649231
0.9715099715099715,0.5153281519861831,0.8973341584205627
0.9715041726032974,0.5152202072538861,0.8973626494407654
0.9714983713355049,0.5151122625215889,0.8974159359931946
0.9714925677051517,0.5150043177892919,0.8974544405937195
0.9714867617107943,0.5148963730569949,0.8977948427200317
0.9714809533509879,0.5147884283246977,0.8978102207183838
0.9714751426242869,0.5146804835924007,0.8978950381278992
0.9714693295292439,0.5145725388601037,0.8979963660240173
0.9716673461068079,0.5145725388601037,0.8980926275253296
0.9716615698267075,0.5144645941278065,0.8983509540557861
0.9716557911908646,0.5143566493955095,0.8983820080757141
0.971650010197838,0.5142487046632125,0.8985050916671753
0.9716442268461852,0.5141407599309153,0.8987051248550415
0.9716384411344624,0.5140328151986183,0.8987432718276978
0.9718367346938775,0.5140328151986183,0.8988014459609985
0.971830985915493,0.5139248704663213,0.8989565968513489
0.972029399755002,0.5139248704663213,0.8990628719329834
0.9722278946293649,0.5139248704663213,0.8992878198623657
0.9722222222222222,0.5138169257340242,0.8993124961853027
0.9724208375893769,0.5138169257340242,0.8993505835533142
0.9724152022885165,0.5137089810017271,0.8993664979934692
0.9726139382791743,0.5137089810017271,0.8995130062103271
0.9726083401471791,0.5136010362694301,0.8998394012451172
0.9726027397260274,0.513493091537133,0.8998515009880066
0.97280163599182,0.513493091537133,0.8998726010322571
0.9727960728165269,0.5133851468048359,0.9002016186714172
0.9727905073649754,0.5132772020725389,0.9002129435539246
0.9729895641497851,0.5132772020725389,0.9003071188926697
0.9729840360212854,0.5131692573402418,0.9005488753318787
0.972978505629478,0.5130613126079447,0.9005731344223022
0.9731777231777232,0.5130613126079447,0.9008581042289734
0.9731722301863609,0.5129533678756477,0.9009736776351929
0.973161237451342,0.5127374784110535,0.9014197587966919
0.973155737704918,0.5126295336787565,0.9014275074005127
0.9733551957368313,0.5126295336787565,0.9018493890762329
0.9735547355473555,0.5126295336787565,0.9021294713020325
0.973549313102317,0.5125215889464594,0.9021446108818054
0.9737489745693191,0.5125215889464594,0.9022793173789978
0.973948717948718,0.5125215889464594,0.9023590087890625
0.9739433729995897,0.5124136442141624,0.9024415016174316
0.9739380258567617,0.5123056994818653,0.9025450348854065
0.9741379310344828,0.5123056994818653,0.9026200771331787
0.9741326216382673,0.5121977547495682,0.9026941061019897
0.9743326488706365,0.5121977547495682,0.9029539227485657
0.9743273772848634,0.5120898100172712,0.9030947685241699
0.9743221035332785,0.5119818652849741,0.9031606912612915
0.974316827614547,0.511873920552677,0.9032521843910217
0.9743115495273326,0.51176597582038,0.9033694267272949
0.9743062692702981,0.5116580310880829,0.9034273028373718
0.9745065789473685,0.5116580310880829,0.9034576416015625
0.9747069710055521,0.5116580310880829,0.9038471579551697
0.9747017688194158,0.5115500863557858,0.903925359249115
0.9746965644929027,0.5114421416234888,0.9040038585662842
0.9746913580246913,0.5113341968911918,0.9042091965675354
0.9746861494134595,0.5112262521588946,0.904298722743988
0.9748867846850556,0.5112262521588946,0.9044510722160339
0.9750823723228995,0.5111183074265976,0.9047176241874695
0.9750772399588054,0.5110103626943006,0.9049481749534607
0.9750721054800164,0.5109024179620034,0.9049879908561707
0.9750669688852256,0.5107944732297064,0.9050000905990601
0.9750618301731245,0.5106865284974094,0.9050043225288391
0.9750566893424036,0.5105785837651122,0.9052363634109497
0.9752577319587629,0.5105785837651122,0.905470073223114
0.9752526294081254,0.5104706390328152,0.9059385657310486
0.9752424179905096,0.510254749568221,0.9064399003982544
0.9754436648782501,0.510254749568221,0.9068278074264526
0.9754385964912281,0.510146804835924,0.9068586230278015
0.9754335260115607,0.510038860103627,0.9070791602134705
0.9754284534379517,0.5099309153713298,0.9071844220161438
0.9756248708944433,0.5098229706390328,0.9072657227516174
0.9758264462809917,0.5098229706390328,0.9073976278305054
0.9760281049803678,0.5098229706390328,0.9074249267578125
0.9762298470442331,0.5098229706390328,0.9074347615242004
0.976431672524292,0.5098229706390328,0.9076312780380249
0.9764267990074442,0.5097150259067358,0.9078404307365417
0.9766239139429044,0.5096070811744386,0.907931923866272
0.9766190771777364,0.5094991364421416,0.9080606698989868
0.976614238410596,0.5093911917098446,0.9080991744995117
0.9766093976402401,0.5092832469775475,0.9082464575767517
0.9766045548654244,0.5091753022452504,0.9082996845245361
0.9765997100849038,0.5090673575129534,0.9085155129432678
0.9768019884009942,0.5090673575129534,0.9088032245635986
0.9770043505282784,0.5090673575129534,0.9089105129241943
0.9772067965188562,0.5090673575129534,0.908959686756134
0.9772020725388602,0.5089594127806563,0.9090422987937927
0.9771973466003316,0.5088514680483592,0.9090778827667236
0.9771926187020527,0.5087435233160622,0.9091624021530151
0.9771878888428038,0.5086355785837651,0.9095192551612854
0.9771831570213648,0.508527633851468,0.9097577929496765
0.9771784232365145,0.508419689119171,0.9099991917610168
0.9771736874870305,0.5083117443868739,0.9100155234336853
0.9771689497716894,0.5082037996545768,0.910049319267273
0.9771594684385382,0.5079879101899827,0.9101635813713074
0.9771547248182763,0.5078799654576857,0.9102297425270081
0.9773577066888243,0.5078799654576857,0.9110162854194641
0.9773530022854768,0.5077720207253886,0.9110814929008484
0.9775561097256857,0.5077720207253886,0.9111390113830566
0.9777593016004988,0.5077720207253886,0.911166787147522
0.9777546777546777,0.5076640759930915,0.9114767909049988
0.9777500519858598,0.5075561312607945,0.9115211367607117
0.9777454242928453,0.5074481865284974,0.9119532108306885
0.9777407946744331,0.5073402417962003,0.9119606614112854
0.9779442363712026,0.5073402417962003,0.911980390548706
0.977939646201873,0.5072322970639033,0.912003755569458
0.9779350541215653,0.5071243523316062,0.9120972156524658
0.977930460129086,0.5070164075993091,0.9121523499488831
0.9779258642232403,0.5069084628670121,0.9123257398605347
0.9781295563424287,0.5069084628670121,0.9125492572784424
0.978125,0.506800518134715,0.9125596880912781
0.978328818503855,0.506800518134715,0.9126014709472656
0.9787278415015641,0.5065846286701209,0.9130040407180786
0.9787234042553191,0.5064766839378239,0.9130354523658752
0.9787145242070117,0.5062607944732297,0.9131014943122864
0.978918806094761,0.5062607944732297,0.9132649302482605
0.9789100020881186,0.5060449050086355,0.913451611995697
0.9791144527986633,0.5060449050086355,0.9135035276412964
0.9791100898266137,0.5059369602763385,0.9135580658912659
0.9791057250313414,0.5058290155440415,0.9137684106826782
0.9791013584117032,0.5057210708117443,0.9141141772270203
0.9793060200668896,0.5057210708117443,0.9144673943519592
0.979297365119197,0.5055051813471503,0.9144729971885681
0.9795021961932651,0.5055051813471503,0.9145902395248413
0.9796986186688991,0.5052892918825561,0.9147328734397888
0.9799037052543438,0.5052892918825561,0.9147451519966125
0.9798994974874372,0.5051813471502591,0.9147825241088867
0.9798952879581152,0.5050734024179621,0.9149115681648254
0.9798826487845766,0.5047495682210709,0.9151243567466736
0.9798784321945085,0.5046416234887737,0.9152551293373108
0.980083857442348,0.5046416234887737,0.9153779745101929
0.9800796812749004,0.5045336787564767,0.9154067635536194
0.9800755033557047,0.5044257340241797,0.9156105518341064
0.9800713236836585,0.5043177892918825,0.9156917333602905
0.9800671422576585,0.5042098445595855,0.915826678276062
0.9802728226652676,0.5042098445595855,0.915871798992157
0.9802645391559941,0.5039939550949913,0.9160004258155823
0.9802603947921041,0.5038860103626943,0.9160311818122864
0.9802562486872506,0.5037780656303973,0.9160706996917725
0.9802479512502627,0.5035621761658031,0.9163646101951599
0.980243799915931,0.5034542314335061,0.916550874710083
0.9802354920100925,0.5032383419689119,0.9169228672981262
0.9802230170418683,0.5029145077720207,0.9170519709587097
0.9802188552188552,0.5028065630397237,0.9170677065849304
0.9802146916438644,0.5026986183074266,0.9171232581138611
0.9802105263157894,0.5025906735751295,0.9171518087387085
0.9802063592335228,0.5024827288428325,0.9173470139503479
0.9802021903959562,0.5023747841105354,0.9174778461456299
0.9801980198019802,0.5022668393782384,0.917561948299408
0.9804045512010113,0.5022668393782384,0.917751669883728
0.9808178752107926,0.5022668393782384,0.9177669882774353
0.9808138309087076,0.5021588946459413,0.9180812239646912
0.9808097849008857,0.5020509499136442,0.9182063937187195
0.9808057371862476,0.5019430051813472,0.9184461832046509
0.9810126582278481,0.5019430051813472,0.9184631705284119
0.9812196665963283,0.5019430051813472,0.9188377261161804
0.9812157028281976,0.5018350604490501,0.918864369392395
0.9812117373865316,0.501727115716753,0.9190810322761536
0.9812077702702703,0.501619170984456,0.9191150069236755
0.9812038014783527,0.5015112262521589,0.919282078742981
0.9814110688635403,0.5015112262521589,0.9193128943443298
0.9814071413479822,0.5014032815198618,0.9194175004959106
0.981614539306847,0.5014032815198618,0.9195976257324219
0.9816106531388713,0.5012953367875648,0.9196361303329468
0.9818181818181818,0.5012953367875648,0.9197152853012085
0.9820257982660182,0.5012953367875648,0.9197370409965515
0.9820219966159053,0.5011873920552677,0.9198674559593201
0.9822297440236937,0.5011873920552677,0.9199283719062805
0.9822184589331076,0.5008635578583766,0.9199792146682739
0.9822109275730623,0.5006476683937824,0.9200936555862427
0.982207159500106,0.5005397236614854,0.9203020930290222
0.9822033898305085,0.5004317789291882,0.9207068681716919
0.9821996185632549,0.5003238341968912,0.9208688735961914
0.9821958456973294,0.5002158894645942,0.9209023118019104
0.9824040703837185,0.5002158894645942,0.9212120771408081
0.9824003392705682,0.500107944732297,0.9212428331375122
0.9823966065747614,0.5,0.9212778806686401
0.9823928722952906,0.4998920552677029,0.9213723540306091
0.9823891364311479,0.4997841105354059,0.9214333891868591
0.9823853989813243,0.4996761658031088,0.9214781522750854
0.98238165994481,0.4995682210708117,0.921644389629364
0.9823779193205945,0.4994602763385147,0.9218659996986389
0.9823741771076662,0.4993523316062176,0.9220665097236633
0.9823704333050127,0.49924438687392053,0.9222940802574158
0.9827879303017425,0.49924438687392053,0.922529399394989
0.9827842720510096,0.4991364421416235,0.922619640827179
0.982780612244898,0.4990284974093264,0.9226900339126587
0.982989581118435,0.4990284974093264,0.9228065609931946
0.9829859634198214,0.49892055267702934,0.9228745698928833
0.982982344182089,0.4988126079447323,0.9230223298072815
0.9829787234042553,0.49870466321243523,0.9230884909629822
0.9829751010853373,0.49859671848013815,0.923356831073761
0.9829714772243507,0.4984887737478411,0.9234396815299988
0.9829678518203109,0.49838082901554404,0.9235072731971741
0.9829642248722317,0.49827288428324695,0.9236592650413513
0.9831735889243877,0.49827288428324695,0.9237152934074402
0.9831700042607584,0.4981649395509499,0.9237732887268066
0.9833795013850416,0.4981649395509499,0.9243466854095459
0.9833724152632701,0.49794905008635576,0.9245782494544983
0.9835820895522388,0.49794905008635576,0.924592137336731
0.9837918532736191,0.49794905008635576,0.9246442317962646
0.9837883959044369,0.49784110535405873,0.9247000813484192
0.9839948783610756,0.49773316062176165,0.9247918128967285
0.983991462113127,0.49762521588946457,0.9252347946166992
0.9839880444064901,0.49751727115716754,0.9253280758857727
0.9841981635703608,0.49751727115716754,0.9257329702377319
0.9841947885519009,0.49740932642487046,0.9257388710975647
0.9844050416577654,0.49740932642487046,0.9257676005363464
0.9844017094017095,0.49730138169257343,0.9257912039756775
0.984398375721308,0.49719343696027635,0.9261120557785034
0.9843950406156478,0.49708549222797926,0.9261631369590759
0.9846055163566388,0.49708549222797926,0.9266175031661987
0.9846022241231822,0.49697754749568224,0.9266874194145203
0.9845989304812834,0.49686960276338515,0.9267256855964661
0.9845956354300385,0.49676165803108807,0.9267416000366211
0.9845923389685427,0.49665371329879104,0.9267572164535522
0.9845890410958904,0.49654576856649396,0.9268486499786377
0.9845857418111753,0.4964378238341969,0.9268592000007629
0.9845824411134904,0.49632987910189985,0.9272782802581787
0.9845791390019276,0.49622193436960277,0.927480161190033
0.9845758354755784,0.4961139896373057,0.9276083111763
0.9845725305335333,0.49600604490500866,0.9276320338249207
0.9845692241748821,0.4958981001727116,0.9277189373970032
0.9845659163987138,0.4957901554404145,0.9277352094650269
0.9845626072041166,0.49568221070811747,0.9280874133110046
0.9847606782571368,0.4952504317789292,0.9282287955284119
0.98475740661228,0.4951424870466321,0.9282804727554321
0.9847541335623792,0.4950345423143351,0.9282888770103455
0.9847508591065293,0.494926597582038,0.9283494353294373
0.9847475832438238,0.4948186528497409,0.9284096360206604
0.9847443059733563,0.4947107081174439,0.9284672737121582
0.9849559424027509,0.4947107081174439,0.9285078644752502
0.9851676698194325,0.4947107081174439,0.9285364151000977
0.9851644807568265,0.4946027633851468,0.928676962852478
0.9853763440860215,0.4946027633851468,0.9287570714950562
0.9855882985588299,0.4946027633851468,0.9292033314704895
0.9855851979345955,0.4944948186528497,0.9293984174728394
0.9855820959758984,0.4943868739205527,0.9294809103012085
0.9855789926818769,0.4942789291882556,0.9296206831932068
0.9855758880516685,0.49417098445595853,0.9296336770057678
0.98557278208441,0.4940630397236615,0.9296414852142334
0.9857850527676072,0.4940630397236615,0.9298095703125
0.985781990521327,0.4939550949913644,0.9300692677497864
0.9857789269553976,0.49384715025906734,0.9300917387008667
0.9857758620689655,0.4937392055267703,0.9301568865776062
0.9857727958611769,0.4936312607944732,0.9301743507385254
0.9857697283311773,0.49352331606217614,0.9303457736968994
0.9857666594781108,0.4934153713298791,0.9304174184799194
0.9857635893011216,0.49330742659758203,0.9304555654525757
0.9859762675296656,0.49330742659758203,0.9306559562683105
0.9859732412602503,0.49319948186528495,0.9307768940925598
0.9859702136844377,0.4930915371329879,0.9308751821517944
0.9859671848013817,0.49298359240069084,0.9310774207115173
0.9859641546102353,0.49287564766839376,0.9312411546707153
0.9859611231101512,0.49276770293609673,0.9314233064651489
0.9859580903002808,0.49265975820379965,0.9314467906951904
0.9859550561797753,0.49255181347150256,0.9314723610877991
0.9859520207477848,0.49244386873920554,0.9318155646324158
0.9859489840034588,0.49233592400690845,0.9318273663520813
0.9861621621621621,0.49233592400690845,0.9320414662361145
0.986159169550173,0.49222797927461137,0.932129979133606
0.9861561756435215,0.49212003454231434,0.932196319103241
0.9861501839428695,0.49190414507772023,0.9322141408920288
0.9863577306193158,0.49168825561312607,0.9322665333747864
0.9863518197573656,0.49147236614853196,0.9322922229766846
0.9863488624052005,0.4913644214162349,0.9323573112487793
0.9865626354573038,0.4913644214162349,0.9325898289680481
0.9865597225233037,0.49125647668393785,0.9325922131538391
0.9865568083261058,0.49114853195164077,0.9328442215919495
0.9867707655606159,0.49114853195164077,0.9330467581748962
0.986767895878525,0.4910405872193437,0.9330740571022034
0.9867650249511825,0.49093264248704666,0.9331442713737488
0.9869791666666666,0.49093264248704666,0.9332194328308105
0.9869763403516388,0.4908246977547496,0.933237612247467
0.9869735128093791,0.4907167530224525,0.9332647323608398
0.9869706840390879,0.49060880829015546,0.9334081411361694
0.9869678540399652,0.4905008635578584,0.9336878061294556
0.9869650228112101,0.4903929188255613,0.9337395429611206
0.9869621903520208,0.49028497409326427,0.9337946772575378
0.9869593566615953,0.4901770293609672,0.9339513182640076
0.9869565217391304,0.4900690846286701,0.9341016411781311
0.9869536855838226,0.4899611398963731,0.9341701865196228
0.9869508481948673,0.489853195164076,0.934190034866333
0.9869480095714597,0.4897452504317789,0.9342353940010071
0.9869451697127938,0.4896373056994819,0.9343485236167908
0.9869423286180631,0.4895293609671848,0.9343838691711426
0.9869394862864606,0.4894214162348877,0.9345577359199524
0.9869366427171783,0.4893134715025907,0.9346886277198792
0.9869337979094077,0.4892055267702936,0.9347624778747559
0.986925256047069,0.4888816925734024,0.9348980188369751
0.986922406277245,0.48877374784110533,0.9349538683891296
0.987137562677131,0.48877374784110533,0.9349730610847473
0.987352812908853,0.48877374784110533,0.9350995421409607
0.9873500545256271,0.4886658031088083,0.9351375102996826
0.9873472949389179,0.4885578583765112,0.9351443648338318
0.987344534147938,0.48844991364421414,0.935259997844696
0.9873417721518988,0.4883419689119171,0.9352632164955139
0.9875573018991487,0.4883419689119171,0.9353553056716919
0.9875545851528384,0.48823402417962003,0.9354724884033203
0.9875518672199171,0.48812607944732295,0.9356406927108765
0.9875491480996068,0.4880181347150259,0.9357426166534424
0.9875464277911296,0.48791018998272884,0.9358134269714355
0.9875437062937062,0.48780224525043175,0.9360285401344299
0.9875409836065574,0.4876943005181347,0.9361885786056519
0.9875382597289025,0.48758635578583764,0.9363542795181274
0.9875355346599607,0.48747841105354056,0.936525285243988
0.9875328083989501,0.48737046632124353,0.9367023706436157
0.9877488514548239,0.48737046632124353,0.9367377161979675
0.987746170678337,0.48726252158894645,0.9367863535881042
0.9877434887283869,0.48715457685664937,0.9370009899139404
0.9877408056042032,0.48704663212435234,0.937079131603241
0.9877381213050143,0.48693868739205526,0.9372443556785583
0.9877354358300482,0.48683074265975823,0.9375141859054565
0.9877300613496932,0.48661485319516407,0.9375708103179932
0.9879465264080649,0.48661485319516407,0.9376050233840942
0.9879438842612889,0.48650690846286704,0.9376661777496338
0.9879412409559307,0.48639896373056996,0.9377712607383728
0.9879385964912281,0.4862910189982729,0.9378640651702881
0.9879359508664181,0.48618307426597585,0.937949538230896
0.9881526985519965,0.48618307426597585,0.938027024269104
0.9881500987491771,0.48607512953367876,0.9380733370780945
0.9881474978050921,0.4859671848013817,0.9384385347366333
0.9881448957189901,0.48585924006908465,0.9384713768959045
0.9881396881177246,0.4856433506044905,0.9385338425636292
0.9881370826010545,0.48553540587219346,0.9385879039764404
0.9881318681318682,0.4853195164075993,0.9386079907417297
0.9881266490765171,0.4851036269430052,0.9387006163597107
0.9881240378271388,0.4849956822107081,0.9389414191246033
0.9881214254289485,0.4848877374784111,0.9391486048698425
0.9881135813339204,0.4845639032815199,0.9392353892326355
0.988110964332893,0.4844559585492228,0.9392778873443604
0.9881083461792557,0.4843480138169257,0.939403772354126
0.9881057268722467,0.4842400690846287,0.9395317435264587
0.9881031064111038,0.4841321243523316,0.9396944046020508
0.988100484795064,0.4840241796200345,0.9398342370986938
0.9883182719858937,0.4840241796200345,0.9402297139167786
0.98831569664903,0.4839162348877375,0.9402971267700195
0.9883131201764057,0.4838082901554404,0.9403095841407776
0.9883105425672695,0.48370034542314333,0.9404537677764893
0.9883079638208692,0.4835924006908463,0.9405025839805603
0.9883053839364518,0.4834844559585492,0.9405165314674377
0.9883028029132642,0.48337651122625214,0.9405513405799866
0.9885209713024282,0.48337651122625214,0.9406768679618835
0.9885184367410025,0.4832685664939551,0.9406895041465759
0.9885159010600707,0.483160621761658,0.9406908750534058
0.9885133642588911,0.48305267702936094,0.9407851696014404
0.9885108263367212,0.4829447322970639,0.9409404397010803
0.9885082872928177,0.48283678756476683,0.9409630298614502
0.9885057471264368,0.48272884283246975,0.941044270992279
0.9887242980322795,0.48272884283246975,0.9410660266876221
0.9887218045112782,0.4826208981001727,0.9411141872406006
0.988716814159292,0.48240500863557856,0.9413251876831055
0.9887143173268422,0.48229706390328153,0.9413266777992249
0.9887118193891102,0.48218911917098445,0.9414311051368713
0.988709320345362,0.48208117443868737,0.9414554238319397
0.988704318936877,0.48186528497409326,0.94153892993927
0.988701816570669,0.48175734024179623,0.941565990447998
0.9886968085106383,0.48154145077720206,0.9415688514709473
0.9886943028153403,0.48143350604490504,0.9416640400886536
0.9886917960088691,0.48132556131260795,0.9417450428009033
0.9886892880904857,0.48121761658031087,0.9418460130691528
0.9889086069210293,0.48121761658031087,0.9418540596961975
0.9889061459951187,0.48110967184801384,0.9419365525245667
0.9889012208657048,0.4808937823834197,0.9420098662376404
0.988898756660746,0.48078583765112265,0.9421740174293518
0.9888962913613146,0.48067789291882557,0.942196249961853
0.9888938249666814,0.4805699481865285,0.9422107934951782
0.9888913574761165,0.48046200345423146,0.9423812627792358
0.9888864192042676,0.4802461139896373,0.9423842430114746
0.9891062694530902,0.4802461139896373,0.9424887299537659
0.9891038470091172,0.48013816925734026,0.9424908757209778
0.9891014234875445,0.4800302245250432,0.9425525069236755
0.989321468298109,0.4800302245250432,0.9426546096801758
0.9893190921228304,0.4799222797927461,0.9427283406257629
0.9893167148898286,0.47981433506044907,0.9427633285522461
0.9893143365983972,0.479706390328152,0.9427722096443176
0.9893119572478289,0.4795984455958549,0.9428752064704895
0.9893095768374165,0.4794905008635579,0.942880392074585
0.9893071953664513,0.4793825561312608,0.9429123997688293
0.9893048128342246,0.4792746113989637,0.942936360836029
0.9893024292400268,0.4791666666666667,0.9430738687515259
0.9892976588628762,0.4789507772020725,0.9431082010269165
0.9895182872435325,0.4789507772020725,0.9431622624397278
0.9895159491412001,0.4788428324697755,0.9432083368301392
0.9895136099955377,0.4787348877374784,0.9432222843170166
0.9895112698058469,0.4786269430051813,0.943352222442627
0.9895089285714286,0.4785189982728843,0.9434007406234741
0.989506586291583,0.4784110535405872,0.9434309601783752
0.9895042429656097,0.47830310880829013,0.9434391260147095
0.9895018985928077,0.4781951640759931,0.9434571862220764
0.9894972067039106,0.47797927461139894,0.943472683429718
0.9894948591864103,0.4778713298791019,0.9435383677482605
0.9894925106192712,0.47776338514680483,0.9435471892356873
0.9894901610017889,0.47765544041450775,0.9436109662055969
0.9894878103332588,0.4775474956822107,0.9437376856803894
0.9894854586129754,0.47743955094991364,0.9437682628631592
0.9894831058402327,0.47733160621761656,0.9437947273254395
0.9894807520143241,0.47722366148531953,0.9438032507896423
0.9894760412001792,0.47700777202072536,0.9438703656196594
0.989468967062514,0.47668393782383417,0.943897545337677
0.989464245684824,0.47646804835924006,0.9439335465431213
0.9894618834080717,0.47636010362694303,0.9439548850059509
0.9894571556751907,0.47614421416234887,0.9439733624458313
0.9894547902176352,0.47603626943005184,0.9440047144889832
0.9894524236983842,0.47592832469775476,0.9440381526947021
0.9894500561167228,0.4758203799654577,0.9441595077514648
0.9894476874719353,0.47571243523316065,0.9441825747489929
0.9894453177633057,0.47560449050086356,0.9441863894462585
0.9896675651392632,0.47560449050086356,0.9442144632339478
0.989665243765446,0.4754965457685665,0.9442262649536133
0.9896629213483146,0.47538860103626945,0.9443544745445251
0.9896605978871656,0.47528065630397237,0.9443573355674744
0.9896559478299978,0.47506476683937826,0.9444189667701721
0.9896536212325686,0.4749568221070812,0.9444920420646667
0.9896512935883015,0.4748488773747841,0.9445039629936218
0.9896489648964897,0.47474093264248707,0.9445345997810364
0.9896466351564258,0.47463298791019,0.9445862770080566
0.989644304367402,0.4745250431778929,0.9446247816085815
0.9896419725287098,0.4744170984455959,0.9447115659713745
0.9898625816625366,0.4743091537132988,0.9447339177131653
0.9900856241550248,0.4743091537132988,0.9449169635772705
0.9900833896777101,0.4742012089810017,0.9449515342712402
0.9900811541929666,0.4740932642487047,0.9450387358665466
0.990304396843292,0.4740932642487047,0.9450643062591553
0.9905277401894452,0.4740932642487047,0.9450677037239075
0.9905256034288292,0.4739853195164076,0.9451643824577332
0.9905234657039711,0.4738773747841105,0.9452154040336609
0.990521327014218,0.4737694300518135,0.9452557563781738
0.9905191873589165,0.4736614853195164,0.9452790021896362
0.9905170467374125,0.4735535405872193,0.9453455805778503
0.9905149051490515,0.4734455958549223,0.9453456997871399
0.9905127625931782,0.4733376511226252,0.94536954164505
0.990510619069137,0.47322970639032813,0.9453714489936829
0.9905084745762712,0.4731217616580311,0.9454411268234253
0.9907302735699751,0.473013816925734,0.9454649090766907
0.9909543193125283,0.473013816925734,0.9455157518386841
0.9909522732413482,0.47290587219343694,0.9455902576446533
0.9909502262443439,0.4727979274611399,0.945650577545166
0.9909440796920987,0.4724740932642487,0.9456685781478882
0.9909420289855072,0.47236614853195164,0.9456700682640076
0.9909399773499433,0.47225820379965455,0.9457511305809021
0.9909379247847757,0.4721502590673575,0.9458561539649963
0.991162474507138,0.4721502590673575,0.9458861947059631
0.9911604714415231,0.47204231433506044,0.9459255933761597
0.9911584674676944,0.47193436960276336,0.9459284543991089
0.991156462585034,0.47182642487046633,0.9459397792816162
0.9911544567929236,0.47171848013816925,0.9459760189056396
0.9913793103448276,0.47171848013816925,0.946053147315979
0.9916023604176123,0.47161053540587217,0.9460791945457458
0.9916004540295119,0.47150259067357514,0.946177065372467
0.9915985467756585,0.47139464594127806,0.9461881518363953
0.9915928198136787,0.47107081174438686,0.946223795413971
0.9918181818181818,0.47107081174438686,0.946244478225708
0.9918144611186903,0.47085492227979275,0.9462704658508301
0.9918125994996588,0.47074697754749567,0.9462794065475464
0.9918070095584889,0.4704231433506045,0.9462879300117493
0.9918051445481447,0.47031519861830745,0.9462893605232239
0.9917995444191344,0.46999136442141626,0.9463083148002625
0.9917976760082023,0.4698834196891192,0.9463456869125366
0.99179580674567,0.4697754749568221,0.9465330243110657
0.991793936630955,0.46966753022452506,0.9465697407722473
0.9917920656634747,0.469559585492228,0.9465824365615845
0.9917883211678832,0.46934369602763387,0.9466562867164612
0.9917864476386037,0.4692357512953368,0.9467078447341919
0.9917845732542219,0.4691278065630397,0.9467886686325073
0.991782698014152,0.4690198618307427,0.9468405842781067
0.9917808219178083,0.4689119170984456,0.9468862414360046
0.9917789449646038,0.4688039723661485,0.9469374418258667
0.9920054819552308,0.4688039723661485,0.9471725225448608
0.992,0.4684801381692573,0.9471806883811951
0.9919981710105167,0.4683721934369603,0.9471816420555115
0.9922250171506974,0.4683721934369603,0.9471898674964905
0.9922232387923148,0.4682642487046632,0.9472659230232239
0.9922196796338673,0.4680483592400691,0.9472978115081787
0.9922178988326849,0.467940414507772,0.9473000168800354
0.9922161172161172,0.46783246977547494,0.9473305344581604
0.9922143347836043,0.4677245250431779,0.9473468065261841
0.9922125515345854,0.4676165803108808,0.9474149346351624
0.9922107674684995,0.46750863557858374,0.9474484324455261
0.9924381301558204,0.46750863557858374,0.9475271701812744
0.9924363969745588,0.4674006908462867,0.9475707411766052
0.9924346629986245,0.46729274611398963,0.9476524591445923
0.9924329282274708,0.46718480138169255,0.9476606845855713
0.9924311926605505,0.4670768566493955,0.947704553604126
0.9924294562973159,0.46696891191709844,0.9477511644363403
0.9924277191372189,0.46686096718480136,0.9477702379226685
0.9924259811797108,0.46675302245250433,0.9478108882904053
0.9924190213645762,0.46632124352331605,0.947817862033844
0.9924172794117647,0.46621329879101897,0.9478411078453064
0.9924068108605615,0.46556563039723664,0.9479238986968994
0.9923998157531092,0.46513385146804836,0.9479331970214844
0.9923980649619903,0.4650259067357513,0.9479786157608032
0.9923963133640553,0.46491796200345425,0.9479831457138062
0.9923945609587462,0.46481001727115717,0.9480370283126831
0.9923910537237722,0.46459412780656306,0.9480749368667603
0.9923892988929889,0.464486183074266,0.948270857334137
0.9926165205353022,0.4643782383419689,0.9483816027641296
0.992614816524348,0.46427029360967187,0.9483837485313416
0.9926079926079926,0.4638385146804836,0.9484432935714722
0.9926028663892742,0.4635146804835924,0.9485223293304443
0.9926011560693642,0.4634067357512953,0.948525071144104
0.9925994449583718,0.4632987910189983,0.9485591053962708
0.9925977330557483,0.4631908462867012,0.9485951662063599
0.992596020360944,0.4630829015544041,0.9486140012741089
0.9925943068734089,0.4629749568221071,0.9486862421035767
0.9925925925925926,0.46286701208981,0.9487534165382385
0.992590877517944,0.46275906735751293,0.9487981200218201
0.9925891616489115,0.4626511226252159,0.9489157795906067
0.9925874449849432,0.4625431778929188,0.9489694237709045
0.9925840092699885,0.4623272884283247,0.9490076303482056
0.9925822902178952,0.46221934369602763,0.9491626024246216
0.9925805703686529,0.46211139896373055,0.9491872191429138
0.9925788497217068,0.4620034542314335,0.9492421746253967
0.9925736829890925,0.4616796200345423,0.9492955803871155
0.99256332791076,0.46103195164075994,0.9493840932846069
0.992794049279405,0.46103195164075994,0.9494360089302063
0.9927906976744186,0.46081606217616583,0.9494448304176331
0.992789020702489,0.46070811744386875,0.9494649171829224
0.9927873429502094,0.46060017271157166,0.9494819045066833
0.9927856644170352,0.46049222797927464,0.9495738744735718
0.9927839851024208,0.46038428324697755,0.949597954750061
0.9927823050058208,0.46027633851468047,0.9496355056762695
0.9927806241266884,0.46016839378238344,0.9496459364891052
0.9927789424644771,0.46006044905008636,0.9498586058616638
0.9927772600186393,0.4599525043177893,0.9498894810676575
0.9927755767886274,0.45984455958549225,0.9499102234840393
0.9927738927738927,0.45973661485319517,0.949955403804779
0.9927671488567429,0.4593048359240069,0.9499697089195251
0.9927654609101517,0.45919689119170987,0.9500537514686584
0.9927637721755369,0.4590889464594128,0.9500756859779358
0.9927620826523464,0.4589810017271157,0.9500942230224609
0.992760392340028,0.4588730569948187,0.9501424431800842
0.9927587012380285,0.4587651122625216,0.950186550617218
0.9927570093457944,0.4586571675302245,0.9502350091934204
0.9927553166627717,0.4585492227979275,0.950401782989502
0.9927536231884058,0.4584412780656304,0.9506998062133789
0.9927519289221417,0.4583333333333333,0.9507027864456177
0.9927502338634238,0.4582253886010363,0.9507591724395752
0.9927485380116959,0.4581174438687392,0.9507753252983093
0.9927468413664015,0.4580094991364421,0.950785219669342
0.9927451439269834,0.4579015544041451,0.9508771896362305
0.9932100210723483,0.4579015544041451,0.9509129524230957
0.993208430913349,0.457793609671848,0.9509270787239075
0.9932068400093699,0.45768566493955093,0.9509384036064148
0.993200468933177,0.4572538860103627,0.9510082602500916
0.9931988742964353,0.4571459412780656,0.951019823551178
0.9931972789115646,0.45703799654576854,0.9510217308998108
0.9931956827780385,0.4569300518134715,0.9510398507118225
0.9931940858953298,0.45682210708117443,0.9511498212814331
0.9931924882629108,0.45671416234887735,0.9511814117431641
0.9934256867809345,0.45671416234887735,0.9511851072311401
0.9934241427900423,0.4566062176165803,0.9512630701065063
0.9934225980737609,0.45649827288428324,0.951269268989563
0.993421052631579,0.45639032815198616,0.9512794017791748
0.9934179595674659,0.45617443868739205,0.9512823820114136
0.9934164119445098,0.45606649395509496,0.9514665603637695
0.993414863593603,0.45595854922279794,0.9515385627746582
0.993413314514232,0.45585060449050085,0.9515421390533447
0.9934117647058823,0.45574265975820377,0.9516411423683167
0.9934102141680395,0.45563471502590674,0.9516927003860474
0.9934086629001884,0.45552677029360966,0.9518540501594543
0.993407110901813,0.45541882556131263,0.9518553614616394
0.9934055581723975,0.45531088082901555,0.9519286155700684
0.9934040047114252,0.45520293609671847,0.9519360661506653
0.9933993399339934,0.4548791018998273,0.9519476294517517
0.9933977835416176,0.45477115716753025,0.9520466923713684
0.9933962264150943,0.45466321243523317,0.9520676136016846
0.9933946685539042,0.4545552677029361,0.9520972371101379
0.9933915506254425,0.454339378238342,0.9520992040634155
0.9933899905571294,0.4542314335060449,0.9521294236183167
0.9933837429111532,0.45379965457685667,0.9521427154541016
0.9933821791538643,0.4536917098445596,0.9521787166595459
0.9933806146572104,0.4535837651122625,0.9521799087524414
0.9933743492664459,0.4531519861830743,0.9522191286087036
0.9933727810650888,0.4530440414507772,0.9522618651390076
0.9933712121212122,0.4529360967184801,0.9522970914840698
0.9933696424342884,0.4528281519861831,0.9523548483848572
0.9933680720037896,0.452720207253886,0.9524705410003662
0.9936034115138592,0.452720207253886,0.9525014758110046
0.993600379236786,0.4525043177892919,0.9525588154792786
0.9935973440834717,0.45228842832469773,0.9525661468505859
0.993594306049822,0.4520725388601036,0.9525912404060364
0.99359278595159,0.45196459412780654,0.9527785181999207
0.9935912651317351,0.4518566493955095,0.9528782963752747
0.9935866983372922,0.4515328151986183,0.9528852105140686
0.9935851746258019,0.45142487046632124,0.9528918266296387
0.9935821250297124,0.4512089810017271,0.9529010653495789
0.9935805991440799,0.45110103626943004,0.9529027938842773
0.9935790725326992,0.45099309153713296,0.953197181224823
0.9935775451950524,0.45088514680483593,0.9532512426376343
0.9935760171306209,0.45077720207253885,0.9533125758171082
0.9935744883388863,0.45066925734024177,0.953738272190094
0.9938109973815759,0.45066925734024177,0.9537623524665833
0.9938095238095238,0.45056131260794474,0.9538300633430481
0.9938080495356038,0.45045336787564766,0.9539493322372437
0.993806574559314,0.45034542314335063,0.9539642930030823
0.9940433643078389,0.45034542314335063,0.9539662599563599
0.9940419447092469,0.45023747841105355,0.954136073589325
0.9940405244338498,0.45012953367875647,0.9541460871696472
0.9940376818507035,0.44991364421416236,0.9541623592376709
0.9940362595419847,0.4498056994818653,0.9542505145072937
0.994026284348865,0.44905008635578586,0.9544272422790527
0.9940234281616065,0.4488341968911917,0.9546791315078735
0.9940205692418081,0.4486183074265976,0.9547075033187866
0.9940191387559809,0.4485103626943005,0.9547439813613892
0.9940177075855468,0.4484024179620035,0.9547684192657471
0.9940162757300144,0.4482944732297064,0.9547858238220215
0.9940148431888916,0.4481865284974093,0.9548798203468323
0.9940134099616859,0.4480785837651123,0.9550084471702576
0.994251497005988,0.4480785837651123,0.9550793170928955
0.9942501197891711,0.4479706390328152,0.9551489353179932
0.9942459841764565,0.447646804835924,0.9551977515220642
0.994484412470024,0.447646804835924,0.9552368521690369
0.9944830894698968,0.4475388601036269,0.9552635550498962
0.9944817658349329,0.4474309153713299,0.9553419947624207
0.9944804415646749,0.4473229706390328,0.955658495426178
0.99447646493756,0.4469991364421416,0.9556705951690674
0.9944738106679482,0.4467832469775475,0.9557858109474182
0.9944684944684945,0.44635146804835923,0.9558179378509521
0.9944671638200625,0.44624352331606215,0.9558375477790833
0.9944658325312801,0.4461355785837651,0.9558516144752502
0.9944631680308137,0.44591968911917096,0.9558895826339722
0.9944618348182037,0.44581174438687393,0.956043004989624
0.9944591664659118,0.44559585492227977,0.9560844898223877
0.9944578313253012,0.44548791018998274,0.9561148285865784
0.9944564955410943,0.44537996545768566,0.956255316734314
0.994453822040029,0.44516407599309155,0.9562618136405945
0.9944524843222383,0.44505613126079446,0.9563446044921875
0.9944511459589868,0.44494818652849744,0.9563886523246765
0.9944390715667312,0.44397668393782386,0.9565330147743225
0.9944377267230955,0.4438687392055268,0.9565681219100952
0.994436381228834,0.4437607944732297,0.9565972685813904
0.9944350350834745,0.44365284974093266,0.9567400813102722
0.994433688286544,0.4435449050086356,0.9568745493888855
0.9944323408375696,0.4434369602763385,0.956902801990509
0.9944309927360775,0.44332901554404147,0.9569445848464966
0.9944296439815936,0.4432210708117444,0.9569494128227234
0.9944282945736435,0.4431131260794473,0.9569572806358337
0.9944228903976722,0.4426813471502591,0.9570163488388062
0.9944215377152559,0.442573402417962,0.9571220278739929
0.9944201843765162,0.4424654576856649,0.9571990370750427
0.9944188303809754,0.4423575129533679,0.9572708010673523
0.9944147644487615,0.4420336787564767,0.9573878049850464
0.994413407821229,0.4419257340241796,0.9574071168899536
0.9944120505344995,0.44181778929188253,0.957424521446228
0.9944106925880923,0.4417098445595855,0.9575883746147156
0.9944079747143204,0.44149395509499134,0.9576038718223572
0.9944066147859922,0.4413860103626943,0.9576046466827393
0.994403892944039,0.44117012089810015,0.9576236605644226
0.9946458992455586,0.44117012089810015,0.9576283693313599
0.9946432919405892,0.44095423143350604,0.9577174782752991
0.9946380697050938,0.44052245250431776,0.9577334523200989
0.9946341463414634,0.44019861830742657,0.9577338695526123
0.9946275946275946,0.43965889464594127,0.9578977823257446
0.9946262823644357,0.43955094991364424,0.9580134153366089
0.9946249694600537,0.43944300518134716,0.9580309391021729
0.9946236559139785,0.4393350604490501,0.9581016302108765
0.9946223417257394,0.43922711571675305,0.9581393599510193
0.9946210268948655,0.43911917098445596,0.9583021402359009
0.9946197114208853,0.4390112262521589,0.958389937877655
0.9946183953033269,0.43890328151986185,0.958433210849762
0.9946170785417177,0.43879533678756477,0.9584974646568298
0.9946157611355849,0.4386873920552677,0.958505392074585
0.9946144430844553,0.43857944732297066,0.9585867524147034
0.994610485056345,0.43825561312607947,0.9586281776428223
0.9946091644204852,0.4381476683937824,0.9586290121078491
0.9946078431372549,0.4380397236614853,0.9586306810379028
0.9946051986267779,0.4378238341968912,0.9586408734321594
0.9946038753985774,0.4377158894645941,0.9586731791496277
0.9946025515210991,0.4376079447322971,0.9586760401725769
0.994601226993865,0.4375,0.9586934447288513
0.9945932661587613,0.4368523316062176,0.9587315917015076
0.9945906073272682,0.4366364421416235,0.958888828754425
0.994579945799458,0.43577288428324695,0.9589315056800842
0.9945786101527846,0.4356649395509499,0.9589325785636902
0.9945759368836292,0.43544905008635576,0.9589426517486572
0.9945745992601727,0.43534110535405873,0.9590008854866028
0.9945705824284304,0.43501727115716754,0.9590387344360352
0.994569242162429,0.43490932642487046,0.9590727090835571
0.994567901234568,0.43480138169257343,0.9591001272201538
0.9945665596443566,0.43469343696027635,0.9591948390007019
0.9945584961662132,0.43404576856649396,0.9592123031616211
0.9945571499257794,0.4339378238341969,0.9592139720916748
0.9945504087193461,0.4333981001727116,0.9592263698577881
0.9945490584737364,0.4332901554404145,0.9592382907867432
0.99454770755886,0.43318221070811747,0.9592393040657043
0.9945422971967254,0.4327504317789292,0.9593076109886169
0.9945409429280397,0.4326424870466321,0.9594401717185974
0.9945395879870935,0.4325345423143351,0.959475040435791
0.994535519125683,0.4322107081174439,0.9595087766647339
0.9945341614906832,0.4321027633851468,0.9595241546630859
0.9945328031809145,0.4319948186528497,0.9595916271209717
0.9945314441958737,0.4318868739205527,0.9596449732780457
0.9945300845350572,0.4317789291882556,0.9596457481384277
0.9945287241979607,0.43167098445595853,0.9596560597419739
0.9934367541766109,0.3594559585492228,0.9597804546356201
0.993434795583408,0.3593480138169257,0.9598512053489685
0.9934328358208955,0.3592400690846287,0.9598895311355591
0.9934308748880263,0.3591321243523316,0.9598976373672485
0.9934269495070213,0.3589162348877375,0.95993971824646
0.9934230194319881,0.35870034542314333,0.9599462151527405
0.9934190846545019,0.3584844559585492,0.9601883888244629
0.9934171154997008,0.35837651122625214,0.9602059721946716
0.993415145166118,0.3582685664939551,0.9602111577987671
0.9934131736526947,0.358160621761658,0.9602138996124268
0.9934112009583708,0.35805267702936094,0.9602342247962952
0.9933993399339934,0.35740500863557856,0.9602382779121399
0.9933953767637346,0.35718911917098445,0.9602425694465637
0.9933933933933934,0.35708117443868737,0.9602446556091309
0.9933914088314809,0.35697322970639034,0.9602457284927368
0.9936861094407697,0.35675734024179623,0.9602649807929993
0.9939849624060151,0.35675734024179623,0.9602826833724976
0.9942839951865222,0.35675734024179623,0.9603180885314941
0.994277108433735,0.35632556131260795,0.9603243470191956
0.994275384151853,0.35621761658031087,0.96039217710495
0.9942736588306209,0.35610967184801384,0.9603946208953857
0.9942719324690986,0.35600172711571676,0.9604235291481018
0.994270205066345,0.3558937823834197,0.9604754447937012
0.9942684766214178,0.35578583765112265,0.9604877233505249
0.9942667471333736,0.35567789291882557,0.9604880809783936
0.9942354368932039,0.3537348877374784,0.960500180721283
0.9942336874051594,0.3536269430051813,0.960502564907074
0.9942319368548876,0.3535189982728843,0.9605926871299744
0.9942301852414211,0.3534110535405872,0.9606198668479919
0.994228432563791,0.35330310880829013,0.960674524307251
0.994226678821027,0.3531951640759931,0.9607185125350952
0.994224924012158,0.353087219343696,0.9607768654823303
0.9942231681362116,0.35297927461139894,0.9607921242713928
0.9942214111922141,0.3528713298791019,0.9608572721481323
0.9942196531791907,0.35276338514680483,0.9609284996986389
0.9942178940961656,0.35265544041450775,0.9609723091125488
0.9945205479452055,0.35265544041450775,0.9609835743904114
0.9945188794153471,0.3525474956822107,0.9610447883605957
0.9945172098690223,0.35243955094991364,0.9612173438072205
0.9945121951219512,0.35211571675302245,0.9612264633178711
0.9945105215004575,0.35200777202072536,0.9612330794334412
0.9945088468578401,0.35189982728842834,0.9612357020378113
0.9945071711931645,0.35179188255613125,0.9612364768981934
0.9944324157129601,0.34704231433506044,0.9612442851066589
0.994430693069307,0.34693436960276336,0.9612504839897156
0.9944289693593314,0.34682642487046633,0.961286187171936
0.9944272445820433,0.34671848013816925,0.9614202380180359
0.9944029850746269,0.34520725388601037,0.9614291787147522
0.9944012441679627,0.3450993091537133,0.9614613652229309
0.9943995021779714,0.34499136442141626,0.9614708423614502
0.9943977591036415,0.3448834196891192,0.9615111351013184
0.9943942696979134,0.34466753022452506,0.9615491032600403
0.994392523364486,0.344559585492228,0.9617117643356323
0.9943661971830986,0.342940414507772,0.9617917537689209
0.9943626683369872,0.3427245250431779,0.9618596434593201
0.9943520552243489,0.3420768566493955,0.9619934558868408
0.9943502824858758,0.34196891191709844,0.9620179533958435
0.994348508634223,0.34186096718480136,0.9620725512504578
0.9943467336683417,0.34175302245250433,0.9621110558509827
0.9943449575871819,0.34164507772020725,0.9621781706809998
0.994343180389692,0.34153713298791016,0.962209939956665
0.9943414020748192,0.34142918825561314,0.9622132778167725
0.9943396226415094,0.34132124352331605,0.9622472524642944
0.9943378420887071,0.34121329879101897,0.9622628092765808
0.9943360604153556,0.34110535405872194,0.9622629284858704
0.9943199747554433,0.34013385146804836,0.9622717499732971
0.9943145925457991,0.33981001727115717,0.9623456001281738
0.9943127962085309,0.3397020725388601,0.9623616337776184
0.9943074003795066,0.3393782383419689,0.9624090194702148
0.994305599493831,0.33927029360967187,0.9624150395393372
0.9942838996506828,0.3379749568221071,0.9624283313751221
0.9942820838627701,0.33786701208981,0.9624904990196228
0.994280266920877,0.33775906735751293,0.9625173211097717
0.9942784488239034,0.3376511226252159,0.9625802636146545
0.9942675159235669,0.3370034542314335,0.9625988602638245
0.9942656897100988,0.33689550949913644,0.962659478187561
0.9942455242966752,0.33570811744386875,0.962716817855835
0.994243684042213,0.33560017271157166,0.9627315998077393
0.9942418426103646,0.33549222797927464,0.9627947211265564
0.99424,0.33538428324697755,0.9628267884254456
0.9942363112391931,0.33516839378238344,0.9628452062606812
0.994234465086483,0.33506044905008636,0.962864100933075
0.994228919525489,0.33473661485319517,0.9628926515579224
0.9942270686337396,0.3346286701208981,0.9629955291748047
0.9942252165543792,0.33452072538860106,0.9630200862884521
0.9942233632862645,0.334412780656304,0.9630554914474487
0.9942215088282504,0.3343048359240069,0.9631059169769287
0.9942196531791907,0.33419689119170987,0.9631104469299316
0.9942140790742526,0.3338730569948187,0.9631614089012146
0.9941897998708844,0.3324697754749568,0.9631690382957458
0.9941879237972231,0.33236183074265974,0.9631876349449158
0.9941860465116279,0.3322538860103627,0.9631922841072083
0.9941822882999354,0.33203799654576854,0.9633297324180603
0.9941804073714839,0.3319300518134715,0.9633537530899048
0.9941785252263907,0.33182210708117443,0.9633683562278748
0.9941766418634747,0.33171416234887735,0.9633714556694031
0.9941747572815534,0.3316062176165803,0.9633985757827759
0.9941728714794432,0.33149827288428324,0.96341472864151
0.9941709844559585,0.33139032815198616,0.9635488390922546
0.9941672067401166,0.33117443868739205,0.9635543823242188
0.9941653160453808,0.33106649395509496,0.9636263251304626
0.9941634241245136,0.33095854922279794,0.963726282119751
0.994157740993184,0.33063471502590674,0.9638329148292542
0.9941520467836257,0.33031088082901555,0.9639805555343628
0.9941501462463438,0.33020293609671847,0.9639885425567627
0.994148244473342,0.33009499136442144,0.9641120433807373
0.9941463414634146,0.32998704663212436,0.9641887545585632
0.9941444372153546,0.3298791018998273,0.9642505049705505
0.9941118743866536,0.3280440414507772,0.9643247723579407
0.9941099476439791,0.3279360967184801,0.9644418358802795
0.9941080196399346,0.3278281519861831,0.9644477963447571
0.9941060903732809,0.327720207253886,0.964467465877533
0.9941041598427776,0.3276122625215889,0.9644920825958252
0.9941022280471822,0.3275043177892919,0.964602530002594
0.994088669950739,0.32674870466321243,0.9646269083023071
0.9940847847518895,0.3265328151986183,0.9646491408348083
0.9940828402366864,0.32642487046632124,0.9646956920623779
0.9940808944426176,0.32631692573402415,0.9647254347801208
0.9940789473684211,0.3262089810017271,0.9647460579872131
0.9940691927512356,0.32566925734024177,0.964775025844574
0.9940652818991098,0.32545336787564766,0.9649257659912109
0.9940633245382586,0.32534542314335063,0.9650006890296936
0.9940613658858463,0.32523747841105355,0.9652113914489746
0.9940554821664465,0.32491364421416236,0.9653410315513611
0.9940476190476191,0.3244818652849741,0.9653416872024536
0.9940456500165399,0.32437392055267705,0.9654116034507751
0.9940278699402787,0.3234024179620035,0.9654125571250916
0.994025887819449,0.3232944732297064,0.965444028377533
0.9946861507804716,0.3232944732297064,0.9655455946922302
0.9946843853820598,0.3231865284974093,0.965580403804779
0.994682618810236,0.3230785837651123,0.9656504988670349
0.9946737683089214,0.3225388601036269,0.9657064080238342
0.9946648882960987,0.3219991364421416,0.9658737778663635
0.9946559786239145,0.3214594127806563,0.9660309553146362
0.9946541931172737,0.32135146804835923,0.9661942720413208
0.9946524064171123,0.32124352331606215,0.9663042426109314
0.9949849548645938,0.32124352331606215,0.9663084745407104
0.9949815991970559,0.32102763385146804,0.9663679003715515
0.9949731903485255,0.32048791018998274,0.9663981199264526
0.9949715051961113,0.32037996545768566,0.9664677977561951
0.9949681314994968,0.32016407599309155,0.9665035605430603
0.9953020134228188,0.32016407599309155,0.9665124416351318
0.9953004363880497,0.32005613126079446,0.9665923118591309
0.9952988582941572,0.31994818652849744,0.966722846031189
0.9952956989247311,0.31973229706390327,0.9667567014694214
0.9952941176470588,0.31962435233160624,0.9670448303222656
0.9952925353059852,0.31951640759930916,0.9670453667640686
0.9952909519004373,0.3194084628670121,0.9670583009719849
0.9956258411843876,0.3194084628670121,0.9671875238418579
0.9956243688993605,0.31930051813471505,0.9671956896781921
0.9956228956228956,0.31919257340241797,0.9674724340438843
0.99561846983485,0.3188687392055268,0.9675896167755127
0.9956169925826028,0.3187607944732297,0.9676436185836792
0.9956155143338955,0.31865284974093266,0.9677757024765015
0.9956140350877193,0.3185449050086356,0.9677947759628296
0.9956036523503551,0.3177892918825561,0.967836320400238
0.9956021650879567,0.3176813471502591,0.9679071307182312
0.9956006768189509,0.317573402417962,0.9679785966873169
0.9950589129608514,0.2825993091537133,0.968009889125824
0.9950570342205323,0.28249136442141626,0.9680292010307312
0.99505515405097,0.2823834196891192,0.9681587815284729
0.994921875,0.27493523316062174,0.9681692123413086
0.9949119373776908,0.27439550949913644,0.9682772755622864
0.9949039592316739,0.27396373056994816,0.968315601348877
0.9949019607843137,0.27385578583765113,0.9683879017829895
0.994899960768929,0.27374784110535405,0.9684104919433594
0.9948616600790514,0.27169689119170987,0.9684869647026062
0.9948371723590151,0.2704015544041451,0.9685332775115967
0.9948227797690163,0.2696459412780656,0.9686093926429749
0.9948207171314741,0.26953799654576854,0.9686360359191895
0.9946391752577319,0.2603626943005181,0.968817949295044
0.9946369636963697,0.2602547495682211,0.9690306782722473
0.9946303180503924,0.2599309153713299,0.9691627025604248
0.9946035699460357,0.2586355785837651,0.9692826271057129
0.9945945945945946,0.25820379965457685,0.9694828987121582
0.9945923460898503,0.25809585492227977,0.9694832563400269
0.9945900957136912,0.25798791018998274,0.9694867134094238
0.9945878434637802,0.25787996545768566,0.9695555567741394
0.994585589337776,0.25777202072538863,0.9699050784111023
0.9945833333333334,0.25766407599309155,0.9701512455940247
0.9945788156797332,0.25744818652849744,0.9701569676399231
0.9945765540258656,0.25734024179620035,0.9702991843223572
0.9945742904841403,0.25723229706390327,0.9703136682510376
0.9945720250521921,0.25712435233160624,0.9704106450080872
0.9945697577276524,0.25701640759930916,0.9704371094703674
0.9945652173913043,0.25680051813471505,0.9708342552185059
0.9949811794228356,0.25680051813471505,0.9713044762611389
0.994979079497908,0.25669257340241797,0.971512496471405
0.9949769778149854,0.2565846286701209,0.9715302586555481
0.9953936348408711,0.2565846286701209,0.9715796709060669
0.9953878406708595,0.2562607944732297,0.9716776609420776
0.9953859060402684,0.25615284974093266,0.9718528389930725
0.9953839697859841,0.2560449050086356,0.9719816446304321
0.9953820319059614,0.2559369602763385,0.9719931483268738
0.9953781512605042,0.2557210708117444,0.9722462892532349
0.9953762084909626,0.2556131260794473,0.972293496131897
0.9953742640874684,0.2555051813471503,0.9723233580589294
0.995793016407236,0.2555051813471503,0.9723550081253052
0.9957716701902748,0.2542098445595855,0.9729193449020386
0.9957698815566836,0.2541018998272884,0.972934365272522
0.9957680914092255,0.25399395509499134,0.9730761051177979
0.995766299745978,0.2538860103626943,0.9731457829475403
0.9961880559085133,0.2538860103626943,0.9731647372245789
0.9961538461538462,0.25161917098445596,0.9731940627098083
0.9961522017956391,0.2515112262521589,0.9732966423034668
0.9961505560307955,0.25140328151986185,0.9733452796936035
0.9961489088575096,0.25129533678756477,0.9733598828315735
0.9965753424657534,0.25129533678756477,0.9735152721405029
0.9965738758029978,0.2511873920552677,0.9735240936279297
0.9965694682675815,0.2508635578583765,0.9736860394477844
0.996996996996997,0.2508635578583765,0.9737100005149841
0.9969957081545064,0.25075561312607947,0.9738627076148987
0.9969944182052383,0.2506476683937824,0.9739376902580261
0.9969931271477663,0.2505397236614853,0.97420734167099
0.9969918349806618,0.2504317789291883,0.9744029641151428
0.9969905417024936,0.2503238341968912,0.9748758673667908
0.9969892473118279,0.2502158894645941,0.9751850366592407
0.9969879518072289,0.2501079447322971,0.9752968549728394
0.9969866551872578,0.25,0.9756858348846436
0.9969853574504737,0.24989205526770294,0.9757338166236877
0.996984058595433,0.24978411053540586,0.9757870435714722
0.9969827586206896,0.2496761658031088,0.975837230682373
0.9969801553062986,0.24946027633851467,0.9759960770606995
0.9969788519637462,0.24935233160621761,0.9761133790016174
0.9969775474956822,0.24924438687392056,0.9763046503067017
0.9969762419006479,0.24913644214162348,0.9763181805610657
0.9969736273238219,0.24892055267702937,0.9768059253692627
0.9969723183391004,0.24881260794473228,0.9768469929695129
0.9969710082215492,0.24870466321243523,0.9768741726875305
0.996969696969697,0.24859671848013817,0.9770326614379883
0.9969683845820702,0.24848877374784112,0.9771630764007568
0.9969670710571924,0.24838082901554404,0.9772233963012695
0.9969657563935848,0.24827288428324698,0.9773522019386292
0.9969644405897659,0.24816493955094993,0.9774739146232605
0.9969631236442517,0.24805699481865284,0.9775050282478333
0.9969618055555556,0.2479490500863558,0.9776066541671753
0.9973947025618758,0.2479490500863558,0.9777089357376099
0.9973935708079931,0.24784110535405873,0.9780558347702026
0.9973924380704041,0.24773316062176165,0.9780826568603516
0.9973867595818815,0.24719343696027635,0.9781468510627747
0.9973856209150327,0.24708549222797926,0.9782441854476929
0.9978194505015264,0.2469775474956822,0.978320837020874
0.9978184991273996,0.24686960276338515,0.9783541560173035
0.9978175469227412,0.24676165803108807,0.9784159660339355
0.9978165938864629,0.24665371329879102,0.9784249067306519
0.997807978956598,0.24568221070811744,0.9785438179969788
0.9978070175438597,0.24557426597582038,0.9786240458488464
0.9978060552874067,0.24546632124352333,0.9786919951438904
0.9978050921861282,0.24535837651122624,0.9789102673530579
0.9978012313104662,0.244926597582038,0.9790495038032532
0.9977876106194691,0.24341537132987912,0.9791066646575928
0.9977866312527667,0.24330742659758203,0.97913658618927
0.9977856510186005,0.24319948186528498,0.9791814088821411
0.9977846699158175,0.24309153713298792,0.9792261123657227
0.9977827050997783,0.24287564766839378,0.9793292284011841
0.9977817213842058,0.24276770293609673,0.9793908596038818
0.9977797513321492,0.2425518134715026,0.9794508814811707
0.9977787649933363,0.24244386873920554,0.9794681668281555
0.9977777777777778,0.24233592400690845,0.9795212149620056
0.9977738201246661,0.2419041450777202,0.9795255661010742
0.9977728285077951,0.24179620034542315,0.9798761606216431
0.9977477477477478,0.23909758203799655,0.9799507856369019
0.9977457168620378,0.23888169257340242,0.9801360368728638
0.997744700045106,0.23877374784110536,0.9803285598754883
0.9977436823104693,0.23866580310880828,0.9803588390350342
0.9981941309255079,0.23866580310880828,0.9803682565689087
0.998193315266486,0.23855785837651122,0.9804441928863525
0.9981924988703118,0.23844991364421417,0.980556070804596
0.9981916817359855,0.23834196891191708,0.9806016683578491
0.9981908638625057,0.23823402417962003,0.980661153793335
0.9981900452488688,0.23812607944732297,0.9807382225990295
0.9981884057971014,0.23791018998272884,0.9807533621788025
0.998172681589767,0.23585924006908462,0.9807758331298828
0.998133457769482,0.23089378238341968,0.9808362722396851
0.9981325863678805,0.23078583765112262,0.9810722470283508
0.9981317141522653,0.23067789291882557,0.9810873866081238
0.9981308411214953,0.23056994818652848,0.9811866283416748
0.9981299672744273,0.23046200345423143,0.9812092185020447
0.9981114258734656,0.22819516407599308,0.981243908405304
0.9985829003306566,0.22819516407599308,0.9813336730003357
0.9985788725722407,0.22754749568221072,0.981395423412323
0.9985632183908046,0.22506476683937823,0.9814152121543884
0.9985625299472928,0.22495682210708118,0.9815255403518677
0.99856184084372,0.22484887737478412,0.9815343618392944
0.9985604606525912,0.22463298791018999,0.9815736413002014
0.9990398463754201,0.22463298791018999,0.9815905690193176
0.9990393852065321,0.22452504317789293,0.9816769361495972
0.9990389235944258,0.22441709844559585,0.9816962480545044
0.9990384615384615,0.2243091537132988,0.9818007946014404
0.9990379990379991,0.22420120898100174,0.9818429350852966
0.9990375360923965,0.22409326424870465,0.9818499684333801
0.999037072701011,0.2239853195164076,0.9819576740264893
0.9990366088631984,0.22387737478411054,0.9821006655693054
0.9990361445783132,0.22376943005181346,0.9822075963020325
0.999031007751938,0.22258203799654577,0.9823150634765625
0.9990305380513815,0.22247409326424872,0.982368528842926
0.9990295972828724,0.22225820379965458,0.9824762344360352
0.9990291262135922,0.22215025906735753,0.9825813174247742
0.9990286546867412,0.22204231433506044,0.9827523827552795
0.9995129079396006,0.22150259067357514,0.9827613234519958
0.9995126705653021,0.22139464594127806,0.9827993512153625
0.999512432959532,0.221286701208981,0.9828057885169983
0.9995121951219512,0.22117875647668395,0.9828806519508362
0.9995119570522206,0.22107081174438686,0.9828975796699524
0.99951171875,0.2209628670120898,0.9829022884368896
0.9995114802149487,0.22085492227979275,0.9829604625701904
0.9995090819833088,0.21977547495682212,0.9829628467559814
0.99950884086444,0.21966753022452504,0.9830068349838257
0.9995085995085995,0.21955958549222798,0.9830113649368286
0.9995083579154376,0.21945164075993093,0.983028769493103
0.999508116084604,0.21934369602763384,0.9830653667449951
0.999507631708518,0.21912780656303973,0.983171820640564
0.9995073891625615,0.21901986183074265,0.9832456111907959
0.9995059288537549,0.21837219343696027,0.9833196997642517
0.9995056846267919,0.2182642487046632,0.9833605289459229
0.9995054401582592,0.21815630397236616,0.9834066033363342
0.9995049504950495,0.21794041450777202,0.9834256768226624
0.9995047052996533,0.21783246977547496,0.9834364652633667
0.9995044598612488,0.21772452504317788,0.9834708571434021
0.9995042141794744,0.21761658031088082,0.9834731221199036
0.9995039682539683,0.21750863557858377,0.9834785461425781
0.9995034756703078,0.21729274611398963,0.9834806323051453
0.9995032290114257,0.21718480138169258,0.9835745096206665
0.9995027349577325,0.21696891191709844,0.9835761189460754
0.9995024875621891,0.21686096718480138,0.9836047291755676
0.9995022399203584,0.21675302245250433,0.9837701320648193
0.9995012468827931,0.21632124352331605,0.9837745428085327
0.9995009980039921,0.216213298791019,0.9838030338287354
0.9995002498750625,0.2158894645941278,0.9838309288024902
0.9994984954864594,0.21513385146804836,0.9838472008705139
0.9994977398292315,0.21481001727115717,0.9840186238288879
0.9994974874371859,0.21470207253886012,0.9841240048408508
0.9994972347913524,0.21459412780656303,0.98415607213974
0.999484270242393,0.20919689119170984,0.9841799736022949
0.999484004127967,0.20908894645941278,0.9841992855072021
0.9994821336095288,0.20833333333333334,0.9842096567153931
0.9994810586403736,0.20790155440414507,0.9842650890350342
0.9994756161510225,0.2057426597582038,0.9842814803123474
0.9994753410283316,0.20563471502590674,0.9843201637268066
0.9994750656167979,0.20552677029360966,0.9843692779541016
0.9994742376445847,0.20520293609671847,0.9844552278518677
0.9994675186368477,0.20261226252158895,0.9844661951065063
0.9994672349493873,0.20250431778929187,0.9846371412277222
0.9994669509594882,0.20239637305699482,0.984639048576355
0.9994591671173607,0.19948186528497408,0.9846487641334534
0.9994588744588745,0.19937392055267703,0.9846565127372742
0.9994582881906826,0.19915803108808292,0.984710156917572
0.9994259471871412,0.18793177892918825,0.9847518801689148
0.9994229659549914,0.18696027633851467,0.9847618341445923
0.9994212962962963,0.18642055267702937,0.9847654104232788
0.9994202898550725,0.18609671848013817,0.98478102684021
0.9994196169471852,0.18588082901554404,0.9848207831382751
0.9994192799070848,0.18577288428324698,0.9848248362541199
0.9994051160023796,0.18134715025906736,0.9848392009735107
0.9994044073853484,0.18113126079447323,0.9848685264587402
0.9994033412887828,0.18080742659758203,0.9849831461906433
0.9994029850746269,0.18069948186528498,0.9850214123725891
0.9994026284348865,0.18059153713298792,0.9851130247116089
0.9993990384615384,0.17951208981001726,0.9851699471473694
0.9993986770895971,0.1794041450777202,0.9851745963096619
0.9993961352657005,0.17864853195164077,0.9851933121681213
0.9993946731234867,0.17821675302245252,0.985240638256073
0.9993943064809206,0.17810880829015543,0.9853518605232239
0.9993906154783668,0.1770293609671848,0.9854578971862793
0.9993853718500307,0.17551813471502592,0.9855087399482727
0.9993827160493827,0.17476252158894645,0.9855455756187439
0.9993788819875776,0.17368307426597582,0.9855475425720215
0.9993284083277367,0.16062176165803108,0.9856337904930115
0.9993201903467029,0.15867875647668395,0.9857558608055115
0.9993192648059904,0.1584628670120898,0.9858124256134033
0.9993188010899182,0.15835492227979275,0.9858129620552063
0.9993183367416496,0.15824697754749567,0.9858182072639465
0.9993169398907104,0.15792314335060448,0.9858915209770203
0.9992211838006231,0.138493091537133,0.9859018325805664
0.9992205767731879,0.13838514680483593,0.9859859943389893
1.0,0.13838514680483593,0.9860535264015198
1.0,0.12273316062176166,0.9863179922103882
1.0,0.1226252158894646,0.986330509185791
1.0,0.12251727115716753,0.9863401651382446
1.0,0.12240932642487047,0.9863857626914978
1.0,0.035837651122625214,0.9864882826805115
1.0,0.03572970639032815,0.986644446849823
1.0,0.02158894645941278,0.9867156147956848
1.0,0.021481001727115718,0.9869610071182251
1.0,0.021373056994818652,0.9871125817298889
1.0,0.0015112262521588947,0.9882253408432007
1.0,0.0014032815198618308,0.9885425567626953
1.0,0.0012953367875647669,0.9888743162155151
1.0,0.001187392055267703,0.9889544248580933
1.0,0.001079447322970639,0.9891118407249451
1.0,0.0009715025906735751,0.9896872639656067
1.0,0.0008635578583765112,0.991304874420166
1.0,0.0007556131260794474,0.9949674010276794
1.0,0.0005397236614853195,0.9955623149871826
1.0,0.0002158894645941278,0.9982050657272339
1.0,0.0001079447322970639,0.999222993850708
1.0,0.0,
